
SET SQL_MODE = "NO_AUTO_VALUE_ON_ZERO";
START TRANSACTION;
SET time_zone = "+00:00";



CREATE TABLE `assignment_submissions` (
  `id` int(11) NOT NULL,
  `upload_id` int(11) NOT NULL,
  `student_id` varchar(50) NOT NULL,
  `file_path` varchar(255) NOT NULL,
  `submitted_at` timestamp NOT NULL DEFAULT current_timestamp(),
  `updated_at` timestamp NOT NULL DEFAULT current_timestamp() ON UPDATE current_timestamp(),
  `status` enum('submitted','graded','late','missing') DEFAULT 'submitted',
  `grade` decimal(5,2) DEFAULT NULL,
  `feedback` text DEFAULT NULL,
  `graded_by` int(11) DEFAULT NULL,
  `graded_at` datetime DEFAULT NULL
) ENGINE=InnoDB DEFAULT CHARSET=utf8mb4 COLLATE=utf8mb4_general_ci;

--
-- Dumping data for table `assignment_submissions`
--

INSERT INTO `assignment_submissions` (`id`, `upload_id`, `student_id`, `file_path`, `submitted_at`, `updated_at`, `status`, `grade`, `feedback`, `graded_by`, `graded_at`) VALUES
(0, 17, 'STD018', '../uploads/assignments/submissions/submission_STD018_17_1765446776.pdf', '2025-12-11 09:52:56', '2025-12-11 11:05:40', 'graded', 60.00, '', 1, '2025-12-11 11:05:40'),
(0, 18, 'STD018', '../uploads/assignments/submissions/submission_STD018_18_1765451118.pdf', '2025-12-11 11:05:18', '2025-12-11 11:05:40', 'graded', 60.00, '', 1, '2025-12-11 11:05:40'),
(0, 18, 'STD232', '../uploads/assignments/submissions/submission_STD232_18_1765523491.pdf', '2025-12-12 07:11:31', '2025-12-12 07:11:31', 'submitted', NULL, NULL, NULL, NULL),
(0, 17, 'STD232', '../uploads/assignments/submissions/submission_STD232_17_1765524002.pdf', '2025-12-12 07:20:02', '2025-12-12 07:20:02', 'submitted', NULL, NULL, NULL, NULL);

-- --------------------------------------------------------

--
-- Table structure for table `attendance`
--

CREATE TABLE `attendance` (
  `id` int(11) NOT NULL,
  `student_id` varchar(50) DEFAULT NULL,
  `date` date NOT NULL,
  `batch_id` varchar(10) NOT NULL,
  `student_name` varchar(50) NOT NULL,
  `status` enum('Present','Absent') DEFAULT 'Present',
  `camera_status` enum('On','Off') DEFAULT 'Off',
  `remarks` text DEFAULT NULL
) ENGINE=InnoDB DEFAULT CHARSET=utf8mb4 COLLATE=utf8mb4_general_ci;

--
-- Dumping data for table `attendance`
--

INSERT INTO `attendance` (`id`, `student_id`, `date`, `batch_id`, `student_name`, `status`, `camera_status`, `remarks`) VALUES
(708, 'STD045', '2025-10-01', 'B008', 'Surajit Ghosh', 'Present', 'Off', ''),
(709, 'STD046', '2025-10-01', 'B008', 'Anurag Shrivastav', 'Present', 'Off', ''),
(710, 'STD048', '2025-10-01', 'B008', 'Ramandeep Singh', 'Absent', 'Off', ''),
(711, 'STD050', '2025-10-01', 'B010', 'Amit Kumar', 'Present', 'On', ''),
(712, 'STD051', '2025-10-01', 'B008', 'Adil Khan', 'Present', 'Off', ''),
(713, 'STD052', '2025-10-01', 'B008', 'Gunjan Tak', 'Present', 'Off', ''),
(714, 'STD053', '2025-10-01', 'B008', 'Kunal Jat', 'Absent', 'Off', ''),
(715, 'STD054', '2025-10-01', 'B008', 'Chetan Das', 'Absent', 'Off', ''),
(716, 'STD055', '2025-10-01', 'B008', 'Kalpit -', 'Absent', 'Off', ''),
(717, 'STD056', '2025-10-01', 'B008', 'Shaik abubakrsiddiq', 'Present', 'On', ''),
(718, 'STD057', '2025-10-01', 'B008', 'Lalit Dagur', 'Present', 'Off', ''),
(719, 'STD058', '2025-10-01', 'B008', 'Arambakam Nanda Kishore', 'Present', 'Off', ''),
(720, 'STD059', '2025-10-01', 'B008', 'Sharon Joshi', 'Absent', 'Off', ''),
(721, 'STD060', '2025-10-01', 'B008', 'Gitanshu -', 'Absent', 'Off', ''),
(722, 'STD061', '2025-10-01', 'B008', 'Atharv Bhandari', 'Present', 'On', ''),
(723, 'STD062', '2025-10-01', 'B008', 'Vishal Ashokan', 'Absent', 'Off', ''),
(724, 'STD063', '2025-10-01', 'B008', 'Deepak Jindal', 'Present', 'On', ''),
(725, 'STD086', '2025-10-01', 'B008', 'Mominul Hoque', 'Absent', 'Off', ''),
(726, 'STD088', '2025-10-01', 'B008', 'Nishant Sharma', 'Present', 'Off', ''),
(727, 'STD089', '2025-10-01', 'B008', 'Sanika More', 'Present', 'On', ''),
(728, 'STD090', '2025-10-01', 'B008', 'Prince Kalal', 'Present', 'On', ''),
(729, 'STD091', '2025-10-01', 'B008', 'Venkanta Srilakshmi', 'Absent', 'Off', ''),
(730, 'STD208', '2025-10-01', 'B008', 'Mubin Mujwar', 'Present', 'On', ''),
(731, 'STD045', '2025-10-02', 'B008', 'Surajit Ghosh', 'Present', 'On', ''),
(732, 'STD046', '2025-10-02', 'B008', 'Anurag Shrivastav', 'Absent', 'Off', ''),
(733, 'STD048', '2025-10-02', 'B008', 'Ramandeep Singh', 'Absent', 'Off', ''),
(734, 'STD050', '2025-10-02', 'B010', 'Amit Kumar', 'Absent', 'Off', ''),
(735, 'STD051', '2025-10-02', 'B008', 'Adil Khan', 'Present', 'On', ''),
(736, 'STD052', '2025-10-02', 'B008', 'Gunjan Tak', 'Present', 'On', ''),
(737, 'STD053', '2025-10-02', 'B008', 'Kunal Jat', 'Absent', 'Off', ''),
(738, 'STD054', '2025-10-02', 'B008', 'Chetan Das', 'Absent', 'Off', ''),
(739, 'STD055', '2025-10-02', 'B008', 'Kalpit -', 'Absent', 'Off', ''),
(740, 'STD056', '2025-10-02', 'B008', 'Shaik abubakrsiddiq', 'Present', 'On', ''),
(741, 'STD057', '2025-10-02', 'B008', 'Lalit Dagur', 'Present', 'On', ''),
(742, 'STD058', '2025-10-02', 'B008', 'Arambakam Nanda Kishore', 'Present', 'On', ''),
(743, 'STD059', '2025-10-02', 'B008', 'Sharon Joshi', 'Present', 'On', ''),
(744, 'STD060', '2025-10-02', 'B008', 'Gitanshu -', 'Absent', 'Off', ''),
(745, 'STD061', '2025-10-02', 'B008', 'Atharv Bhandari', 'Present', 'On', ''),
(746, 'STD062', '2025-10-02', 'B008', 'Vishal Ashokan', 'Absent', 'Off', ''),
(747, 'STD063', '2025-10-02', 'B008', 'Deepak Jindal', 'Present', 'On', ''),
(748, 'STD086', '2025-10-02', 'B008', 'Mominul Hoque', 'Absent', 'Off', ''),
(749, 'STD088', '2025-10-02', 'B008', 'Nishant Sharma', 'Present', 'On', ''),
(750, 'STD089', '2025-10-02', 'B008', 'Sanika More', 'Present', 'On', ''),
(751, 'STD090', '2025-10-02', 'B008', 'Prince Kalal', 'Present', 'On', ''),
(752, 'STD091', '2025-10-02', 'B008', 'Venkanta Srilakshmi', 'Absent', 'Off', ''),
(753, 'STD208', '2025-10-02', 'B008', 'Mubin Mujwar', 'Present', 'On', ''),
(754, 'STD045', '2025-10-03', 'B008', 'Surajit Ghosh', 'Present', 'On', ''),
(755, 'STD046', '2025-10-03', 'B008', 'Anurag Shrivastav', 'Absent', 'Off', ''),
(756, 'STD048', '2025-10-03', 'B008', 'Ramandeep Singh', 'Absent', 'Off', ''),
(757, 'STD050', '2025-10-03', 'B010', 'Amit Kumar', 'Absent', 'Off', ''),
(758, 'STD051', '2025-10-03', 'B008', 'Adil Khan', 'Present', 'On', ''),
(759, 'STD052', '2025-10-03', 'B008', 'Gunjan Tak', 'Absent', 'Off', ''),
(760, 'STD053', '2025-10-03', 'B008', 'Kunal Jat', 'Absent', 'Off', ''),
(761, 'STD054', '2025-10-03', 'B008', 'Chetan Das', 'Absent', 'Off', ''),
(762, 'STD055', '2025-10-03', 'B008', 'Kalpit -', 'Absent', 'Off', ''),
(763, 'STD056', '2025-10-03', 'B008', 'Shaik abubakrsiddiq', 'Present', 'On', ''),
(764, 'STD057', '2025-10-03', 'B008', 'Lalit Dagur', 'Present', 'On', ''),
(765, 'STD058', '2025-10-03', 'B008', 'Arambakam Nanda Kishore', 'Present', 'On', ''),
(766, 'STD059', '2025-10-03', 'B008', 'Sharon Joshi', 'Present', 'On', ''),
(767, 'STD060', '2025-10-03', 'B008', 'Gitanshu -', 'Absent', 'Off', ''),
(768, 'STD061', '2025-10-03', 'B008', 'Atharv Bhandari', 'Present', 'On', ''),
(769, 'STD062', '2025-10-03', 'B008', 'Vishal Ashokan', 'Absent', 'Off', ''),
(770, 'STD063', '2025-10-03', 'B008', 'Deepak Jindal', 'Present', 'On', ''),
(771, 'STD086', '2025-10-03', 'B008', 'Mominul Hoque', 'Absent', 'Off', ''),
(772, 'STD088', '2025-10-03', 'B008', 'Nishant Sharma', 'Present', 'On', ''),
(773, 'STD089', '2025-10-03', 'B008', 'Sanika More', 'Present', 'On', ''),
(774, 'STD090', '2025-10-03', 'B008', 'Prince Kalal', 'Present', 'On', ''),
(775, 'STD091', '2025-10-03', 'B008', 'Venkanta Srilakshmi', 'Absent', 'Off', ''),
(776, 'STD208', '2025-10-03', 'B008', 'Mubin Mujwar', 'Present', 'On', ''),
(777, 'STD045', '2025-10-06', 'B008', 'Surajit Ghosh', 'Present', 'On', ''),
(778, 'STD046', '2025-10-06', 'B008', 'Anurag Shrivastav', 'Present', 'On', ''),
(779, 'STD050', '2025-10-06', 'B010', 'Amit Kumar', 'Present', 'On', ''),
(780, 'STD051', '2025-10-06', 'B008', 'Adil Khan', 'Present', 'On', ''),
(781, 'STD052', '2025-10-06', 'B008', 'Gunjan Tak', 'Absent', 'Off', ''),
(782, 'STD056', '2025-10-06', 'B008', 'Shaik abubakrsiddiq', 'Present', 'On', ''),
(783, 'STD057', '2025-10-06', 'B008', 'Lalit Dagur', 'Present', 'On', ''),
(784, 'STD058', '2025-10-06', 'B008', 'Arambakam Nanda Kishore', 'Present', 'On', ''),
(785, 'STD059', '2025-10-06', 'B008', 'Sharon Joshi', 'Present', 'On', ''),
(786, 'STD060', '2025-10-06', 'B008', 'Gitanshu -', 'Absent', 'Off', ''),
(787, 'STD061', '2025-10-06', 'B008', 'Atharv Bhandari', 'Present', 'On', ''),
(788, 'STD062', '2025-10-06', 'B008', 'Vishal Ashokan', 'Absent', 'Off', ''),
(789, 'STD063', '2025-10-06', 'B008', 'Deepak Jindal', 'Present', 'On', ''),
(790, 'STD086', '2025-10-06', 'B008', 'Mominul Hoque', 'Absent', 'Off', ''),
(791, 'STD088', '2025-10-06', 'B008', 'Nishant Sharma', 'Present', 'On', ''),
(792, 'STD089', '2025-10-06', 'B008', 'Sanika More', 'Present', 'On', ''),
(793, 'STD090', '2025-10-06', 'B008', 'Prince Kalal', 'Absent', 'Off', ''),
(794, 'STD091', '2025-10-06', 'B008', 'Venkanta Srilakshmi', 'Absent', 'Off', ''),
(795, 'STD208', '2025-10-06', 'B008', 'Mubin Mujwar', 'Present', 'On', ''),
(796, 'STD045', '2025-10-07', 'B008', 'Surajit Ghosh', 'Present', 'On', ''),
(797, 'STD046', '2025-10-07', 'B008', 'Anurag Shrivastav', 'Absent', 'Off', ''),
(798, 'STD050', '2025-10-07', 'B010', 'Amit Kumar', 'Present', 'On', ''),
(799, 'STD051', '2025-10-07', 'B008', 'Adil Khan', 'Present', 'On', ''),
(800, 'STD052', '2025-10-07', 'B008', 'Gunjan Tak', 'Present', 'On', ''),
(801, 'STD056', '2025-10-07', 'B008', 'Shaik abubakrsiddiq', 'Present', 'On', ''),
(802, 'STD057', '2025-10-07', 'B008', 'Lalit Dagur', 'Present', 'On', ''),
(803, 'STD058', '2025-10-07', 'B008', 'Arambakam Nanda Kishore', 'Present', 'On', ''),
(804, 'STD059', '2025-10-07', 'B008', 'Sharon Joshi', 'Absent', 'Off', ''),
(805, 'STD060', '2025-10-07', 'B008', 'Gitanshu -', 'Absent', 'Off', ''),
(806, 'STD061', '2025-10-07', 'B008', 'Atharv Bhandari', 'Present', 'On', ''),
(807, 'STD062', '2025-10-07', 'B008', 'Vishal Ashokan', 'Absent', 'Off', ''),
(808, 'STD063', '2025-10-07', 'B008', 'Deepak Jindal', 'Present', 'On', ''),
(809, 'STD086', '2025-10-07', 'B008', 'Mominul Hoque', 'Absent', 'Off', ''),
(810, 'STD088', '2025-10-07', 'B008', 'Nishant Sharma', 'Present', 'On', ''),
(811, 'STD089', '2025-10-07', 'B008', 'Sanika More', 'Present', 'On', ''),
(812, 'STD090', '2025-10-07', 'B008', 'Prince Kalal', 'Present', 'On', ''),
(813, 'STD091', '2025-10-07', 'B008', 'Venkanta Srilakshmi', 'Absent', 'Off', ''),
(814, 'STD208', '2025-10-07', 'B008', 'Mubin Mujwar', 'Present', 'On', ''),
(815, 'STD045', '2025-10-08', 'B008', 'Surajit Ghosh', 'Present', 'On', ''),
(816, 'STD046', '2025-10-08', 'B008', 'Anurag Shrivastav', 'Absent', 'Off', ''),
(817, 'STD050', '2025-10-08', 'B010', 'Amit Kumar', 'Present', 'On', ''),
(818, 'STD051', '2025-10-08', 'B008', 'Adil Khan', 'Present', 'On', ''),
(819, 'STD052', '2025-10-08', 'B008', 'Gunjan Tak', 'Absent', 'Off', ''),
(820, 'STD056', '2025-10-08', 'B008', 'Shaik abubakrsiddiq', 'Present', 'On', ''),
(821, 'STD057', '2025-10-08', 'B008', 'Lalit Dagur', 'Absent', 'Off', ''),
(822, 'STD058', '2025-10-08', 'B008', 'Arambakam Nanda Kishore', 'Present', 'On', ''),
(823, 'STD059', '2025-10-08', 'B008', 'Sharon Joshi', 'Absent', 'Off', ''),
(824, 'STD060', '2025-10-08', 'B008', 'Gitanshu -', 'Absent', 'Off', ''),
(825, 'STD061', '2025-10-08', 'B008', 'Atharv Bhandari', 'Present', 'On', ''),
(826, 'STD062', '2025-10-08', 'B008', 'Vishal Ashokan', 'Absent', 'Off', ''),
(827, 'STD063', '2025-10-08', 'B008', 'Deepak Jindal', 'Present', 'On', ''),
(828, 'STD086', '2025-10-08', 'B008', 'Mominul Hoque', 'Present', 'On', ''),
(829, 'STD088', '2025-10-08', 'B008', 'Nishant Sharma', 'Present', 'On', ''),
(830, 'STD089', '2025-10-08', 'B008', 'Sanika More', 'Present', 'On', ''),
(831, 'STD090', '2025-10-08', 'B008', 'Prince Kalal', 'Absent', 'Off', ''),
(832, 'STD091', '2025-10-08', 'B008', 'Venkanta Srilakshmi', 'Absent', 'Off', ''),
(833, 'STD208', '2025-10-08', 'B008', 'Mubin Mujwar', 'Present', 'On', ''),
(834, 'STD045', '2025-10-09', 'B008', 'Surajit Ghosh', 'Present', 'On', ''),
(835, 'STD046', '2025-10-09', 'B008', 'Anurag Shrivastav', 'Present', 'On', ''),
(836, 'STD050', '2025-10-09', 'B010', 'Amit Kumar', 'Absent', 'Off', ''),
(837, 'STD051', '2025-10-09', 'B008', 'Adil Khan', 'Present', 'On', ''),
(838, 'STD052', '2025-10-09', 'B008', 'Gunjan Tak', 'Present', 'On', ''),
(839, 'STD056', '2025-10-09', 'B008', 'Shaik abubakrsiddiq', 'Present', 'On', ''),
(840, 'STD057', '2025-10-09', 'B008', 'Lalit Dagur', 'Present', 'On', ''),
(841, 'STD058', '2025-10-09', 'B008', 'Arambakam Nanda Kishore', 'Present', 'On', ''),
(842, 'STD059', '2025-10-09', 'B008', 'Sharon Joshi', 'Absent', 'Off', ''),
(843, 'STD060', '2025-10-09', 'B008', 'Gitanshu -', 'Absent', 'Off', ''),
(844, 'STD061', '2025-10-09', 'B008', 'Atharv Bhandari', 'Present', 'On', ''),
(845, 'STD062', '2025-10-09', 'B008', 'Vishal Ashokan', 'Absent', 'Off', ''),
(846, 'STD063', '2025-10-09', 'B008', 'Deepak Jindal', 'Present', 'On', ''),
(847, 'STD086', '2025-10-09', 'B008', 'Mominul Hoque', 'Present', 'On', ''),
(848, 'STD088', '2025-10-09', 'B008', 'Nishant Sharma', 'Present', 'On', ''),
(849, 'STD089', '2025-10-09', 'B008', 'Sanika More', 'Present', 'On', ''),
(850, 'STD090', '2025-10-09', 'B008', 'Prince Kalal', 'Present', 'On', ''),
(851, 'STD091', '2025-10-09', 'B008', 'Venkanta Srilakshmi', 'Absent', 'Off', ''),
(852, 'STD208', '2025-10-09', 'B008', 'Mubin Mujwar', 'Present', 'On', ''),
(853, 'STD045', '2025-10-10', 'B008', 'Surajit Ghosh', 'Present', 'On', ''),
(854, 'STD046', '2025-10-10', 'B008', 'Anurag Shrivastav', 'Present', 'On', ''),
(855, 'STD050', '2025-10-10', 'B010', 'Amit Kumar', 'Absent', 'Off', ''),
(856, 'STD051', '2025-10-10', 'B008', 'Adil Khan', 'Absent', 'Off', ''),
(857, 'STD052', '2025-10-10', 'B008', 'Gunjan Tak', 'Present', 'On', ''),
(858, 'STD056', '2025-10-10', 'B008', 'Shaik abubakrsiddiq', 'Present', 'On', ''),
(859, 'STD057', '2025-10-10', 'B008', 'Lalit Dagur', 'Present', 'On', ''),
(860, 'STD058', '2025-10-10', 'B008', 'Arambakam Nanda Kishore', 'Present', 'On', ''),
(861, 'STD059', '2025-10-10', 'B008', 'Sharon Joshi', 'Present', 'On', ''),
(862, 'STD060', '2025-10-10', 'B008', 'Gitanshu -', 'Absent', 'Off', ''),
(863, 'STD061', '2025-10-10', 'B008', 'Atharv Bhandari', 'Present', 'On', ''),
(864, 'STD062', '2025-10-10', 'B008', 'Vishal Ashokan', 'Absent', 'Off', ''),
(865, 'STD063', '2025-10-10', 'B008', 'Deepak Jindal', 'Present', 'On', ''),
(866, 'STD086', '2025-10-10', 'B008', 'Mominul Hoque', 'Present', 'On', ''),
(867, 'STD088', '2025-10-10', 'B008', 'Nishant Sharma', 'Present', 'On', ''),
(868, 'STD089', '2025-10-10', 'B008', 'Sanika More', 'Present', 'On', ''),
(869, 'STD090', '2025-10-10', 'B008', 'Prince Kalal', 'Absent', 'Off', ''),
(870, 'STD091', '2025-10-10', 'B008', 'Venkanta Srilakshmi', 'Absent', 'Off', ''),
(871, 'STD208', '2025-10-10', 'B008', 'Mubin Mujwar', 'Present', 'On', ''),
(872, 'STD045', '2025-10-13', 'B008', 'Surajit Ghosh', 'Present', 'On', ''),
(873, 'STD046', '2025-10-13', 'B008', 'Anurag Shrivastav', 'Present', 'On', ''),
(874, 'STD051', '2025-10-13', 'B008', 'Adil Khan', 'Absent', 'Off', ''),
(875, 'STD052', '2025-10-13', 'B008', 'Gunjan Tak', 'Present', 'On', ''),
(876, 'STD056', '2025-10-13', 'B008', 'Shaik abubakrsiddiq', 'Present', 'On', ''),
(877, 'STD057', '2025-10-13', 'B008', 'Lalit Dagur', 'Absent', 'Off', ''),
(878, 'STD058', '2025-10-13', 'B008', 'Arambakam Nanda Kishore', 'Present', 'On', ''),
(879, 'STD059', '2025-10-13', 'B008', 'Sharon Joshi', 'Absent', 'Off', ''),
(880, 'STD060', '2025-10-13', 'B008', 'Gitanshu -', 'Absent', 'Off', ''),
(881, 'STD061', '2025-10-13', 'B008', 'Atharv Bhandari', 'Absent', 'Off', ''),
(882, 'STD062', '2025-10-13', 'B008', 'Vishal Ashokan', 'Absent', 'Off', ''),
(883, 'STD063', '2025-10-13', 'B008', 'Deepak Jindal', 'Present', 'On', ''),
(884, 'STD086', '2025-10-13', 'B008', 'Mominul Hoque', 'Present', 'On', ''),
(885, 'STD088', '2025-10-13', 'B008', 'Nishant Sharma', 'Present', 'On', ''),
(886, 'STD089', '2025-10-13', 'B008', 'Sanika More', 'Present', 'On', ''),
(887, 'STD090', '2025-10-13', 'B008', 'Prince Kalal', 'Present', 'On', ''),
(888, 'STD091', '2025-10-13', 'B008', 'Venkanta Srilakshmi', 'Absent', 'Off', ''),
(889, 'STD208', '2025-10-13', 'B008', 'Mubin Mujwar', 'Present', 'On', ''),
(890, 'STD045', '2025-10-14', 'B008', 'Surajit Ghosh', 'Present', 'On', ''),
(891, 'STD046', '2025-10-14', 'B008', 'Anurag Shrivastav', 'Present', 'On', ''),
(892, 'STD051', '2025-10-14', 'B008', 'Adil Khan', 'Absent', 'Off', ''),
(893, 'STD052', '2025-10-14', 'B008', 'Gunjan Tak', 'Present', 'On', ''),
(894, 'STD056', '2025-10-14', 'B008', 'Shaik abubakrsiddiq', 'Present', 'On', ''),
(895, 'STD057', '2025-10-14', 'B008', 'Lalit Dagur', 'Absent', 'Off', ''),
(896, 'STD058', '2025-10-14', 'B008', 'Arambakam Nanda Kishore', 'Present', 'On', ''),
(897, 'STD059', '2025-10-14', 'B008', 'Sharon Joshi', 'Absent', 'Off', ''),
(898, 'STD060', '2025-10-14', 'B008', 'Gitanshu -', 'Absent', 'Off', ''),
(899, 'STD061', '2025-10-14', 'B008', 'Atharv Bhandari', 'Present', 'On', ''),
(900, 'STD062', '2025-10-14', 'B008', 'Vishal Ashokan', 'Absent', 'Off', ''),
(901, 'STD063', '2025-10-14', 'B008', 'Deepak Jindal', 'Present', 'On', ''),
(902, 'STD086', '2025-10-14', 'B008', 'Mominul Hoque', 'Present', 'On', ''),
(903, 'STD088', '2025-10-14', 'B008', 'Nishant Sharma', 'Present', 'On', ''),
(904, 'STD089', '2025-10-14', 'B008', 'Sanika More', 'Present', 'On', ''),
(905, 'STD090', '2025-10-14', 'B008', 'Prince Kalal', 'Present', 'On', ''),
(906, 'STD091', '2025-10-14', 'B008', 'Venkanta Srilakshmi', 'Absent', 'Off', ''),
(907, 'STD208', '2025-10-14', 'B008', 'Mubin Mujwar', 'Present', 'On', ''),
(908, 'STD019', '2025-10-07', 'B018', 'Bhavya Wade', 'Present', 'On', ''),
(909, 'STD020', '2025-10-07', 'B018', 'Kavya Wade', 'Present', 'On', ''),
(910, 'STD021', '2025-10-07', 'B018', 'Amar Singh', 'Present', 'On', ''),
(911, 'STD022', '2025-10-07', 'B018', 'Shardha Jadhav', 'Absent', 'Off', ''),
(912, 'STD023', '2025-10-07', 'B018', 'Ananad Mishra', 'Present', 'On', ''),
(913, 'STD024', '2025-10-07', 'B018', 'Anshu Kushwaha', 'Present', 'On', ''),
(914, 'STD025', '2025-10-07', 'B018', 'Chandan Kumar', 'Present', 'On', ''),
(915, 'STD026', '2025-10-07', 'B018', 'Melvin Babu', 'Present', 'On', ''),
(916, 'STD027', '2025-10-07', 'B018', 'Kanishk Bhardwaj', 'Present', 'On', ''),
(917, 'STD028', '2025-10-07', 'B018', 'Sidharth Bhanot', 'Absent', 'Off', ''),
(918, 'STD029', '2025-10-07', 'B018', 'Harvinder Singh', 'Present', 'On', ''),
(919, 'STD030', '2025-10-07', 'B018', 'Abhishek Sah', 'Present', 'On', ''),
(920, 'STD031', '2025-10-07', 'B018', 'Rahul Vinod Devkar', 'Absent', 'Off', ''),
(921, 'STD032', '2025-10-07', 'B018', 'Vishal Kumar', 'Absent', 'Off', ''),
(922, 'STD033', '2025-10-07', 'B018', 'Aman Singh', 'Absent', 'Off', ''),
(923, 'STD034', '2025-10-07', 'B018', 'Sangam Kumar Patel', 'Absent', 'Off', ''),
(924, 'STD035', '2025-10-07', 'B018', 'Guru Prasad Yadav', 'Present', 'On', ''),
(925, 'STD036', '2025-10-07', 'B018', 'Sawyam Dhar', 'Present', 'On', ''),
(926, 'STD037', '2025-10-07', 'B011', 'Harshul Dev Prajapati', 'Absent', 'Off', ''),
(927, 'STD038', '2025-10-07', 'B018', 'Ajay Kumar', 'Present', 'On', ''),
(928, 'STD039', '2025-10-07', 'B018', 'Parth Miruiya', 'Absent', 'Off', ''),
(929, 'STD040', '2025-10-07', 'B018', 'Rahul Lad', 'Present', 'On', ''),
(930, 'STD041', '2025-10-07', 'B018', 'Takshil Patel', 'Present', 'On', ''),
(931, 'STD042', '2025-10-07', 'B018', 'Prem Tejash Patil', 'Present', 'On', ''),
(932, 'STD043', '2025-10-07', 'B018', 'Suraj Kumar', 'Present', 'On', ''),
(933, 'STD044', '2025-10-07', 'B018', 'Aditya Pratap Singh', 'Present', 'On', ''),
(934, 'STD019', '2025-10-08', 'B018', 'Bhavya Wade', 'Present', 'On', ''),
(935, 'STD020', '2025-10-08', 'B018', 'Kavya Wade', 'Present', 'On', ''),
(936, 'STD021', '2025-10-08', 'B018', 'Amar Singh', 'Present', 'On', ''),
(937, 'STD022', '2025-10-08', 'B018', 'Shardha Jadhav', 'Present', 'On', ''),
(938, 'STD023', '2025-10-08', 'B018', 'Ananad Mishra', 'Present', 'On', ''),
(939, 'STD024', '2025-10-08', 'B018', 'Anshu Kushwaha', 'Present', 'On', ''),
(940, 'STD025', '2025-10-08', 'B018', 'Chandan Kumar', 'Present', 'On', ''),
(941, 'STD026', '2025-10-08', 'B018', 'Melvin Babu', 'Present', 'On', ''),
(942, 'STD027', '2025-10-08', 'B018', 'Kanishk Bhardwaj', 'Present', 'On', ''),
(943, 'STD029', '2025-10-08', 'B018', 'Harvinder Singh', 'Present', 'On', ''),
(944, 'STD030', '2025-10-08', 'B018', 'Abhishek Sah', 'Absent', 'Off', ''),
(945, 'STD031', '2025-10-08', 'B018', 'Rahul Vinod Devkar', 'Present', 'On', ''),
(946, 'STD033', '2025-10-08', 'B018', 'Aman Singh', 'Present', 'On', ''),
(947, 'STD035', '2025-10-08', 'B018', 'Guru Prasad Yadav', 'Present', 'On', ''),
(948, 'STD036', '2025-10-08', 'B018', 'Sawyam Dhar', 'Absent', 'Off', ''),
(949, 'STD038', '2025-10-08', 'B018', 'Ajay Kumar', 'Absent', 'Off', ''),
(950, 'STD040', '2025-10-08', 'B018', 'Rahul Lad', 'Present', 'On', ''),
(951, 'STD041', '2025-10-08', 'B018', 'Takshil Patel', 'Present', 'On', ''),
(952, 'STD042', '2025-10-08', 'B018', 'Prem Tejash Patil', 'Present', 'On', ''),
(953, 'STD043', '2025-10-08', 'B018', 'Suraj Kumar', 'Present', 'On', ''),
(954, 'STD044', '2025-10-08', 'B018', 'Aditya Pratap Singh', 'Present', 'On', ''),
(955, 'STD019', '2025-10-09', 'B018', 'Bhavya Wade', 'Present', 'On', ''),
(956, 'STD020', '2025-10-09', 'B018', 'Kavya Wade', 'Present', 'On', ''),
(957, 'STD021', '2025-10-09', 'B018', 'Amar Singh', 'Present', 'On', ''),
(958, 'STD022', '2025-10-09', 'B018', 'Shardha Jadhav', 'Present', 'On', ''),
(959, 'STD023', '2025-10-09', 'B018', 'Ananad Mishra', 'Present', 'On', ''),
(960, 'STD024', '2025-10-09', 'B018', 'Anshu Kushwaha', 'Absent', 'Off', ''),
(961, 'STD025', '2025-10-09', 'B018', 'Chandan Kumar', 'Present', 'On', ''),
(962, 'STD026', '2025-10-09', 'B018', 'Melvin Babu', 'Present', 'On', ''),
(963, 'STD027', '2025-10-09', 'B018', 'Kanishk Bhardwaj', 'Present', 'On', ''),
(964, 'STD029', '2025-10-09', 'B018', 'Harvinder Singh', 'Present', 'On', ''),
(965, 'STD030', '2025-10-09', 'B018', 'Abhishek Sah', 'Present', 'On', ''),
(966, 'STD031', '2025-10-09', 'B018', 'Rahul Vinod Devkar', 'Absent', 'Off', ''),
(967, 'STD033', '2025-10-09', 'B018', 'Aman Singh', 'Present', 'On', ''),
(968, 'STD035', '2025-10-09', 'B018', 'Guru Prasad Yadav', 'Absent', 'Off', ''),
(969, 'STD036', '2025-10-09', 'B018', 'Sawyam Dhar', 'Present', 'On', ''),
(970, 'STD038', '2025-10-09', 'B018', 'Ajay Kumar', 'Absent', 'Off', ''),
(971, 'STD040', '2025-10-09', 'B018', 'Rahul Lad', 'Present', 'On', ''),
(972, 'STD041', '2025-10-09', 'B018', 'Takshil Patel', 'Absent', 'Off', ''),
(973, 'STD042', '2025-10-09', 'B018', 'Prem Tejash Patil', 'Present', 'On', ''),
(974, 'STD043', '2025-10-09', 'B018', 'Suraj Kumar', 'Present', 'On', ''),
(975, 'STD044', '2025-10-09', 'B018', 'Aditya Pratap Singh', 'Present', 'On', ''),
(997, 'STD019', '2025-10-13', 'B018', 'Bhavya Wade', 'Present', 'On', ''),
(998, 'STD020', '2025-10-13', 'B018', 'Kavya Wade', 'Present', 'On', ''),
(999, 'STD021', '2025-10-13', 'B018', 'Amar Singh', 'Present', 'On', ''),
(1000, 'STD022', '2025-10-13', 'B018', 'Shardha Jadhav', 'Absent', 'Off', ''),
(1001, 'STD023', '2025-10-13', 'B018', 'Ananad Mishra', 'Present', 'On', ''),
(1002, 'STD024', '2025-10-13', 'B018', 'Anshu Kushwaha', 'Present', 'On', ''),
(1003, 'STD025', '2025-10-13', 'B018', 'Chandan Kumar', 'Present', 'On', ''),
(1004, 'STD026', '2025-10-13', 'B018', 'Melvin Babu', 'Present', 'On', ''),
(1005, 'STD027', '2025-10-13', 'B018', 'Kanishk Bhardwaj', 'Absent', 'Off', ''),
(1006, 'STD029', '2025-10-13', 'B018', 'Harvinder Singh', 'Present', 'On', ''),
(1007, 'STD030', '2025-10-13', 'B018', 'Abhishek Sah', 'Present', 'On', ''),
(1008, 'STD031', '2025-10-13', 'B018', 'Rahul Vinod Devkar', 'Absent', 'Off', ''),
(1009, 'STD033', '2025-10-13', 'B018', 'Aman Singh', 'Present', 'On', ''),
(1010, 'STD035', '2025-10-13', 'B018', 'Guru Prasad Yadav', 'Present', 'On', ''),
(1011, 'STD036', '2025-10-13', 'B018', 'Sawyam Dhar', 'Present', 'On', ''),
(1012, 'STD038', '2025-10-13', 'B018', 'Ajay Kumar', 'Present', 'On', ''),
(1013, 'STD040', '2025-10-13', 'B018', 'Rahul Lad', 'Present', 'On', ''),
(1014, 'STD041', '2025-10-13', 'B018', 'Takshil Patel', 'Present', 'On', ''),
(1015, 'STD042', '2025-10-13', 'B018', 'Prem Tejash Patil', 'Present', 'On', ''),
(1016, 'STD043', '2025-10-13', 'B018', 'Suraj Kumar', 'Present', 'On', ''),
(1017, 'STD044', '2025-10-13', 'B018', 'Aditya Pratap Singh', 'Present', 'On', ''),
(1018, 'STD019', '2025-10-14', 'B018', 'Bhavya Wade', 'Present', 'On', ''),
(1019, 'STD020', '2025-10-14', 'B018', 'Kavya Wade', 'Present', 'On', ''),
(1020, 'STD021', '2025-10-14', 'B018', 'Amar Singh', 'Present', 'On', ''),
(1021, 'STD022', '2025-10-14', 'B018', 'Shardha Jadhav', 'Absent', 'Off', ''),
(1022, 'STD023', '2025-10-14', 'B018', 'Ananad Mishra', 'Absent', 'Off', ''),
(1023, 'STD024', '2025-10-14', 'B018', 'Anshu Kushwaha', 'Present', 'On', ''),
(1024, 'STD025', '2025-10-14', 'B018', 'Chandan Kumar', 'Present', 'On', ''),
(1025, 'STD026', '2025-10-14', 'B018', 'Melvin Babu', 'Present', 'On', ''),
(1026, 'STD027', '2025-10-14', 'B018', 'Kanishk Bhardwaj', 'Present', 'On', ''),
(1027, 'STD029', '2025-10-14', 'B018', 'Harvinder Singh', 'Present', 'On', ''),
(1028, 'STD030', '2025-10-14', 'B018', 'Abhishek Sah', 'Present', 'On', ''),
(1029, 'STD031', '2025-10-14', 'B018', 'Rahul Vinod Devkar', 'Absent', 'Off', ''),
(1030, 'STD033', '2025-10-14', 'B018', 'Aman Singh', 'Absent', 'Off', ''),
(1031, 'STD035', '2025-10-14', 'B018', 'Guru Prasad Yadav', 'Present', 'On', ''),
(1032, 'STD036', '2025-10-14', 'B018', 'Sawyam Dhar', 'Absent', 'Off', ''),
(1033, 'STD038', '2025-10-14', 'B018', 'Ajay Kumar', 'Present', 'On', ''),
(1034, 'STD040', '2025-10-14', 'B018', 'Rahul Lad', 'Present', 'On', ''),
(1035, 'STD041', '2025-10-14', 'B018', 'Takshil Patel', 'Present', 'On', ''),
(1036, 'STD042', '2025-10-14', 'B018', 'Prem Tejash Patil', 'Present', 'On', ''),
(1037, 'STD043', '2025-10-14', 'B018', 'Suraj Kumar', 'Present', 'On', ''),
(1038, 'STD044', '2025-10-14', 'B018', 'Aditya Pratap Singh', 'Present', 'On', ''),
(1039, 'STD064', '2025-10-15', 'B009', 'Swaraj Patil', 'Absent', 'Off', ''),
(1040, 'STD065', '2025-10-15', 'B009', 'Arjun Panchal', 'Absent', 'Off', ''),
(1041, 'STD066', '2025-10-15', 'B009', 'Jatin Yadav', 'Present', 'On', ''),
(1042, 'STD067', '2025-10-15', 'B009', 'Jijith kakkarakkal', 'Absent', 'Off', ''),
(1043, 'STD068', '2025-10-15', 'B009', 'Mohammed Raza Bhojani', 'Present', 'On', ''),
(1044, 'STD069', '2025-10-15', 'B009', 'Umashankar Gurjar', 'Present', 'On', ''),
(1045, 'STD070', '2025-10-15', 'B009', 'Abhishek kumar', 'Present', 'On', ''),
(1046, 'STD071', '2025-10-15', 'B009', 'Shrikant uikey', 'Absent', 'Off', ''),
(1047, 'STD072', '2025-10-15', 'B009', 'Dayawanti Saini', 'Present', 'On', ''),
(1048, 'STD073', '2025-10-15', 'B009', 'Bhagwan mahale', 'Absent', 'Off', ''),
(1049, 'STD074', '2025-10-15', 'B009', 'Rithik Amarnani', 'Present', 'On', ''),
(1050, 'STD075', '2025-10-15', 'B009', 'Divyansh Singh', 'Absent', 'Off', ''),
(1051, 'STD076', '2025-10-15', 'B009', 'Taufiuq Shaikh', 'Absent', 'Off', ''),
(1052, 'STD077', '2025-10-15', 'B009', 'Vaibhav -', 'Present', 'On', ''),
(1053, 'STD078', '2025-10-15', 'B009', 'Galu -', 'Present', 'On', ''),
(1054, 'STD079', '2025-10-15', 'B009', 'Chahatdeep Singh', 'Present', 'On', ''),
(1055, 'STD080', '2025-10-15', 'B009', 'Govind Singh', 'Present', 'On', ''),
(1056, 'STD081', '2025-10-15', 'B009', 'Harsh Dua', 'Absent', 'Off', ''),
(1057, 'STD082', '2025-10-15', 'B009', 'Arun Gupta', 'Present', 'On', ''),
(1058, 'STD083', '2025-10-15', 'B009', 'Sohan Prasad Yadav', 'Present', 'On', ''),
(1059, 'STD084', '2025-10-15', 'B009', 'Kushal Saha', 'Absent', 'Off', ''),
(1060, 'STD085', '2025-10-15', 'B009', 'Biswa Ranjan Jit', 'Present', 'On', ''),
(1061, 'STD199', '2025-10-15', 'B014', 'Pradeep Sharma', 'Present', 'On', ''),
(1062, 'STD200', '2025-10-15', 'B014', 'Shyam Sunder Jangid', 'Present', 'On', ''),
(1063, 'STD201', '2025-10-15', 'B028', 'Harsh  Raj', 'Present', 'On', ''),
(1064, 'STD202', '2025-10-15', 'B014', 'Om Shukla', 'Present', 'On', ''),
(1065, 'STD203', '2025-10-15', 'B014', 'Nitin Bhabhor', 'Present', 'On', ''),
(1066, 'STD204', '2025-10-15', 'B014', 'Ayush Jha', 'Present', 'On', ''),
(1067, 'STD205', '2025-10-15', 'B014', 'Sudip Mundal', 'Present', 'On', ''),
(1068, 'STD206', '2025-10-15', 'B014', 'Mohd  AijazuddinObaid', 'Present', 'On', ''),
(1069, 'STD207', '2025-10-15', 'B014', 'Rakesh  Mewada', 'Present', 'On', ''),
(1070, 'STD209', '2025-10-15', 'B014', 'Priyanshu Sharma', 'Absent', 'Off', ''),
(1071, 'STD210', '2025-10-15', 'B014', 'ABU TALAH M BAGWAN', 'Present', 'On', ''),
(1072, 'STD045', '2025-10-15', 'B008', 'Surajit Ghosh', 'Present', 'On', ''),
(1073, 'STD046', '2025-10-15', 'B008', 'Anurag Shrivastav', 'Present', 'On', ''),
(1074, 'STD051', '2025-10-15', 'B008', 'Adil Khan', 'Absent', 'Off', ''),
(1075, 'STD052', '2025-10-15', 'B008', 'Gunjan Tak', 'Present', 'On', ''),
(1076, 'STD056', '2025-10-15', 'B008', 'Shaik abubakrsiddiq', 'Present', 'On', ''),
(1077, 'STD057', '2025-10-15', 'B008', 'Lalit Dagur', 'Present', 'On', ''),
(1078, 'STD058', '2025-10-15', 'B008', 'Arambakam Nanda Kishore', 'Present', 'On', ''),
(1079, 'STD059', '2025-10-15', 'B008', 'Sharon Joshi', 'Absent', 'Off', ''),
(1080, 'STD060', '2025-10-15', 'B008', 'Gitanshu -', 'Absent', 'Off', ''),
(1081, 'STD061', '2025-10-15', 'B008', 'Atharv Bhandari', 'Present', 'On', ''),
(1082, 'STD062', '2025-10-15', 'B008', 'Vishal Ashokan', 'Absent', 'Off', ''),
(1083, 'STD063', '2025-10-15', 'B008', 'Deepak Jindal', 'Present', 'On', ''),
(1084, 'STD086', '2025-10-15', 'B008', 'Mominul Hoque', 'Present', 'On', ''),
(1085, 'STD088', '2025-10-15', 'B008', 'Nishant Sharma', 'Present', 'On', ''),
(1086, 'STD089', '2025-10-15', 'B008', 'Sanika More', 'Present', 'On', ''),
(1087, 'STD090', '2025-10-15', 'B008', 'Prince Kalal', 'Absent', 'Off', ''),
(1088, 'STD091', '2025-10-15', 'B008', 'Venkanta Srilakshmi', 'Absent', 'Off', ''),
(1089, 'STD208', '2025-10-15', 'B008', 'Mubin Mujwar', 'Present', 'On', ''),
(1090, 'STD049', '2025-10-15', 'B007', 'Yash Kolhe', 'Present', 'On', ''),
(1091, 'STD126', '2025-10-15', 'B007', 'Sharad Jadhav', 'Absent', 'Off', ''),
(1092, 'STD127', '2025-10-15', 'B016', 'Vishal Kumar', 'Present', 'On', ''),
(1093, 'STD128', '2025-10-15', 'B007', 'Ayub -', 'Absent', 'Off', ''),
(1094, 'STD129', '2025-10-15', 'B007', 'Shantu Kharadi', 'Absent', 'Off', ''),
(1095, 'STD130', '2025-10-15', 'B016', 'Krishna Sahu', 'Present', 'On', ''),
(1096, 'STD131', '2025-10-15', 'B007', 'Shivraj Patil', 'Present', 'On', ''),
(1097, 'STD132', '2025-10-15', 'B007', 'Prabhat Priyadarshi', 'Present', 'On', ''),
(1098, 'STD133', '2025-10-15', 'B007', 'Shubham Kumar', 'Absent', 'Off', ''),
(1099, 'STD134', '2025-10-15', 'B016', 'Pawan Tanwar', 'Present', 'On', ''),
(1100, 'STD135', '2025-10-15', 'B016', 'Sanjeev Kumar Yadav', 'Present', 'On', ''),
(1101, 'STD136', '2025-10-15', 'B007', 'Ritika Bisht', 'Absent', 'Off', ''),
(1102, 'STD137', '2025-10-15', 'B007', 'Shiva Tiwari', 'Present', 'On', ''),
(1103, 'STD138', '2025-10-15', 'B007', 'Rahul Bisoyi', 'Absent', 'Off', ''),
(1104, 'STD019', '2025-10-15', 'B018', 'Bhavya Wade', 'Present', 'On', ''),
(1105, 'STD020', '2025-10-15', 'B018', 'Kavya Wade', 'Present', 'On', ''),
(1106, 'STD021', '2025-10-15', 'B018', 'Amar Singh', 'Present', 'On', ''),
(1107, 'STD022', '2025-10-15', 'B018', 'Shardha Jadhav', 'Absent', 'Off', ''),
(1108, 'STD023', '2025-10-15', 'B018', 'Ananad Mishra', 'Present', 'On', ''),
(1109, 'STD024', '2025-10-15', 'B018', 'Anshu Kushwaha', 'Present', 'On', ''),
(1110, 'STD025', '2025-10-15', 'B018', 'Chandan Kumar', 'Present', 'On', ''),
(1111, 'STD026', '2025-10-15', 'B018', 'Melvin Babu', 'Present', 'On', ''),
(1112, 'STD027', '2025-10-15', 'B018', 'Kanishk Bhardwaj', 'Present', 'On', ''),
(1113, 'STD029', '2025-10-15', 'B018', 'Harvinder Singh', 'Present', 'On', ''),
(1114, 'STD030', '2025-10-15', 'B018', 'Abhishek Sah', 'Present', 'On', ''),
(1115, 'STD031', '2025-10-15', 'B018', 'Rahul Vinod Devkar', 'Absent', 'Off', ''),
(1116, 'STD033', '2025-10-15', 'B018', 'Aman Singh', 'Present', 'On', ''),
(1117, 'STD035', '2025-10-15', 'B018', 'Guru Prasad Yadav', 'Present', 'On', ''),
(1118, 'STD036', '2025-10-15', 'B018', 'Sawyam Dhar', 'Absent', 'Off', ''),
(1119, 'STD038', '2025-10-15', 'B018', 'Ajay Kumar', 'Present', 'On', ''),
(1120, 'STD040', '2025-10-15', 'B018', 'Rahul Lad', 'Present', 'On', ''),
(1121, 'STD041', '2025-10-15', 'B018', 'Takshil Patel', 'Absent', 'Off', ''),
(1122, 'STD042', '2025-10-15', 'B018', 'Prem Tejash Patil', 'Absent', 'Off', ''),
(1123, 'STD043', '2025-10-15', 'B018', 'Suraj Kumar', 'Present', 'On', ''),
(1124, 'STD044', '2025-10-15', 'B018', 'Aditya Pratap Singh', 'Present', 'On', ''),
(1125, 'STD139', '2025-10-15', 'B016', 'Ruchika -', 'Present', 'On', ''),
(1126, 'STD140', '2025-10-15', 'B016', 'Mahesh Kumar Dayal', 'Absent', 'Off', ''),
(1127, 'STD141', '2025-10-15', 'B005', 'Tapas Ranjan Patel', 'Absent', 'Off', ''),
(1128, 'STD142', '2025-10-15', 'B016', 'Harushikesh Nehete', 'Present', 'On', ''),
(1129, 'STD143', '2025-10-15', 'B016', 'Praveen Kumar Kashyap', 'Present', 'On', ''),
(1130, 'STD144', '2025-10-15', 'B016', 'Sandeep Kumar', 'Present', 'On', ''),
(1131, 'STD145', '2025-10-15', 'B016', 'Abhishek Mahato', 'Absent', 'Off', ''),
(1132, 'STD146', '2025-10-15', 'B016', 'Uttam Nishad', 'Present', 'On', ''),
(1133, 'STD147', '2025-10-15', 'B005', 'Mohsin Akhter', 'Absent', 'Off', ''),
(1134, 'STD148', '2025-10-15', 'B005', 'Mithun Rathod', 'Absent', 'Off', ''),
(1135, 'STD149', '2025-10-15', 'B016', 'Pankaj Kewat', 'Present', 'On', ''),
(1136, 'STD150', '2025-10-15', 'B016', 'Ayush Sahu', 'Present', 'On', ''),
(1137, 'STD151', '2025-10-15', 'B016', 'Ashish Kumar', 'Present', 'On', ''),
(1138, 'STD152', '2025-10-15', 'B016', 'Lakshay Parashar', 'Absent', 'Off', ''),
(1139, 'STD153', '2025-10-15', 'B016', 'Ronit Hazra', 'Present', 'On', ''),
(1140, 'STD154', '2025-10-15', 'B016', 'Prachi Dahiya', 'Present', 'On', ''),
(1141, 'STD155', '2025-10-15', 'B016', 'Harshit Rathore', 'Absent', 'Off', ''),
(1142, 'STD156', '2025-10-15', 'B005', 'Mohit Khundia', 'Absent', 'Off', ''),
(1143, 'STD195', '2025-10-15', 'B005', 'Yash Raj Kumar', 'Absent', 'Off', ''),
(1144, 'STD196', '2025-10-15', 'B005', 'Shubham -', 'Absent', 'Off', ''),
(1145, 'STD197', '2025-10-15', 'B016', 'Muhammed Feroz', 'Present', 'On', ''),
(1146, 'STD198', '2025-10-15', 'B016', 'Jasmail  Online', 'Present', 'On', ''),
(1147, 'STD211', '2025-10-15', 'B016', 'Aarti Patil', 'Present', 'On', ''),
(1148, 'STD213', '2025-10-15', 'B016', 'Vivek Pal', 'Present', 'On', ''),
(1165, 'STD160', '2025-10-01', 'B002', 'Kuldeep Pal', 'Present', 'On', ''),
(1166, 'STD161', '2025-10-01', 'B002', 'Naman Verma', 'Present', 'On', ''),
(1167, 'STD162', '2025-10-01', 'B002', 'Riya Mathur', 'Present', 'On', ''),
(1168, 'STD163', '2025-10-01', 'B002', 'Bhawani Puri', 'Absent', 'Off', ''),
(1169, 'STD164', '2025-10-01', 'B002', 'Aditya Rawat', 'Present', 'On', ''),
(1170, 'STD165', '2025-10-01', 'B002', 'Suraj Pohanker', 'Present', 'On', ''),
(1171, 'STD166', '2025-10-01', 'B002', 'Ayur Hasnda', 'Present', 'On', ''),
(1172, 'STD167', '2025-10-01', 'B002', 'Abhishek Gupta', 'Present', 'On', ''),
(1173, 'STD169', '2025-10-01', 'B002', 'Sabir Shaikh', 'Absent', 'Off', ''),
(1174, 'STD170', '2025-10-01', 'B008', 'Rudraksh Kedar', 'Absent', 'Off', ''),
(1175, 'STD171', '2025-10-01', 'B002', 'Sudarshan Devidas Patole', 'Present', 'On', ''),
(1176, 'STD172', '2025-10-01', 'B002', 'Avinash Kumar Ojha', 'Absent', 'Off', ''),
(1177, 'STD173', '2025-10-01', 'B002', 'Ajay Thakur', 'Absent', 'Off', ''),
(1178, 'STD174', '2025-10-01', 'B002', 'Aditya Ghughe', 'Absent', 'Off', ''),
(1179, 'STD175', '2025-10-01', 'B016', 'Saiyed Mohammed Sahil', 'Absent', 'Off', ''),
(1180, 'STD176', '2025-10-01', 'B018', 'Gulshan Kumar', 'Absent', 'Off', ''),
(1181, 'STD177', '2025-10-01', 'B002', 'Rajat -', 'Absent', 'Off', ''),
(1182, 'STD178', '2025-10-01', 'B002', 'Chandan Raj', 'Absent', 'Off', ''),
(1183, 'STD179', '2025-10-01', 'B002', 'Yogesh Yogi', 'Absent', 'Off', ''),
(1184, 'STD180', '2025-10-01', 'B002', 'Mo. Shoaib', 'Absent', 'Off', ''),
(1185, 'STD181', '2025-10-01', 'B002', 'Manvir -', 'Absent', 'Off', ''),
(1186, 'STD182', '2025-10-01', 'B002', 'Raghav Mishra', 'Absent', 'Off', ''),
(1187, 'STD183', '2025-10-01', 'B002', 'Abhinav Mohan Navale', 'Present', 'On', ''),
(1188, 'STD184', '2025-10-01', 'B002', 'Mohit Nakade', 'Present', 'On', ''),
(1189, 'STD185', '2025-10-01', 'B008', 'Nilesh Jain', 'Present', 'On', ''),
(1190, 'STD186', '2025-10-01', 'B002', 'Munesh Chahar', 'Present', 'On', ''),
(1191, 'STD187', '2025-10-01', 'B002', 'Vaibhav Khare', 'Present', 'On', ''),
(1192, 'STD190', '2025-10-01', 'B002', 'Deepu Meena', 'Absent', 'Off', ''),
(1193, 'STD192', '2025-10-01', 'B016', 'Sahil -', 'Absent', 'Off', ''),
(1194, 'STD193', '2025-10-01', 'B002', 'Ubaid Ur Rehman', 'Absent', 'Off', ''),
(1195, 'STD194', '2025-10-01', 'B002', 'Piyush Kumar', 'Present', 'On', ''),
(1196, 'STD160', '2025-10-06', 'B002', 'Kuldeep Pal', 'Present', 'On', ''),
(1197, 'STD161', '2025-10-06', 'B002', 'Naman Verma', 'Present', 'On', ''),
(1198, 'STD162', '2025-10-06', 'B002', 'Riya Mathur', 'Present', 'On', ''),
(1199, 'STD163', '2025-10-06', 'B002', 'Bhawani Puri', 'Absent', 'Off', ''),
(1200, 'STD164', '2025-10-06', 'B002', 'Aditya Rawat', 'Present', 'On', ''),
(1201, 'STD165', '2025-10-06', 'B002', 'Suraj Pohanker', 'Absent', 'Off', ''),
(1202, 'STD166', '2025-10-06', 'B002', 'Ayur Hasnda', 'Present', 'On', ''),
(1203, 'STD167', '2025-10-06', 'B002', 'Abhishek Gupta', 'Absent', 'Off', ''),
(1204, 'STD169', '2025-10-06', 'B002', 'Sabir Shaikh', 'Absent', 'Off', ''),
(1205, 'STD170', '2025-10-06', 'B008', 'Rudraksh Kedar', 'Present', 'On', ''),
(1206, 'STD171', '2025-10-06', 'B002', 'Sudarshan Devidas Patole', 'Present', 'On', ''),
(1207, 'STD172', '2025-10-06', 'B002', 'Avinash Kumar Ojha', 'Absent', 'Off', ''),
(1208, 'STD173', '2025-10-06', 'B002', 'Ajay Thakur', 'Absent', 'Off', ''),
(1209, 'STD174', '2025-10-06', 'B002', 'Aditya Ghughe', 'Absent', 'Off', ''),
(1210, 'STD175', '2025-10-06', 'B016', 'Saiyed Mohammed Sahil', 'Absent', 'Off', ''),
(1211, 'STD176', '2025-10-06', 'B018', 'Gulshan Kumar', 'Absent', 'Off', ''),
(1212, 'STD177', '2025-10-06', 'B002', 'Rajat -', 'Absent', 'Off', ''),
(1213, 'STD178', '2025-10-06', 'B002', 'Chandan Raj', 'Absent', 'Off', ''),
(1214, 'STD179', '2025-10-06', 'B002', 'Yogesh Yogi', 'Absent', 'Off', ''),
(1215, 'STD180', '2025-10-06', 'B002', 'Mo. Shoaib', 'Absent', 'Off', ''),
(1216, 'STD181', '2025-10-06', 'B002', 'Manvir -', 'Absent', 'Off', ''),
(1217, 'STD182', '2025-10-06', 'B002', 'Raghav Mishra', 'Absent', 'Off', ''),
(1218, 'STD183', '2025-10-06', 'B002', 'Abhinav Mohan Navale', 'Present', 'On', ''),
(1219, 'STD184', '2025-10-06', 'B002', 'Mohit Nakade', 'Present', 'On', ''),
(1220, 'STD185', '2025-10-06', 'B008', 'Nilesh Jain', 'Present', 'On', ''),
(1221, 'STD186', '2025-10-06', 'B002', 'Munesh Chahar', 'Present', 'On', ''),
(1222, 'STD187', '2025-10-06', 'B002', 'Vaibhav Khare', 'Present', 'On', ''),
(1223, 'STD190', '2025-10-06', 'B002', 'Deepu Meena', 'Absent', 'Off', ''),
(1224, 'STD192', '2025-10-06', 'B016', 'Sahil -', 'Absent', 'Off', ''),
(1225, 'STD193', '2025-10-06', 'B002', 'Ubaid Ur Rehman', 'Present', 'On', ''),
(1226, 'STD194', '2025-10-06', 'B002', 'Piyush Kumar', 'Absent', 'Off', ''),
(1258, 'STD064', '2025-10-16', 'B009', 'Swaraj Patil', 'Absent', 'Off', ''),
(1259, 'STD065', '2025-10-16', 'B009', 'Arjun Panchal', 'Present', 'On', ''),
(1260, 'STD066', '2025-10-16', 'B009', 'Jatin Yadav', 'Absent', 'Off', ''),
(1261, 'STD067', '2025-10-16', 'B009', 'Jijith kakkarakkal', 'Absent', 'Off', ''),
(1262, 'STD068', '2025-10-16', 'B009', 'Mohammed Raza Bhojani', 'Present', 'On', ''),
(1263, 'STD069', '2025-10-16', 'B009', 'Umashankar Gurjar', 'Absent', 'Off', ''),
(1264, 'STD070', '2025-10-16', 'B009', 'Abhishek kumar', 'Present', 'On', ''),
(1265, 'STD071', '2025-10-16', 'B009', 'Shrikant uikey', 'Absent', 'Off', ''),
(1266, 'STD072', '2025-10-16', 'B009', 'Dayawanti Saini', 'Absent', 'Off', ''),
(1267, 'STD073', '2025-10-16', 'B009', 'Bhagwan mahale', 'Present', 'On', ''),
(1268, 'STD074', '2025-10-16', 'B009', 'Rithik Amarnani', 'Present', 'On', ''),
(1269, 'STD075', '2025-10-16', 'B009', 'Divyansh Singh', 'Absent', 'Off', ''),
(1270, 'STD076', '2025-10-16', 'B009', 'Taufiuq Shaikh', 'Absent', 'Off', ''),
(1271, 'STD077', '2025-10-16', 'B009', 'Vaibhav -', 'Present', 'On', ''),
(1272, 'STD078', '2025-10-16', 'B009', 'Galu -', 'Present', 'On', ''),
(1273, 'STD079', '2025-10-16', 'B009', 'Chahatdeep Singh', 'Present', 'On', ''),
(1274, 'STD080', '2025-10-16', 'B009', 'Govind Singh', 'Present', 'On', ''),
(1275, 'STD081', '2025-10-16', 'B009', 'Harsh Dua', 'Absent', 'Off', ''),
(1276, 'STD082', '2025-10-16', 'B009', 'Arun Gupta', 'Present', 'On', ''),
(1277, 'STD083', '2025-10-16', 'B009', 'Sohan Prasad Yadav', 'Present', 'On', ''),
(1278, 'STD084', '2025-10-16', 'B009', 'Kushal Saha', 'Absent', 'Off', ''),
(1279, 'STD085', '2025-10-16', 'B009', 'Biswa Ranjan Jit', 'Absent', 'Off', ''),
(1280, 'STD199', '2025-10-16', 'B014', 'Pradeep Sharma', 'Present', 'On', ''),
(1281, 'STD200', '2025-10-16', 'B014', 'Shyam Sunder Jangid', 'Present', 'On', ''),
(1282, 'STD201', '2025-10-16', 'B028', 'Harsh  Raj', 'Present', 'On', ''),
(1283, 'STD202', '2025-10-16', 'B014', 'Om Shukla', 'Present', 'On', ''),
(1284, 'STD203', '2025-10-16', 'B014', 'Nitin Bhabhor', 'Present', 'On', ''),
(1285, 'STD204', '2025-10-16', 'B014', 'Ayush Jha', 'Present', 'On', ''),
(1286, 'STD205', '2025-10-16', 'B014', 'Sudip Mundal', 'Present', 'On', ''),
(1287, 'STD206', '2025-10-16', 'B014', 'Mohd  AijazuddinObaid', 'Present', 'On', ''),
(1288, 'STD207', '2025-10-16', 'B014', 'Rakesh  Mewada', 'Present', 'On', ''),
(1289, 'STD209', '2025-10-16', 'B014', 'Priyanshu Sharma', 'Absent', 'Off', ''),
(1290, 'STD210', '2025-10-16', 'B014', 'ABU TALAH M BAGWAN', 'Present', 'On', ''),
(1291, 'STD045', '2025-10-16', 'B008', 'Surajit Ghosh', 'Present', 'On', ''),
(1292, 'STD046', '2025-10-16', 'B008', 'Anurag Shrivastav', 'Absent', 'Off', ''),
(1293, 'STD051', '2025-10-16', 'B008', 'Adil Khan', 'Absent', 'Off', ''),
(1294, 'STD052', '2025-10-16', 'B008', 'Gunjan Tak', 'Present', 'On', ''),
(1295, 'STD056', '2025-10-16', 'B008', 'Shaik abubakrsiddiq', 'Absent', 'Off', ''),
(1296, 'STD057', '2025-10-16', 'B008', 'Lalit Dagur', 'Present', 'On', ''),
(1297, 'STD058', '2025-10-16', 'B008', 'Arambakam Nanda Kishore', 'Present', 'On', ''),
(1298, 'STD059', '2025-10-16', 'B008', 'Sharon Joshi', 'Absent', 'Off', ''),
(1299, 'STD060', '2025-10-16', 'B008', 'Gitanshu -', 'Absent', 'Off', ''),
(1300, 'STD061', '2025-10-16', 'B008', 'Atharv Bhandari', 'Present', 'On', ''),
(1301, 'STD062', '2025-10-16', 'B008', 'Vishal Ashokan', 'Present', 'On', ''),
(1302, 'STD063', '2025-10-16', 'B008', 'Deepak Jindal', 'Present', 'On', ''),
(1303, 'STD086', '2025-10-16', 'B008', 'Mominul Hoque', 'Present', 'On', ''),
(1304, 'STD088', '2025-10-16', 'B008', 'Nishant Sharma', 'Present', 'On', ''),
(1305, 'STD089', '2025-10-16', 'B008', 'Sanika More', 'Present', 'On', ''),
(1306, 'STD090', '2025-10-16', 'B008', 'Prince Kalal', 'Absent', 'Off', ''),
(1307, 'STD091', '2025-10-16', 'B008', 'Venkanta Srilakshmi', 'Present', 'On', ''),
(1308, 'STD208', '2025-10-16', 'B008', 'Mubin Mujwar', 'Present', 'On', ''),
(1309, 'STD019', '2025-10-16', 'B018', 'Bhavya Wade', 'Present', 'On', ''),
(1310, 'STD020', '2025-10-16', 'B018', 'Kavya Wade', 'Present', 'On', ''),
(1311, 'STD021', '2025-10-16', 'B018', 'Amar Singh', 'Present', 'On', ''),
(1312, 'STD022', '2025-10-16', 'B018', 'Shardha Jadhav', 'Present', 'On', ''),
(1313, 'STD023', '2025-10-16', 'B018', 'Ananad Mishra', 'Present', 'On', ''),
(1314, 'STD024', '2025-10-16', 'B018', 'Anshu Kushwaha', 'Absent', 'Off', ''),
(1315, 'STD025', '2025-10-16', 'B018', 'Chandan Kumar', 'Present', 'On', ''),
(1316, 'STD026', '2025-10-16', 'B018', 'Melvin Babu', 'Present', 'On', ''),
(1317, 'STD027', '2025-10-16', 'B018', 'Kanishk Bhardwaj', 'Present', 'On', ''),
(1318, 'STD029', '2025-10-16', 'B018', 'Harvinder Singh', 'Present', 'On', ''),
(1319, 'STD030', '2025-10-16', 'B018', 'Abhishek Sah', 'Present', 'On', ''),
(1320, 'STD031', '2025-10-16', 'B018', 'Rahul Vinod Devkar', 'Absent', 'Off', ''),
(1321, 'STD033', '2025-10-16', 'B018', 'Aman Singh', 'Present', 'On', ''),
(1322, 'STD035', '2025-10-16', 'B018', 'Guru Prasad Yadav', 'Present', 'On', ''),
(1323, 'STD036', '2025-10-16', 'B018', 'Sawyam Dhar', 'Absent', 'Off', ''),
(1324, 'STD038', '2025-10-16', 'B018', 'Ajay Kumar', 'Absent', 'Off', ''),
(1325, 'STD040', '2025-10-16', 'B018', 'Rahul Lad', 'Absent', 'Off', ''),
(1326, 'STD041', '2025-10-16', 'B018', 'Takshil Patel', 'Absent', 'Off', ''),
(1327, 'STD042', '2025-10-16', 'B018', 'Prem Tejash Patil', 'Absent', 'Off', ''),
(1328, 'STD043', '2025-10-16', 'B018', 'Suraj Kumar', 'Present', 'On', ''),
(1329, 'STD044', '2025-10-16', 'B018', 'Aditya Pratap Singh', 'Present', 'On', ''),
(1330, 'STD001', '2025-10-01', 'B015', 'Topper Singh', 'Present', 'On', ''),
(1331, 'STD002', '2025-10-01', 'B001', 'Sawan Gupta', 'Present', 'On', ''),
(1332, 'STD003', '2025-10-01', 'B001', 'Bhavishya  Kalal', 'Present', 'On', ''),
(1333, 'STD004', '2025-10-01', 'B028', 'Mohit Yadav', 'Absent', 'Off', ''),
(1334, 'STD005', '2025-10-01', 'B001', 'Gadde Bhanu Prasad', 'Absent', 'Off', ''),
(1335, 'STD007', '2025-10-01', 'B001', 'Umang  Pandya', 'Present', 'On', ''),
(1336, 'STD008', '2025-10-01', 'B001', 'Tejas Gupta', 'Present', 'On', ''),
(1337, 'STD012', '2025-10-01', 'B001', 'Aaditya  Sharma', 'Present', 'On', ''),
(1338, 'STD013', '2025-10-01', 'B001', 'Goutam Panwar', 'Absent', 'Off', ''),
(1339, 'STD014', '2025-10-01', 'B001', 'Somi Raj', 'Present', 'On', ''),
(1340, 'STD018', '2025-10-01', 'B028', 'Aditya Yadav', 'Present', 'On', ''),
(1341, 'STD212', '2025-10-01', 'B028', 'Shriram Harishchandra Darunte', 'Present', 'On', ''),
(1342, 'STD001', '2025-10-02', 'B015', 'Topper Singh', 'Present', 'On', ''),
(1343, 'STD002', '2025-10-02', 'B001', 'Sawan Gupta', 'Absent', 'Off', ''),
(1344, 'STD003', '2025-10-02', 'B001', 'Bhavishya  Kalal', 'Present', 'On', ''),
(1345, 'STD004', '2025-10-02', 'B028', 'Mohit Yadav', 'Absent', 'Off', ''),
(1346, 'STD005', '2025-10-02', 'B001', 'Gadde Bhanu Prasad', 'Present', 'On', 'Online '),
(1347, 'STD007', '2025-10-02', 'B001', 'Umang  Pandya', 'Present', 'On', ''),
(1348, 'STD008', '2025-10-02', 'B001', 'Tejas Gupta', 'Present', 'On', ''),
(1349, 'STD012', '2025-10-02', 'B001', 'Aaditya  Sharma', 'Present', 'On', ''),
(1350, 'STD013', '2025-10-02', 'B001', 'Goutam Panwar', 'Present', 'On', ''),
(1351, 'STD014', '2025-10-02', 'B001', 'Somi Raj', 'Present', 'On', ''),
(1352, 'STD018', '2025-10-02', 'B028', 'Aditya Yadav', 'Present', 'On', ''),
(1353, 'STD001', '2025-10-03', 'B015', 'Topper Singh', 'Present', 'On', ''),
(1354, 'STD002', '2025-10-03', 'B001', 'Sawan Gupta', 'Present', 'On', ''),
(1355, 'STD003', '2025-10-03', 'B001', 'Bhavishya  Kalal', 'Present', 'On', ''),
(1356, 'STD004', '2025-10-03', 'B028', 'Mohit Yadav', 'Absent', 'Off', ''),
(1357, 'STD005', '2025-10-03', 'B001', 'Gadde Bhanu Prasad', 'Present', 'On', 'Online'),
(1358, 'STD007', '2025-10-03', 'B001', 'Umang  Pandya', 'Present', 'On', ''),
(1359, 'STD008', '2025-10-03', 'B001', 'Tejas Gupta', 'Present', 'On', ''),
(1360, 'STD012', '2025-10-03', 'B001', 'Aaditya  Sharma', 'Present', 'On', ''),
(1361, 'STD013', '2025-10-03', 'B001', 'Goutam Panwar', 'Present', 'On', ''),
(1362, 'STD014', '2025-10-03', 'B001', 'Somi Raj', 'Absent', 'Off', ''),
(1363, 'STD018', '2025-10-03', 'B028', 'Aditya Yadav', 'Present', 'On', ''),
(1364, 'STD001', '2025-10-04', 'B015', 'Topper Singh', 'Present', 'On', ''),
(1365, 'STD002', '2025-10-04', 'B001', 'Sawan Gupta', 'Present', 'On', ''),
(1366, 'STD003', '2025-10-04', 'B001', 'Bhavishya  Kalal', 'Present', 'On', ''),
(1367, 'STD004', '2025-10-04', 'B028', 'Mohit Yadav', 'Absent', 'Off', ''),
(1368, 'STD005', '2025-10-04', 'B001', 'Gadde Bhanu Prasad', 'Absent', 'Off', 'Online saturday off'),
(1369, 'STD007', '2025-10-04', 'B001', 'Umang  Pandya', 'Present', 'On', ''),
(1370, 'STD008', '2025-10-04', 'B001', 'Tejas Gupta', 'Present', 'On', ''),
(1371, 'STD012', '2025-10-04', 'B001', 'Aaditya  Sharma', 'Present', 'On', ''),
(1372, 'STD013', '2025-10-04', 'B001', 'Goutam Panwar', 'Present', 'On', ''),
(1373, 'STD014', '2025-10-04', 'B001', 'Somi Raj', 'Present', 'On', ''),
(1374, 'STD018', '2025-10-04', 'B028', 'Aditya Yadav', 'Present', 'On', ''),
(1375, 'STD001', '2025-10-06', 'B015', 'Topper Singh', 'Absent', 'Off', ''),
(1376, 'STD002', '2025-10-06', 'B001', 'Sawan Gupta', 'Present', 'On', ''),
(1377, 'STD003', '2025-10-06', 'B001', 'Bhavishya  Kalal', 'Present', 'On', ''),
(1378, 'STD004', '2025-10-06', 'B028', 'Mohit Yadav', 'Present', 'On', ''),
(1379, 'STD005', '2025-10-06', 'B001', 'Gadde Bhanu Prasad', 'Present', 'On', ''),
(1380, 'STD007', '2025-10-06', 'B001', 'Umang  Pandya', 'Present', 'On', ''),
(1381, 'STD008', '2025-10-06', 'B001', 'Tejas Gupta', 'Present', 'On', ''),
(1382, 'STD012', '2025-10-06', 'B001', 'Aaditya  Sharma', 'Present', 'On', ''),
(1383, 'STD013', '2025-10-06', 'B001', 'Goutam Panwar', 'Absent', 'Off', ''),
(1384, 'STD014', '2025-10-06', 'B001', 'Somi Raj', 'Present', 'On', ''),
(1385, 'STD018', '2025-10-06', 'B028', 'Aditya Yadav', 'Present', 'On', ''),
(1386, 'STD001', '2025-10-07', 'B015', 'Topper Singh', 'Present', 'On', ''),
(1387, 'STD002', '2025-10-07', 'B001', 'Sawan Gupta', 'Present', 'On', ''),
(1388, 'STD003', '2025-10-07', 'B001', 'Bhavishya  Kalal', 'Present', 'On', ''),
(1389, 'STD004', '2025-10-07', 'B028', 'Mohit Yadav', 'Absent', 'Off', ''),
(1390, 'STD005', '2025-10-07', 'B001', 'Gadde Bhanu Prasad', 'Present', 'On', 'Online'),
(1391, 'STD007', '2025-10-07', 'B001', 'Umang  Pandya', 'Present', 'On', ''),
(1392, 'STD008', '2025-10-07', 'B001', 'Tejas Gupta', 'Present', 'On', ''),
(1393, 'STD012', '2025-10-07', 'B001', 'Aaditya  Sharma', 'Present', 'On', ''),
(1394, 'STD013', '2025-10-07', 'B001', 'Goutam Panwar', 'Absent', 'Off', ''),
(1395, 'STD014', '2025-10-07', 'B001', 'Somi Raj', 'Present', 'On', ''),
(1396, 'STD018', '2025-10-07', 'B028', 'Aditya Yadav', 'Present', 'On', ''),
(1397, 'STD002', '2025-10-08', 'B001', 'Sawan Gupta', 'Absent', 'Off', ''),
(1398, 'STD003', '2025-10-08', 'B001', 'Bhavishya  Kalal', 'Present', 'On', ''),
(1399, 'STD004', '2025-10-08', 'B028', 'Mohit Yadav', 'Absent', 'Off', ''),
(1400, 'STD005', '2025-10-08', 'B001', 'Gadde Bhanu Prasad', 'Present', 'On', ''),
(1401, 'STD007', '2025-10-08', 'B001', 'Umang  Pandya', 'Present', 'On', ''),
(1402, 'STD008', '2025-10-08', 'B001', 'Tejas Gupta', 'Present', 'On', ''),
(1403, 'STD012', '2025-10-08', 'B001', 'Aaditya  Sharma', 'Present', 'On', ''),
(1404, 'STD013', '2025-10-08', 'B001', 'Goutam Panwar', 'Present', 'On', ''),
(1405, 'STD014', '2025-10-08', 'B001', 'Somi Raj', 'Present', 'On', ''),
(1406, 'STD018', '2025-10-08', 'B028', 'Aditya Yadav', 'Present', 'On', ''),
(1407, 'STD002', '2025-10-09', 'B001', 'Sawan Gupta', 'Present', 'On', ''),
(1408, 'STD003', '2025-10-09', 'B001', 'Bhavishya  Kalal', 'Present', 'On', ''),
(1409, 'STD004', '2025-10-09', 'B028', 'Mohit Yadav', 'Absent', 'Off', ''),
(1410, 'STD005', '2025-10-09', 'B001', 'Gadde Bhanu Prasad', 'Present', 'On', ''),
(1411, 'STD007', '2025-10-09', 'B001', 'Umang  Pandya', 'Present', 'On', ''),
(1412, 'STD008', '2025-10-09', 'B001', 'Tejas Gupta', 'Present', 'On', ''),
(1413, 'STD012', '2025-10-09', 'B001', 'Aaditya  Sharma', 'Present', 'On', ''),
(1414, 'STD013', '2025-10-09', 'B001', 'Goutam Panwar', 'Absent', 'Off', ''),
(1415, 'STD014', '2025-10-09', 'B001', 'Somi Raj', 'Absent', 'Off', ''),
(1416, 'STD018', '2025-10-09', 'B028', 'Aditya Yadav', 'Present', 'On', ''),
(1428, 'STD002', '2025-10-11', 'B001', 'Sawan Gupta', 'Present', 'On', ''),
(1429, 'STD003', '2025-10-11', 'B001', 'Bhavishya  Kalal', 'Present', 'On', ''),
(1430, 'STD004', '2025-10-11', 'B028', 'Mohit Yadav', 'Present', 'On', ''),
(1431, 'STD005', '2025-10-11', 'B001', 'Gadde Bhanu Prasad', 'Absent', 'Off', '10th ab also'),
(1432, 'STD007', '2025-10-11', 'B001', 'Umang  Pandya', 'Present', 'On', ''),
(1433, 'STD008', '2025-10-11', 'B001', 'Tejas Gupta', 'Present', 'On', ''),
(1434, 'STD012', '2025-10-11', 'B001', 'Aaditya  Sharma', 'Present', 'On', ''),
(1435, 'STD013', '2025-10-11', 'B001', 'Goutam Panwar', 'Absent', 'Off', ''),
(1436, 'STD014', '2025-10-11', 'B001', 'Somi Raj', 'Present', 'On', ''),
(1437, 'STD018', '2025-10-11', 'B028', 'Aditya Yadav', 'Present', 'On', ''),
(1438, 'STD212', '2025-10-11', 'B028', 'Shriram Harishchandra Darunte', 'Present', 'On', ''),
(1439, 'STD002', '2025-10-13', 'B001', 'Sawan Gupta', 'Present', 'On', ''),
(1440, 'STD003', '2025-10-13', 'B001', 'Bhavishya  Kalal', 'Present', 'On', ''),
(1441, 'STD004', '2025-10-13', 'B028', 'Mohit Yadav', 'Present', 'On', ''),
(1442, 'STD005', '2025-10-13', 'B001', 'Gadde Bhanu Prasad', 'Absent', 'Off', '');
INSERT INTO `attendance` (`id`, `student_id`, `date`, `batch_id`, `student_name`, `status`, `camera_status`, `remarks`) VALUES
(1443, 'STD007', '2025-10-13', 'B001', 'Umang  Pandya', 'Present', 'On', ''),
(1444, 'STD008', '2025-10-13', 'B001', 'Tejas Gupta', 'Present', 'On', ''),
(1445, 'STD012', '2025-10-13', 'B001', 'Aaditya  Sharma', 'Present', 'On', ''),
(1446, 'STD013', '2025-10-13', 'B001', 'Goutam Panwar', 'Present', 'On', ''),
(1447, 'STD014', '2025-10-13', 'B001', 'Somi Raj', 'Present', 'On', ''),
(1448, 'STD018', '2025-10-13', 'B028', 'Aditya Yadav', 'Present', 'On', ''),
(1449, 'STD212', '2025-10-13', 'B028', 'Shriram Harishchandra Darunte', 'Present', 'On', ''),
(1450, 'STD002', '2025-10-14', 'B001', 'Sawan Gupta', 'Present', 'On', ''),
(1451, 'STD003', '2025-10-14', 'B001', 'Bhavishya  Kalal', 'Absent', 'Off', ''),
(1452, 'STD004', '2025-10-14', 'B028', 'Mohit Yadav', 'Present', 'On', ''),
(1453, 'STD005', '2025-10-14', 'B001', 'Gadde Bhanu Prasad', 'Present', 'On', ''),
(1454, 'STD007', '2025-10-14', 'B001', 'Umang  Pandya', 'Present', 'On', ''),
(1455, 'STD008', '2025-10-14', 'B001', 'Tejas Gupta', 'Present', 'On', ''),
(1456, 'STD012', '2025-10-14', 'B001', 'Aaditya  Sharma', 'Present', 'On', ''),
(1457, 'STD013', '2025-10-14', 'B001', 'Goutam Panwar', 'Absent', 'Off', ''),
(1458, 'STD014', '2025-10-14', 'B001', 'Somi Raj', 'Present', 'On', ''),
(1459, 'STD018', '2025-10-14', 'B028', 'Aditya Yadav', 'Present', 'On', ''),
(1460, 'STD212', '2025-10-14', 'B028', 'Shriram Harishchandra Darunte', 'Present', 'On', ''),
(1461, 'STD002', '2025-10-15', 'B001', 'Sawan Gupta', 'Absent', 'Off', ''),
(1462, 'STD003', '2025-10-15', 'B001', 'Bhavishya  Kalal', 'Present', 'On', ''),
(1463, 'STD004', '2025-10-15', 'B028', 'Mohit Yadav', 'Absent', 'Off', ''),
(1464, 'STD005', '2025-10-15', 'B001', 'Gadde Bhanu Prasad', 'Present', 'On', ''),
(1465, 'STD007', '2025-10-15', 'B001', 'Umang  Pandya', 'Present', 'On', ''),
(1466, 'STD008', '2025-10-15', 'B001', 'Tejas Gupta', 'Present', 'On', ''),
(1467, 'STD012', '2025-10-15', 'B001', 'Aaditya  Sharma', 'Present', 'On', 'ws ab net present'),
(1468, 'STD013', '2025-10-15', 'B001', 'Goutam Panwar', 'Present', 'On', ''),
(1469, 'STD014', '2025-10-15', 'B001', 'Somi Raj', 'Present', 'On', ''),
(1470, 'STD018', '2025-10-15', 'B028', 'Aditya Yadav', 'Absent', 'Off', ''),
(1471, 'STD212', '2025-10-15', 'B028', 'Shriram Harishchandra Darunte', 'Present', 'On', ''),
(1472, 'STD002', '2025-10-16', 'B001', 'Sawan Gupta', 'Present', 'On', ''),
(1473, 'STD003', '2025-10-16', 'B001', 'Bhavishya  Kalal', 'Present', 'On', ''),
(1474, 'STD004', '2025-10-16', 'B028', 'Mohit Yadav', 'Absent', 'Off', ''),
(1475, 'STD005', '2025-10-16', 'B001', 'Gadde Bhanu Prasad', 'Present', 'On', ''),
(1476, 'STD007', '2025-10-16', 'B001', 'Umang  Pandya', 'Present', 'On', ''),
(1477, 'STD008', '2025-10-16', 'B001', 'Tejas Gupta', 'Present', 'On', ''),
(1478, 'STD012', '2025-10-16', 'B001', 'Aaditya  Sharma', 'Present', 'On', ''),
(1479, 'STD013', '2025-10-16', 'B001', 'Goutam Panwar', 'Present', 'On', ''),
(1480, 'STD014', '2025-10-16', 'B001', 'Somi Raj', 'Absent', 'Off', ''),
(1481, 'STD018', '2025-10-16', 'B028', 'Aditya Yadav', 'Absent', 'Off', ''),
(1482, 'STD212', '2025-10-16', 'B028', 'Shriram Harishchandra Darunte', 'Present', 'On', ''),
(1483, 'STD093', '2025-10-23', 'B004', 'Sahil Kumar', 'Absent', 'Off', NULL),
(1484, 'STD094', '2025-10-23', 'B004', 'Vasu Vekariya', 'Absent', 'Off', NULL),
(1485, 'STD095', '2025-10-23', 'B004', 'Bhavesh Kumar', 'Absent', 'Off', NULL),
(1486, 'STD096', '2025-10-23', 'B004', 'MD Raj -', 'Absent', 'Off', NULL),
(1487, 'STD097', '2025-10-23', 'B004', 'Prince Negi', 'Absent', 'Off', NULL),
(1488, 'STD098', '2025-10-23', 'B004', 'Shruti Jethlia', 'Absent', 'Off', NULL),
(1489, 'STD099', '2025-10-23', 'B004', 'Abdur Rahman', 'Absent', 'Off', NULL),
(1490, 'STD100', '2025-10-23', 'B004', 'Minakshi Sirsath', 'Absent', 'Off', NULL),
(1491, 'STD101', '2025-10-23', 'B004', 'Jaydeep Chavan', 'Absent', 'Off', NULL),
(1492, 'STD102', '2025-10-23', 'B004', 'Dhruv Agarwal', 'Absent', 'Off', NULL),
(1493, 'STD103', '2025-10-23', 'B004', 'Abhay Pratap', 'Absent', 'Off', NULL),
(1494, 'STD104', '2025-10-23', 'B004', 'Rahul Sahu', 'Absent', 'Off', NULL),
(1495, 'STD105', '2025-10-23', 'B004', 'Siddharth Choudhari', 'Absent', 'Off', NULL),
(1496, 'STD106', '2025-10-23', 'B004', 'Farzad Jakir Shaikh', 'Absent', 'Off', NULL),
(1497, 'STD107', '2025-10-23', 'B004', 'Palak Panwar', 'Absent', 'Off', NULL),
(1498, 'STD108', '2025-10-23', 'B004', 'Ashish Chaudhary', 'Absent', 'Off', NULL),
(1499, 'STD109', '2025-10-23', 'B004', 'Drishti Pandey', 'Absent', 'Off', NULL),
(1500, 'STD110', '2025-10-23', 'B004', 'Piyush Kumar Sain', 'Absent', 'Off', NULL),
(1501, 'STD111', '2025-10-23', 'B004', 'Sahil Dilip Patrekar', 'Absent', 'Off', NULL),
(1502, 'STD112', '2025-10-23', 'B004', 'Deepak Kumar', 'Absent', 'Off', NULL),
(1503, 'STD113', '2025-10-23', 'B004', 'Jayesh Wasnik', 'Absent', 'Off', NULL),
(1504, 'STD114', '2025-10-23', 'B004', 'Chandu -', 'Absent', 'Off', NULL),
(1505, 'STD115', '2025-10-23', 'B004', 'Vikas Yadav', 'Absent', 'Off', NULL),
(1506, 'STD116', '2025-10-23', 'B004', 'Anjali Saini', 'Absent', 'Off', NULL),
(1507, 'STD117', '2025-10-23', 'B004', 'Mohd junaid -', 'Absent', 'Off', NULL),
(1509, 'STD120', '2025-10-23', 'B004', 'Gopal Singh', 'Absent', 'Off', NULL),
(1510, 'STD121', '2025-10-23', 'B004', 'Sunny Kumar', 'Absent', 'Off', NULL),
(1511, 'STD122', '2025-10-23', 'B004', 'Satendra Kumar', 'Absent', 'Off', NULL),
(1512, 'STD123', '2025-10-23', 'B004', 'Vansh Kalal', 'Absent', 'Off', NULL),
(1513, 'STD124', '2025-10-23', 'B004', 'Shubham Kumar', 'Absent', 'Off', NULL),
(1514, 'STD125', '2025-10-23', 'B004', 'Aditya Sharma', 'Absent', 'Off', NULL),
(1515, 'STD139', '2025-10-23', 'B016', 'Ruchika -', 'Present', 'On', ''),
(1516, 'STD140', '2025-10-23', 'B016', 'Mahesh Kumar Dayal', 'Present', 'On', ''),
(1517, 'STD141', '2025-10-23', 'B005', 'Tapas Ranjan Patel', 'Absent', 'Off', ''),
(1518, 'STD142', '2025-10-23', 'B016', 'Harushikesh Nehete', 'Present', 'On', ''),
(1519, 'STD143', '2025-10-23', 'B016', 'Praveen Kumar Kashyap', 'Present', 'On', ''),
(1520, 'STD144', '2025-10-23', 'B016', 'Sandeep Kumar', 'Present', 'On', ''),
(1521, 'STD145', '2025-10-23', 'B016', 'Abhishek Mahato', 'Present', 'On', ''),
(1522, 'STD146', '2025-10-23', 'B016', 'Uttam Nishad', 'Present', 'On', ''),
(1523, 'STD147', '2025-10-23', 'B005', 'Mohsin Akhter', 'Absent', 'Off', ''),
(1524, 'STD148', '2025-10-23', 'B005', 'Mithun Rathod', 'Absent', 'Off', ''),
(1525, 'STD149', '2025-10-23', 'B016', 'Pankaj Kewat', 'Present', 'On', ''),
(1526, 'STD150', '2025-10-23', 'B016', 'Ayush Sahu', 'Present', 'On', ''),
(1527, 'STD151', '2025-10-23', 'B016', 'Ashish Kumar', 'Present', 'On', ''),
(1528, 'STD152', '2025-10-23', 'B016', 'Lakshay Parashar', 'Present', 'On', ''),
(1529, 'STD153', '2025-10-23', 'B016', 'Ronit Hazra', 'Present', 'On', ''),
(1530, 'STD154', '2025-10-23', 'B016', 'Prachi Dahiya', 'Present', 'On', ''),
(1531, 'STD155', '2025-10-23', 'B016', 'Harshit Rathore', 'Present', 'On', ''),
(1532, 'STD156', '2025-10-23', 'B005', 'Mohit Khundia', 'Absent', 'Off', ''),
(1533, 'STD195', '2025-10-23', 'B005', 'Yash Raj Kumar', 'Absent', 'Off', ''),
(1534, 'STD196', '2025-10-23', 'B005', 'Shubham -', 'Absent', 'Off', ''),
(1535, 'STD197', '2025-10-23', 'B016', 'Muhammed Feroz', 'Absent', 'Off', ''),
(1536, 'STD198', '2025-10-23', 'B016', 'Jasmail  Online', 'Present', 'On', ''),
(1537, 'STD211', '2025-10-23', 'B016', 'Aarti Patil', 'Present', 'On', ''),
(1538, 'STD213', '2025-10-23', 'B016', 'Vivek Pal', 'Present', 'On', ''),
(1539, 'STD049', '2025-10-23', 'B007', 'Yash Kolhe', 'Present', 'On', ''),
(1540, 'STD126', '2025-10-23', 'B007', 'Sharad Jadhav', 'Absent', 'Off', ''),
(1541, 'STD127', '2025-10-23', 'B016', 'Vishal Kumar', 'Absent', 'Off', ''),
(1542, 'STD128', '2025-10-23', 'B007', 'Ayub -', 'Present', 'On', ''),
(1543, 'STD129', '2025-10-23', 'B007', 'Shantu Kharadi', 'Absent', 'Off', ''),
(1544, 'STD130', '2025-10-23', 'B016', 'Krishna Sahu', 'Present', 'On', ''),
(1545, 'STD131', '2025-10-23', 'B007', 'Shivraj Patil', 'Absent', 'Off', ''),
(1546, 'STD132', '2025-10-23', 'B007', 'Prabhat Priyadarshi', 'Present', 'On', ''),
(1547, 'STD133', '2025-10-23', 'B007', 'Shubham Kumar', 'Absent', 'Off', ''),
(1548, 'STD134', '2025-10-23', 'B016', 'Pawan Tanwar', 'Present', 'On', ''),
(1549, 'STD135', '2025-10-23', 'B016', 'Sanjeev Kumar Yadav', 'Absent', 'Off', ''),
(1550, 'STD136', '2025-10-23', 'B007', 'Ritika Bisht', 'Absent', 'Off', ''),
(1551, 'STD137', '2025-10-23', 'B007', 'Shiva Tiwari', 'Absent', 'Off', ''),
(1552, 'STD138', '2025-10-23', 'B007', 'Rahul Bisoyi', 'Absent', 'Off', ''),
(1553, 'STD019', '2025-10-23', 'B018', 'Bhavya Wade', 'Present', 'On', ''),
(1554, 'STD020', '2025-10-23', 'B018', 'Kavya Wade', 'Present', 'On', ''),
(1555, 'STD021', '2025-10-23', 'B018', 'Amar Singh', 'Present', 'On', ''),
(1556, 'STD022', '2025-10-23', 'B018', 'Shardha Jadhav', 'Present', 'On', ''),
(1557, 'STD023', '2025-10-23', 'B018', 'Ananad Mishra', 'Present', 'On', ''),
(1558, 'STD024', '2025-10-23', 'B018', 'Anshu Kushwaha', 'Present', 'On', ''),
(1559, 'STD025', '2025-10-23', 'B018', 'Chandan Kumar', 'Present', 'On', ''),
(1560, 'STD026', '2025-10-23', 'B018', 'Melvin Babu', 'Absent', 'Off', ''),
(1561, 'STD027', '2025-10-23', 'B018', 'Kanishk Bhardwaj', 'Present', 'On', ''),
(1562, 'STD029', '2025-10-23', 'B018', 'Harvinder Singh', 'Present', 'On', ''),
(1563, 'STD030', '2025-10-23', 'B018', 'Abhishek Sah', 'Present', 'On', ''),
(1564, 'STD031', '2025-10-23', 'B018', 'Rahul Vinod Devkar', 'Absent', 'Off', ''),
(1565, 'STD033', '2025-10-23', 'B018', 'Aman Singh', 'Absent', 'Off', ''),
(1566, 'STD035', '2025-10-23', 'B018', 'Guru Prasad Yadav', 'Present', 'On', ''),
(1567, 'STD036', '2025-10-23', 'B018', 'Sawyam Dhar', 'Absent', 'Off', ''),
(1568, 'STD038', '2025-10-23', 'B018', 'Ajay Kumar', 'Present', 'On', ''),
(1569, 'STD040', '2025-10-23', 'B018', 'Rahul Lad', 'Absent', 'Off', ''),
(1570, 'STD041', '2025-10-23', 'B018', 'Takshil Patel', 'Absent', 'Off', ''),
(1571, 'STD042', '2025-10-23', 'B018', 'Prem Tejash Patil', 'Absent', 'Off', ''),
(1572, 'STD043', '2025-10-23', 'B018', 'Suraj Kumar', 'Present', 'On', ''),
(1573, 'STD044', '2025-10-23', 'B018', 'Aditya Pratap Singh', 'Present', 'On', ''),
(1574, 'STD116', '2025-10-23', 'B010', 'Anjali Saini', 'Present', 'On', ''),
(1575, 'STD117', '2025-10-23', 'B010', 'Mohd junaid -', 'Present', 'On', ''),
(1576, 'STD118', '2025-10-23', 'B010', 'Bhagyesh -', 'Present', 'On', ''),
(1577, 'STD120', '2025-10-23', 'B010', 'Gopal Singh', 'Present', 'On', ''),
(1578, 'STD121', '2025-10-23', 'B010', 'Sunny Kumar', 'Present', 'On', ''),
(1579, 'STD124', '2025-10-23', 'B010', 'Shubham Kumar', 'Absent', 'Off', ''),
(1580, 'STD125', '2025-10-23', 'B010', 'Aditya Sharma', 'Absent', 'Off', ''),
(1581, 'STD214', '2025-10-23', 'B010', 'Yash Patel', 'Present', 'On', ''),
(1582, 'STD215', '2025-10-23', 'B010', 'Ravi -', 'Present', 'On', ''),
(1583, 'STD216', '2025-10-23', 'B010', 'Bal Kishan  Vyas', 'Present', 'On', ''),
(1618, 'STD017', '2025-10-24', 'B008', 'Virendra Sharma', 'Absent', 'Off', ''),
(1619, 'STD045', '2025-10-24', 'B008', 'Surajit Ghosh', 'Present', 'On', ''),
(1620, 'STD046', '2025-10-24', 'B008', 'Anurag Shrivastav', 'Absent', 'Off', ''),
(1621, 'STD051', '2025-10-24', 'B008', 'Adil Khan', 'Absent', 'Off', ''),
(1622, 'STD052', '2025-10-24', 'B008', 'Gunjan Tak', 'Absent', 'Off', ''),
(1623, 'STD056', '2025-10-24', 'B008', 'Shaik abubakrsiddiq', 'Present', 'On', ''),
(1624, 'STD057', '2025-10-24', 'B008', 'Lalit Dagur', 'Present', 'On', ''),
(1625, 'STD058', '2025-10-24', 'B008', 'Arambakam Nanda Kishore', 'Present', 'On', ''),
(1626, 'STD059', '2025-10-24', 'B008', 'Sharon Joshi', 'Absent', 'Off', ''),
(1627, 'STD060', '2025-10-24', 'B008', 'Gitanshu -', 'Absent', 'Off', ''),
(1628, 'STD061', '2025-10-24', 'B008', 'Atharv Bhandari', 'Present', 'On', ''),
(1629, 'STD062', '2025-10-24', 'B008', 'Vishal Ashokan', 'Absent', 'Off', ''),
(1630, 'STD063', '2025-10-24', 'B008', 'Deepak Jindal', 'Present', 'On', ''),
(1631, 'STD086', '2025-10-24', 'B008', 'Mominul Hoque', 'Present', 'On', ''),
(1632, 'STD088', '2025-10-24', 'B008', 'Nishant Sharma', 'Present', 'On', ''),
(1633, 'STD089', '2025-10-24', 'B008', 'Sanika More', 'Absent', 'Off', ''),
(1634, 'STD090', '2025-10-24', 'B008', 'Prince Kalal', 'Present', 'On', ''),
(1635, 'STD091', '2025-10-24', 'B008', 'Venkanta Srilakshmi', 'Absent', 'Off', ''),
(1636, 'STD208', '2025-10-24', 'B008', 'Mubin Mujwar', 'Present', 'On', ''),
(1637, 'STD064', '2025-10-24', 'B009', 'Swaraj Patil', 'Absent', 'Off', ''),
(1638, 'STD065', '2025-10-24', 'B009', 'Arjun Panchal', 'Absent', 'Off', ''),
(1639, 'STD066', '2025-10-24', 'B009', 'Jatin Yadav', 'Present', 'On', ''),
(1640, 'STD067', '2025-10-24', 'B009', 'Jijith kakkarakkal', 'Absent', 'Off', ''),
(1641, 'STD068', '2025-10-24', 'B009', 'Mohammed Raza Bhojani', 'Present', 'On', ''),
(1642, 'STD069', '2025-10-24', 'B009', 'Umashankar Gurjar', 'Present', 'On', ''),
(1643, 'STD070', '2025-10-24', 'B009', 'Abhishek kumar', 'Present', 'On', ''),
(1644, 'STD071', '2025-10-24', 'B009', 'Shrikant uikey', 'Absent', 'Off', ''),
(1645, 'STD072', '2025-10-24', 'B009', 'Dayawanti Saini', 'Absent', 'Off', ''),
(1646, 'STD073', '2025-10-24', 'B009', 'Bhagwan mahale', 'Absent', 'Off', ''),
(1647, 'STD074', '2025-10-24', 'B009', 'Rithik Amarnani', 'Present', 'On', ''),
(1648, 'STD075', '2025-10-24', 'B009', 'Divyansh Singh', 'Absent', 'Off', ''),
(1649, 'STD076', '2025-10-24', 'B009', 'Taufiuq Shaikh', 'Absent', 'Off', ''),
(1650, 'STD077', '2025-10-24', 'B009', 'Vaibhav -', 'Present', 'On', ''),
(1651, 'STD078', '2025-10-24', 'B009', 'Galu -', 'Present', 'On', ''),
(1652, 'STD079', '2025-10-24', 'B009', 'Chahatdeep Singh', 'Present', 'On', ''),
(1653, 'STD080', '2025-10-24', 'B009', 'Govind Singh', 'Present', 'On', ''),
(1654, 'STD081', '2025-10-24', 'B009', 'Harsh Dua', 'Absent', 'Off', ''),
(1655, 'STD082', '2025-10-24', 'B009', 'Arun Gupta', 'Absent', 'Off', ''),
(1656, 'STD083', '2025-10-24', 'B009', 'Sohan Prasad Yadav', 'Present', 'On', ''),
(1657, 'STD084', '2025-10-24', 'B009', 'Kushal Saha', 'Absent', 'Off', ''),
(1658, 'STD085', '2025-10-24', 'B009', 'Biswa Ranjan Jit', 'Present', 'On', ''),
(1659, 'STD119', '2025-10-24', 'B009', 'Pavan Patel', 'Absent', 'Off', ''),
(1660, 'STD199', '2025-10-24', 'B014', 'Pradeep Sharma', 'Present', 'On', ''),
(1661, 'STD200', '2025-10-24', 'B014', 'Shyam Sunder Jangid', 'Present', 'On', ''),
(1662, 'STD201', '2025-10-24', 'B028', 'Harsh  Raj', 'Present', 'On', ''),
(1663, 'STD202', '2025-10-24', 'B014', 'Om Shukla', 'Present', 'On', ''),
(1664, 'STD203', '2025-10-24', 'B014', 'Nitin Bhabhor', 'Present', 'On', ''),
(1665, 'STD204', '2025-10-24', 'B014', 'Ayush Jha', 'Present', 'On', ''),
(1666, 'STD205', '2025-10-24', 'B014', 'Sudip Mundal', 'Present', 'On', ''),
(1667, 'STD206', '2025-10-24', 'B014', 'Mohd  AijazuddinObaid', 'Present', 'On', ''),
(1668, 'STD207', '2025-10-24', 'B014', 'Rakesh  Mewada', 'Present', 'On', ''),
(1669, 'STD209', '2025-10-24', 'B014', 'Priyanshu Sharma', 'Present', 'On', ''),
(1670, 'STD210', '2025-10-24', 'B014', 'ABU TALAH M BAGWAN', 'Present', 'On', ''),
(1671, 'STD019', '2025-10-24', 'B018', 'Bhavya Wade', 'Present', 'On', ''),
(1672, 'STD020', '2025-10-24', 'B018', 'Kavya Wade', 'Present', 'On', ''),
(1673, 'STD021', '2025-10-24', 'B018', 'Amar Singh', 'Present', 'On', ''),
(1674, 'STD022', '2025-10-24', 'B018', 'Shardha Jadhav', 'Present', 'On', ''),
(1675, 'STD023', '2025-10-24', 'B018', 'Ananad Mishra', 'Present', 'On', ''),
(1676, 'STD024', '2025-10-24', 'B018', 'Anshu Kushwaha', 'Absent', 'Off', ''),
(1677, 'STD025', '2025-10-24', 'B018', 'Chandan Kumar', 'Absent', 'Off', ''),
(1678, 'STD026', '2025-10-24', 'B018', 'Melvin Babu', 'Present', 'On', ''),
(1679, 'STD027', '2025-10-24', 'B018', 'Kanishk Bhardwaj', 'Present', 'On', ''),
(1680, 'STD029', '2025-10-24', 'B018', 'Harvinder Singh', 'Present', 'On', ''),
(1681, 'STD030', '2025-10-24', 'B018', 'Abhishek Sah', 'Absent', 'Off', ''),
(1682, 'STD031', '2025-10-24', 'B018', 'Rahul Vinod Devkar', 'Absent', 'Off', ''),
(1683, 'STD033', '2025-10-24', 'B018', 'Aman Singh', 'Present', 'On', ''),
(1684, 'STD035', '2025-10-24', 'B018', 'Guru Prasad Yadav', 'Present', 'On', ''),
(1685, 'STD036', '2025-10-24', 'B018', 'Sawyam Dhar', 'Present', 'On', ''),
(1686, 'STD038', '2025-10-24', 'B018', 'Ajay Kumar', 'Present', 'On', ''),
(1687, 'STD040', '2025-10-24', 'B018', 'Rahul Lad', 'Absent', 'Off', ''),
(1688, 'STD041', '2025-10-24', 'B018', 'Takshil Patel', 'Present', 'On', ''),
(1689, 'STD042', '2025-10-24', 'B018', 'Prem Tejash Patil', 'Absent', 'Off', ''),
(1690, 'STD043', '2025-10-24', 'B018', 'Suraj Kumar', 'Present', 'On', ''),
(1691, 'STD044', '2025-10-24', 'B018', 'Aditya Pratap Singh', 'Present', 'On', ''),
(1692, 'STD116', '2025-10-24', 'B010', 'Anjali Saini', 'Present', 'On', ''),
(1693, 'STD117', '2025-10-24', 'B010', 'Mohd junaid -', 'Present', 'On', ''),
(1694, 'STD118', '2025-10-24', 'B010', 'Bhagyesh -', 'Present', 'On', ''),
(1695, 'STD120', '2025-10-24', 'B010', 'Gopal Singh', 'Present', 'On', ''),
(1696, 'STD121', '2025-10-24', 'B010', 'Sunny Kumar', 'Absent', 'Off', ''),
(1697, 'STD124', '2025-10-24', 'B010', 'Shubham Kumar', 'Absent', 'Off', ''),
(1698, 'STD125', '2025-10-24', 'B010', 'Aditya Sharma', 'Present', 'On', ''),
(1699, 'STD214', '2025-10-24', 'B010', 'Yash Patel', 'Present', 'On', ''),
(1700, 'STD215', '2025-10-24', 'B010', 'Ravi -', 'Present', 'On', ''),
(1701, 'STD216', '2025-10-24', 'B010', 'Bal Kishan  Vyas', 'Present', 'On', ''),
(1714, 'STD064', '2025-10-23', 'B009', 'Swaraj Patil', 'Absent', 'Off', ''),
(1715, 'STD065', '2025-10-23', 'B009', 'Arjun Panchal', 'Absent', 'Off', ''),
(1716, 'STD066', '2025-10-23', 'B009', 'Jatin Yadav', 'Absent', 'Off', ''),
(1717, 'STD067', '2025-10-23', 'B009', 'Jijith kakkarakkal', 'Absent', 'Off', ''),
(1718, 'STD068', '2025-10-23', 'B009', 'Mohammed Raza Bhojani', 'Present', 'On', ''),
(1719, 'STD069', '2025-10-23', 'B009', 'Umashankar Gurjar', 'Present', 'On', ''),
(1720, 'STD070', '2025-10-23', 'B009', 'Abhishek kumar', 'Absent', 'Off', ''),
(1721, 'STD071', '2025-10-23', 'B009', 'Shrikant uikey', 'Absent', 'Off', ''),
(1722, 'STD072', '2025-10-23', 'B009', 'Dayawanti Saini', 'Absent', 'Off', ''),
(1723, 'STD073', '2025-10-23', 'B009', 'Bhagwan mahale', 'Absent', 'Off', ''),
(1724, 'STD074', '2025-10-23', 'B009', 'Rithik Amarnani', 'Present', 'On', ''),
(1725, 'STD075', '2025-10-23', 'B009', 'Divyansh Singh', 'Absent', 'Off', ''),
(1726, 'STD076', '2025-10-23', 'B009', 'Taufiuq Shaikh', 'Absent', 'Off', ''),
(1727, 'STD077', '2025-10-23', 'B009', 'Vaibhav -', 'Absent', 'Off', ''),
(1728, 'STD078', '2025-10-23', 'B009', 'Galu -', 'Absent', 'Off', ''),
(1729, 'STD079', '2025-10-23', 'B009', 'Chahatdeep Singh', 'Present', 'On', ''),
(1730, 'STD080', '2025-10-23', 'B009', 'Govind Singh', 'Present', 'On', ''),
(1731, 'STD081', '2025-10-23', 'B009', 'Harsh Dua', 'Absent', 'Off', ''),
(1732, 'STD082', '2025-10-23', 'B009', 'Arun Gupta', 'Absent', 'Off', ''),
(1733, 'STD083', '2025-10-23', 'B009', 'Sohan Prasad Yadav', 'Present', 'On', ''),
(1734, 'STD084', '2025-10-23', 'B009', 'Kushal Saha', 'Absent', 'Off', ''),
(1735, 'STD085', '2025-10-23', 'B009', 'Biswa Ranjan Jit', 'Absent', 'Off', ''),
(1736, 'STD119', '2025-10-23', 'B009', 'Pavan Patel', 'Absent', 'Off', ''),
(1737, 'STD199', '2025-10-23', 'B014', 'Pradeep Sharma', 'Present', 'On', ''),
(1738, 'STD200', '2025-10-23', 'B014', 'Shyam Sunder Jangid', 'Present', 'On', ''),
(1739, 'STD201', '2025-10-23', 'B028', 'Harsh  Raj', 'Present', 'On', ''),
(1740, 'STD202', '2025-10-23', 'B014', 'Om Shukla', 'Present', 'On', ''),
(1741, 'STD203', '2025-10-23', 'B014', 'Nitin Bhabhor', 'Present', 'On', ''),
(1742, 'STD204', '2025-10-23', 'B014', 'Ayush Jha', 'Absent', 'Off', ''),
(1743, 'STD205', '2025-10-23', 'B014', 'Sudip Mundal', 'Present', 'On', ''),
(1744, 'STD206', '2025-10-23', 'B014', 'Mohd  AijazuddinObaid', 'Present', 'On', ''),
(1745, 'STD207', '2025-10-23', 'B014', 'Rakesh  Mewada', 'Present', 'On', ''),
(1746, 'STD209', '2025-10-23', 'B014', 'Priyanshu Sharma', 'Absent', 'Off', ''),
(1747, 'STD210', '2025-10-23', 'B014', 'ABU TALAH M BAGWAN', 'Present', 'On', ''),
(1748, 'STD001', '2025-10-28', 'B015', 'Topper Singh', 'Absent', 'Off', ''),
(1749, 'STD002', '2025-10-28', 'B001', 'Sawan Gupta', 'Absent', 'Off', 'Not Informed'),
(1750, 'STD003', '2025-10-28', 'B001', 'Bhavishya  Kalal', 'Absent', 'Off', 'Health issues'),
(1751, 'STD004', '2025-10-28', 'B028', 'Mohit Yadav', 'Absent', 'Off', 'Due to Wedding'),
(1752, 'STD005', '2025-10-28', 'B001', 'Gadde Bhanu Prasad', 'Present', 'Off', ''),
(1753, 'STD007', '2025-10-28', 'B001', 'Umang  Pandya', 'Present', 'Off', ''),
(1754, 'STD008', '2025-10-28', 'B001', 'Tejas Gupta', 'Present', 'Off', ''),
(1755, 'STD012', '2025-10-28', 'B001', 'Aaditya  Sharma', 'Absent', 'Off', 'Due to Accident'),
(1756, 'STD013', '2025-10-28', 'B001', 'Goutam Panwar', 'Present', 'Off', ''),
(1757, 'STD014', '2025-10-28', 'B001', 'Somi Raj', 'Present', 'Off', ''),
(1758, 'STD018', '2025-10-28', 'B028', 'Aditya Yadav', 'Absent', 'Off', ''),
(1759, 'STD212', '2025-10-28', 'B028', 'Shriram Harishchandra Darunte', 'Absent', 'Off', ''),
(1760, 'STD064', '2025-10-28', 'B009', 'Swaraj Patil', 'Absent', 'Off', ''),
(1761, 'STD065', '2025-10-28', 'B009', 'Arjun Panchal', 'Present', 'Off', ''),
(1762, 'STD066', '2025-10-28', 'B009', 'Jatin Yadav', 'Present', 'On', ''),
(1763, 'STD067', '2025-10-28', 'B009', 'Jijith kakkarakkal', 'Absent', 'Off', ''),
(1764, 'STD068', '2025-10-28', 'B009', 'Mohammed Raza Bhojani', 'Present', 'On', ''),
(1765, 'STD069', '2025-10-28', 'B009', 'Umashankar Gurjar', 'Present', 'On', ''),
(1766, 'STD070', '2025-10-28', 'B009', 'Abhishek kumar', 'Absent', 'Off', ''),
(1767, 'STD071', '2025-10-28', 'B009', 'Shrikant uikey', 'Absent', 'Off', ''),
(1768, 'STD072', '2025-10-28', 'B009', 'Dayawanti Saini', 'Absent', 'Off', ''),
(1769, 'STD073', '2025-10-28', 'B009', 'Bhagwan mahale', 'Present', 'On', ''),
(1770, 'STD074', '2025-10-28', 'B009', 'Rithik Amarnani', 'Present', 'On', ''),
(1771, 'STD075', '2025-10-28', 'B009', 'Divyansh Singh', 'Absent', 'Off', ''),
(1772, 'STD076', '2025-10-28', 'B009', 'Taufiuq Shaikh', 'Absent', 'Off', ''),
(1773, 'STD077', '2025-10-28', 'B009', 'Vaibhav -', 'Present', 'On', ''),
(1774, 'STD078', '2025-10-28', 'B009', 'Galu -', 'Present', 'On', ''),
(1775, 'STD079', '2025-10-28', 'B009', 'Chahatdeep Singh', 'Present', 'On', ''),
(1776, 'STD080', '2025-10-28', 'B009', 'Govind Singh', 'Present', 'On', ''),
(1777, 'STD081', '2025-10-28', 'B009', 'Harsh Dua', 'Absent', 'Off', ''),
(1778, 'STD082', '2025-10-28', 'B009', 'Arun Gupta', 'Present', 'On', ''),
(1779, 'STD083', '2025-10-28', 'B009', 'Sohan Prasad Yadav', 'Present', 'On', ''),
(1780, 'STD084', '2025-10-28', 'B009', 'Kushal Saha', 'Absent', 'Off', ''),
(1781, 'STD085', '2025-10-28', 'B009', 'Biswa Ranjan Jit', 'Absent', 'Off', ''),
(1782, 'STD119', '2025-10-28', 'B009', 'Pavan Patel', 'Absent', 'Off', ''),
(1783, 'STD199', '2025-10-28', 'B014', 'Pradeep Sharma', 'Present', 'On', ''),
(1784, 'STD200', '2025-10-28', 'B014', 'Shyam Sunder Jangid', 'Present', 'On', ''),
(1785, 'STD201', '2025-10-28', 'B028', 'Harsh  Raj', 'Present', 'On', ''),
(1786, 'STD202', '2025-10-28', 'B014', 'Om Shukla', 'Present', 'On', ''),
(1787, 'STD203', '2025-10-28', 'B014', 'Nitin Bhabhor', 'Present', 'On', ''),
(1788, 'STD204', '2025-10-28', 'B014', 'Ayush Jha', 'Absent', 'Off', ''),
(1789, 'STD205', '2025-10-28', 'B014', 'Sudip Mundal', 'Present', 'On', ''),
(1790, 'STD206', '2025-10-28', 'B014', 'Mohd  AijazuddinObaid', 'Present', 'On', ''),
(1791, 'STD207', '2025-10-28', 'B014', 'Rakesh  Mewada', 'Present', 'On', ''),
(1792, 'STD209', '2025-10-28', 'B014', 'Priyanshu Sharma', 'Present', 'On', ''),
(1793, 'STD210', '2025-10-28', 'B014', 'ABU TALAH M BAGWAN', 'Present', 'On', ''),
(1794, 'STD017', '2025-10-28', 'B008', 'Virendra Sharma', 'Present', 'On', ''),
(1795, 'STD045', '2025-10-28', 'B008', 'Surajit Ghosh', 'Present', 'On', ''),
(1796, 'STD046', '2025-10-28', 'B008', 'Anurag Shrivastav', 'Absent', 'Off', ''),
(1797, 'STD051', '2025-10-28', 'B008', 'Adil Khan', 'Absent', 'Off', ''),
(1798, 'STD052', '2025-10-28', 'B008', 'Gunjan Tak', 'Present', 'On', ''),
(1799, 'STD056', '2025-10-28', 'B008', 'Shaik abubakrsiddiq', 'Present', 'On', ''),
(1800, 'STD057', '2025-10-28', 'B008', 'Lalit Dagur', 'Present', 'On', ''),
(1801, 'STD058', '2025-10-28', 'B008', 'Arambakam Nanda Kishore', 'Present', 'On', ''),
(1802, 'STD059', '2025-10-28', 'B008', 'Sharon Joshi', 'Absent', 'Off', ''),
(1803, 'STD060', '2025-10-28', 'B008', 'Gitanshu -', 'Present', 'On', ''),
(1804, 'STD061', '2025-10-28', 'B008', 'Atharv Bhandari', 'Present', 'On', ''),
(1805, 'STD062', '2025-10-28', 'B008', 'Vishal Ashokan', 'Absent', 'Off', ''),
(1806, 'STD063', '2025-10-28', 'B008', 'Deepak Jindal', 'Present', 'On', ''),
(1807, 'STD086', '2025-10-28', 'B008', 'Mominul Hoque', 'Present', 'On', ''),
(1808, 'STD088', '2025-10-28', 'B008', 'Nishant Sharma', 'Present', 'On', ''),
(1809, 'STD089', '2025-10-28', 'B008', 'Sanika More', 'Present', 'On', ''),
(1810, 'STD090', '2025-10-28', 'B008', 'Prince Kalal', 'Present', 'On', ''),
(1811, 'STD091', '2025-10-28', 'B008', 'Venkanta Srilakshmi', 'Absent', 'Off', ''),
(1812, 'STD208', '2025-10-28', 'B008', 'Mubin Mujwar', 'Absent', 'Off', ''),
(1813, 'STD093', '2025-10-28', 'B011', 'Sahil Kumar', 'Present', 'On', ''),
(1814, 'STD094', '2025-10-28', 'B011', 'Vasu Vekariya', 'Absent', 'Off', ''),
(1815, 'STD095', '2025-10-28', 'B011', 'Bhavesh Kumar', 'Present', 'On', ''),
(1816, 'STD097', '2025-10-28', 'B011', 'Prince Negi', 'Present', 'On', ''),
(1817, 'STD098', '2025-10-28', 'B028', 'Shruti Jethlia', 'Absent', 'Off', ''),
(1818, 'STD099', '2025-10-28', 'B011', 'Abdur Rahman', 'Present', 'On', ''),
(1819, 'STD101', '2025-10-28', 'B011', 'Jaydeep Chavan', 'Absent', 'Off', ''),
(1820, 'STD102', '2025-10-28', 'B011', 'Dhruv Agarwal', 'Absent', 'Off', ''),
(1821, 'STD103', '2025-10-28', 'B011', 'Abhay Pratap', 'Absent', 'Off', ''),
(1822, 'STD104', '2025-10-28', 'B028', 'Rahul Sahu', 'Absent', 'Off', ''),
(1823, 'STD106', '2025-10-28', 'B011', 'Farzad Jakir Shaikh', 'Present', 'On', ''),
(1824, 'STD107', '2025-10-28', 'B011', 'Palak Panwar', 'Present', 'On', ''),
(1825, 'STD108', '2025-10-28', 'B011', 'Ashish Chaudhary', 'Present', 'On', ''),
(1826, 'STD109', '2025-10-28', 'B011', 'Drishti Pandey', 'Present', 'On', ''),
(1827, 'STD110', '2025-10-28', 'B011', 'Piyush Kumar Sain', 'Absent', 'Off', ''),
(1828, 'STD111', '2025-10-28', 'B011', 'Sahil Dilip Patrekar', 'Present', 'On', ''),
(1829, 'STD112', '2025-10-28', 'B011', 'Deepak Kumar', 'Present', 'On', ''),
(1830, 'STD113', '2025-10-28', 'B011', 'Jayesh Wasnik', 'Present', 'On', ''),
(1831, 'STD114', '2025-10-28', 'B011', 'Chandu -', 'Present', 'On', ''),
(1832, 'STD115', '2025-10-28', 'B011', 'Vikas Yadav', 'Present', 'On', ''),
(1833, 'STD019', '2025-10-28', 'B018', 'Bhavya Wade', 'Present', 'On', ''),
(1834, 'STD020', '2025-10-28', 'B018', 'Kavya Wade', 'Present', 'On', ''),
(1835, 'STD021', '2025-10-28', 'B018', 'Amar Singh', 'Present', 'On', ''),
(1836, 'STD022', '2025-10-28', 'B018', 'Shardha Jadhav', 'Present', 'On', ''),
(1837, 'STD023', '2025-10-28', 'B018', 'Ananad Mishra', 'Present', 'On', ''),
(1838, 'STD024', '2025-10-28', 'B018', 'Anshu Kushwaha', 'Absent', 'Off', ''),
(1839, 'STD025', '2025-10-28', 'B018', 'Chandan Kumar', 'Present', 'On', ''),
(1840, 'STD026', '2025-10-28', 'B018', 'Melvin Babu', 'Present', 'On', ''),
(1841, 'STD027', '2025-10-28', 'B018', 'Kanishk Bhardwaj', 'Present', 'On', ''),
(1842, 'STD029', '2025-10-28', 'B018', 'Harvinder Singh', 'Present', 'On', ''),
(1843, 'STD030', '2025-10-28', 'B018', 'Abhishek Sah', 'Present', 'On', ''),
(1844, 'STD031', '2025-10-28', 'B018', 'Rahul Vinod Devkar', 'Absent', 'Off', ''),
(1845, 'STD033', '2025-10-28', 'B018', 'Aman Singh', 'Present', 'On', ''),
(1846, 'STD035', '2025-10-28', 'B018', 'Guru Prasad Yadav', 'Absent', 'Off', ''),
(1847, 'STD036', '2025-10-28', 'B018', 'Sawyam Dhar', 'Present', 'On', ''),
(1848, 'STD038', '2025-10-28', 'B018', 'Ajay Kumar', 'Absent', 'Off', ''),
(1849, 'STD040', '2025-10-28', 'B018', 'Rahul Lad', 'Present', 'On', ''),
(1850, 'STD041', '2025-10-28', 'B018', 'Takshil Patel', 'Present', 'On', ''),
(1851, 'STD042', '2025-10-28', 'B018', 'Prem Tejash Patil', 'Absent', 'Off', ''),
(1852, 'STD043', '2025-10-28', 'B018', 'Suraj Kumar', 'Present', 'On', ''),
(1853, 'STD044', '2025-10-28', 'B018', 'Aditya Pratap Singh', 'Present', 'On', ''),
(1854, 'STD116', '2025-10-28', 'B010', 'Anjali Saini', 'Present', 'On', ''),
(1855, 'STD117', '2025-10-28', 'B010', 'Mohd junaid -', 'Present', 'On', ''),
(1856, 'STD118', '2025-10-28', 'B010', 'Bhagyesh -', 'Present', 'On', ''),
(1857, 'STD120', '2025-10-28', 'B010', 'Gopal Singh', 'Absent', 'Off', ''),
(1858, 'STD121', '2025-10-28', 'B010', 'Sunny Kumar', 'Present', 'On', ''),
(1859, 'STD124', '2025-10-28', 'B010', 'Shubham Kumar', 'Absent', 'Off', ''),
(1860, 'STD125', '2025-10-28', 'B010', 'Aditya Sharma', 'Absent', 'Off', ''),
(1861, 'STD214', '2025-10-28', 'B010', 'Yash Patel', 'Present', 'On', ''),
(1862, 'STD215', '2025-10-28', 'B010', 'Ravi -', 'Present', 'On', ''),
(1863, 'STD216', '2025-10-28', 'B010', 'Bal Kishan  Vyas', 'Present', 'On', ''),
(1864, 'STD139', '2025-10-28', 'B016', 'Ruchika -', 'Present', 'On', ''),
(1865, 'STD140', '2025-10-28', 'B016', 'Mahesh Kumar Dayal', 'Present', 'On', ''),
(1866, 'STD141', '2025-10-28', 'B005', 'Tapas Ranjan Patel', 'Absent', 'Off', ''),
(1867, 'STD142', '2025-10-28', 'B016', 'Harushikesh Nehete', 'Present', 'On', ''),
(1868, 'STD143', '2025-10-28', 'B016', 'Praveen Kumar Kashyap', 'Present', 'On', ''),
(1869, 'STD144', '2025-10-28', 'B016', 'Sandeep Kumar', 'Present', 'On', ''),
(1870, 'STD145', '2025-10-28', 'B016', 'Abhishek Mahato', 'Present', 'On', ''),
(1871, 'STD146', '2025-10-28', 'B016', 'Uttam Nishad', 'Present', 'On', ''),
(1872, 'STD147', '2025-10-28', 'B005', 'Mohsin Akhter', 'Absent', 'Off', ''),
(1873, 'STD148', '2025-10-28', 'B005', 'Mithun Rathod', 'Absent', 'Off', ''),
(1874, 'STD149', '2025-10-28', 'B016', 'Pankaj Kewat', 'Present', 'On', ''),
(1875, 'STD150', '2025-10-28', 'B016', 'Ayush Sahu', 'Present', 'On', ''),
(1876, 'STD151', '2025-10-28', 'B016', 'Ashish Kumar', 'Absent', 'Off', ''),
(1877, 'STD152', '2025-10-28', 'B016', 'Lakshay Parashar', 'Absent', 'Off', ''),
(1878, 'STD153', '2025-10-28', 'B016', 'Ronit Hazra', 'Present', 'On', ''),
(1879, 'STD154', '2025-10-28', 'B016', 'Prachi Dahiya', 'Present', 'On', ''),
(1880, 'STD155', '2025-10-28', 'B016', 'Harshit Rathore', 'Absent', 'Off', ''),
(1881, 'STD156', '2025-10-28', 'B005', 'Mohit Khundia', 'Absent', 'Off', ''),
(1882, 'STD195', '2025-10-28', 'B005', 'Yash Raj Kumar', 'Absent', 'Off', ''),
(1883, 'STD196', '2025-10-28', 'B005', 'Shubham -', 'Absent', 'Off', ''),
(1884, 'STD197', '2025-10-28', 'B016', 'Muhammed Feroz', 'Absent', 'Off', ''),
(1885, 'STD198', '2025-10-28', 'B016', 'Jasmail  Online', 'Present', 'On', ''),
(1886, 'STD211', '2025-10-28', 'B016', 'Aarti Patil', 'Present', 'On', ''),
(1887, 'STD213', '2025-10-28', 'B016', 'Vivek Pal', 'Present', 'On', ''),
(1888, 'STD049', '2025-10-28', 'B007', 'Yash Kolhe', 'Present', 'On', ''),
(1889, 'STD126', '2025-10-28', 'B007', 'Sharad Jadhav', 'Absent', 'Off', ''),
(1890, 'STD127', '2025-10-28', 'B016', 'Vishal Kumar', 'Present', 'Off', ''),
(1891, 'STD128', '2025-10-28', 'B007', 'Ayub -', 'Present', 'On', ''),
(1892, 'STD129', '2025-10-28', 'B007', 'Shantu Kharadi', 'Absent', 'Off', ''),
(1893, 'STD130', '2025-10-28', 'B016', 'Krishna Sahu', 'Present', 'On', ''),
(1894, 'STD131', '2025-10-28', 'B007', 'Shivraj Patil', 'Present', 'On', ''),
(1895, 'STD132', '2025-10-28', 'B007', 'Prabhat Priyadarshi', 'Present', 'On', ''),
(1896, 'STD133', '2025-10-28', 'B007', 'Shubham Kumar', 'Absent', 'Off', ''),
(1897, 'STD134', '2025-10-28', 'B016', 'Pawan Tanwar', 'Present', 'On', ''),
(1898, 'STD135', '2025-10-28', 'B016', 'Sanjeev Kumar Yadav', 'Absent', 'Off', ''),
(1899, 'STD136', '2025-10-28', 'B007', 'Ritika Bisht', 'Absent', 'Off', ''),
(1900, 'STD137', '2025-10-28', 'B007', 'Shiva Tiwari', 'Absent', 'Off', ''),
(1901, 'STD138', '2025-10-28', 'B007', 'Rahul Bisoyi', 'Absent', 'Off', ''),
(1902, 'STD064', '2025-10-29', 'B009', 'Swaraj Patil', 'Absent', 'Off', ''),
(1903, 'STD065', '2025-10-29', 'B009', 'Arjun Panchal', 'Absent', 'Off', ''),
(1904, 'STD066', '2025-10-29', 'B009', 'Jatin Yadav', 'Present', 'Off', ''),
(1905, 'STD067', '2025-10-29', 'B009', 'Jijith kakkarakkal', 'Absent', 'Off', ''),
(1906, 'STD068', '2025-10-29', 'B009', 'Mohammed Raza Bhojani', 'Present', 'Off', ''),
(1907, 'STD069', '2025-10-29', 'B009', 'Umashankar Gurjar', 'Present', 'Off', ''),
(1908, 'STD070', '2025-10-29', 'B009', 'Abhishek kumar', 'Absent', 'Off', ''),
(1909, 'STD071', '2025-10-29', 'B009', 'Shrikant uikey', 'Absent', 'Off', ''),
(1910, 'STD072', '2025-10-29', 'B009', 'Dayawanti Saini', 'Absent', 'Off', ''),
(1911, 'STD073', '2025-10-29', 'B009', 'Bhagwan mahale', 'Absent', 'Off', ''),
(1912, 'STD074', '2025-10-29', 'B009', 'Rithik Amarnani', 'Present', 'Off', ''),
(1913, 'STD075', '2025-10-29', 'B009', 'Divyansh Singh', 'Absent', 'Off', ''),
(1914, 'STD076', '2025-10-29', 'B009', 'Taufiuq Shaikh', 'Absent', 'Off', ''),
(1915, 'STD077', '2025-10-29', 'B009', 'Vaibhav -', 'Present', 'Off', ''),
(1916, 'STD078', '2025-10-29', 'B009', 'Galu -', 'Present', 'Off', ''),
(1917, 'STD079', '2025-10-29', 'B009', 'Chahatdeep Singh', 'Present', 'Off', ''),
(1918, 'STD080', '2025-10-29', 'B009', 'Govind Singh', 'Present', 'Off', ''),
(1919, 'STD081', '2025-10-29', 'B009', 'Harsh Dua', 'Absent', 'Off', ''),
(1920, 'STD082', '2025-10-29', 'B009', 'Arun Gupta', 'Absent', 'Off', ''),
(1921, 'STD083', '2025-10-29', 'B009', 'Sohan Prasad Yadav', 'Present', 'Off', ''),
(1922, 'STD084', '2025-10-29', 'B009', 'Kushal Saha', 'Absent', 'Off', ''),
(1923, 'STD085', '2025-10-29', 'B009', 'Biswa Ranjan Jit', 'Present', 'Off', ''),
(1924, 'STD119', '2025-10-29', 'B009', 'Pavan Patel', 'Absent', 'Off', ''),
(1925, 'STD199', '2025-10-29', 'B014', 'Pradeep Sharma', 'Present', 'Off', ''),
(1926, 'STD200', '2025-10-29', 'B014', 'Shyam Sunder Jangid', 'Present', 'Off', ''),
(1927, 'STD201', '2025-10-29', 'B028', 'Harsh  Raj', 'Present', 'Off', ''),
(1928, 'STD202', '2025-10-29', 'B014', 'Om Shukla', 'Present', 'Off', ''),
(1929, 'STD203', '2025-10-29', 'B014', 'Nitin Bhabhor', 'Present', 'Off', ''),
(1930, 'STD204', '2025-10-29', 'B014', 'Ayush Jha', 'Present', 'Off', ''),
(1931, 'STD205', '2025-10-29', 'B014', 'Sudip Mundal', 'Present', 'Off', ''),
(1932, 'STD206', '2025-10-29', 'B014', 'Mohd  AijazuddinObaid', 'Present', 'Off', ''),
(1933, 'STD207', '2025-10-29', 'B014', 'Rakesh  Mewada', 'Present', 'Off', ''),
(1934, 'STD209', '2025-10-29', 'B014', 'Priyanshu Sharma', 'Absent', 'Off', ''),
(1935, 'STD210', '2025-10-29', 'B014', 'ABU TALAH M BAGWAN', 'Present', 'Off', ''),
(1936, 'STD017', '2025-10-29', 'B008', 'Virendra Sharma', 'Present', 'Off', ''),
(1937, 'STD045', '2025-10-29', 'B008', 'Surajit Ghosh', 'Present', 'Off', ''),
(1938, 'STD046', '2025-10-29', 'B008', 'Anurag Shrivastav', 'Absent', 'Off', ''),
(1939, 'STD051', '2025-10-29', 'B008', 'Adil Khan', 'Absent', 'Off', ''),
(1940, 'STD052', '2025-10-29', 'B008', 'Gunjan Tak', 'Present', 'Off', ''),
(1941, 'STD056', '2025-10-29', 'B008', 'Shaik abubakrsiddiq', 'Present', 'Off', ''),
(1942, 'STD057', '2025-10-29', 'B008', 'Lalit Dagur', 'Present', 'Off', ''),
(1943, 'STD058', '2025-10-29', 'B008', 'Arambakam Nanda Kishore', 'Present', 'Off', ''),
(1944, 'STD059', '2025-10-29', 'B008', 'Sharon Joshi', 'Absent', 'Off', ''),
(1945, 'STD060', '2025-10-29', 'B008', 'Gitanshu -', 'Absent', 'Off', ''),
(1946, 'STD061', '2025-10-29', 'B008', 'Atharv Bhandari', 'Present', 'Off', ''),
(1947, 'STD062', '2025-10-29', 'B008', 'Vishal Ashokan', 'Absent', 'Off', ''),
(1948, 'STD063', '2025-10-29', 'B008', 'Deepak Jindal', 'Present', 'Off', ''),
(1949, 'STD086', '2025-10-29', 'B008', 'Mominul Hoque', 'Present', 'Off', ''),
(1950, 'STD088', '2025-10-29', 'B008', 'Nishant Sharma', 'Present', 'Off', ''),
(1951, 'STD089', '2025-10-29', 'B008', 'Sanika More', 'Present', 'Off', ''),
(1952, 'STD090', '2025-10-29', 'B008', 'Prince Kalal', 'Present', 'Off', ''),
(1953, 'STD091', '2025-10-29', 'B008', 'Venkanta Srilakshmi', 'Absent', 'Off', ''),
(1954, 'STD208', '2025-10-29', 'B008', 'Mubin Mujwar', 'Absent', 'Off', ''),
(1955, 'STD116', '2025-10-29', 'B010', 'Anjali Saini', 'Present', 'Off', ''),
(1956, 'STD117', '2025-10-29', 'B010', 'Mohd junaid -', 'Absent', 'Off', ''),
(1957, 'STD118', '2025-10-29', 'B010', 'Bhagyesh -', 'Present', 'Off', ''),
(1958, 'STD120', '2025-10-29', 'B010', 'Gopal Singh', 'Present', 'Off', ''),
(1959, 'STD121', '2025-10-29', 'B010', 'Sunny Kumar', 'Absent', 'Off', ''),
(1960, 'STD124', '2025-10-29', 'B010', 'Shubham Kumar', 'Absent', 'Off', ''),
(1961, 'STD125', '2025-10-29', 'B010', 'Aditya Sharma', 'Present', 'Off', ''),
(1962, 'STD214', '2025-10-29', 'B010', 'Yash Patel', 'Present', 'Off', ''),
(1963, 'STD215', '2025-10-29', 'B010', 'Ravi -', 'Present', 'Off', ''),
(1964, 'STD216', '2025-10-29', 'B010', 'Bal Kishan  Vyas', 'Present', 'Off', ''),
(1965, 'STD139', '2025-10-29', 'B016', 'Ruchika -', 'Present', 'Off', ''),
(1966, 'STD140', '2025-10-29', 'B016', 'Mahesh Kumar Dayal', 'Present', 'Off', ''),
(1967, 'STD141', '2025-10-29', 'B005', 'Tapas Ranjan Patel', 'Absent', 'Off', ''),
(1968, 'STD142', '2025-10-29', 'B016', 'Harushikesh Nehete', 'Present', 'Off', ''),
(1969, 'STD143', '2025-10-29', 'B016', 'Praveen Kumar Kashyap', 'Present', 'Off', ''),
(1970, 'STD144', '2025-10-29', 'B016', 'Sandeep Kumar', 'Present', 'Off', ''),
(1971, 'STD145', '2025-10-29', 'B016', 'Abhishek Mahato', 'Present', 'Off', ''),
(1972, 'STD146', '2025-10-29', 'B016', 'Uttam Nishad', 'Present', 'Off', ''),
(1973, 'STD147', '2025-10-29', 'B005', 'Mohsin Akhter', 'Absent', 'Off', ''),
(1974, 'STD148', '2025-10-29', 'B005', 'Mithun Rathod', 'Absent', 'Off', ''),
(1975, 'STD149', '2025-10-29', 'B016', 'Pankaj Kewat', 'Present', 'Off', ''),
(1976, 'STD150', '2025-10-29', 'B016', 'Ayush Sahu', 'Present', 'Off', ''),
(1977, 'STD151', '2025-10-29', 'B016', 'Ashish Kumar', 'Present', 'Off', ''),
(1978, 'STD152', '2025-10-29', 'B016', 'Lakshay Parashar', 'Absent', 'Off', ''),
(1979, 'STD153', '2025-10-29', 'B016', 'Ronit Hazra', 'Absent', 'Off', ''),
(1980, 'STD154', '2025-10-29', 'B016', 'Prachi Dahiya', 'Present', 'Off', ''),
(1981, 'STD155', '2025-10-29', 'B016', 'Harshit Rathore', 'Absent', 'Off', ''),
(1982, 'STD156', '2025-10-29', 'B005', 'Mohit Khundia', 'Absent', 'Off', ''),
(1983, 'STD195', '2025-10-29', 'B005', 'Yash Raj Kumar', 'Absent', 'Off', ''),
(1984, 'STD196', '2025-10-29', 'B005', 'Shubham -', 'Absent', 'Off', ''),
(1985, 'STD197', '2025-10-29', 'B016', 'Muhammed Feroz', 'Absent', 'Off', ''),
(1986, 'STD198', '2025-10-29', 'B016', 'Jasmail  Online', 'Present', 'Off', ''),
(1987, 'STD211', '2025-10-29', 'B016', 'Aarti Patil', 'Present', 'Off', ''),
(1988, 'STD213', '2025-10-29', 'B016', 'Vivek Pal', 'Present', 'Off', ''),
(1989, 'STD019', '2025-10-29', 'B018', 'Bhavya Wade', 'Present', 'Off', ''),
(1990, 'STD020', '2025-10-29', 'B018', 'Kavya Wade', 'Present', 'Off', ''),
(1991, 'STD021', '2025-10-29', 'B018', 'Amar Singh', 'Present', 'Off', ''),
(1992, 'STD022', '2025-10-29', 'B018', 'Shardha Jadhav', 'Absent', 'Off', ''),
(1993, 'STD023', '2025-10-29', 'B018', 'Ananad Mishra', 'Present', 'Off', ''),
(1994, 'STD024', '2025-10-29', 'B018', 'Anshu Kushwaha', 'Present', 'Off', ''),
(1995, 'STD025', '2025-10-29', 'B018', 'Chandan Kumar', 'Present', 'Off', ''),
(1996, 'STD026', '2025-10-29', 'B018', 'Melvin Babu', 'Absent', 'Off', ''),
(1997, 'STD027', '2025-10-29', 'B018', 'Kanishk Bhardwaj', 'Present', 'Off', ''),
(1998, 'STD029', '2025-10-29', 'B018', 'Harvinder Singh', 'Present', 'Off', ''),
(1999, 'STD030', '2025-10-29', 'B018', 'Abhishek Sah', 'Absent', 'Off', ''),
(2000, 'STD031', '2025-10-29', 'B018', 'Rahul Vinod Devkar', 'Absent', 'Off', ''),
(2001, 'STD033', '2025-10-29', 'B018', 'Aman Singh', 'Absent', 'Off', ''),
(2002, 'STD035', '2025-10-29', 'B018', 'Guru Prasad Yadav', 'Present', 'Off', ''),
(2003, 'STD036', '2025-10-29', 'B018', 'Sawyam Dhar', 'Absent', 'Off', ''),
(2004, 'STD038', '2025-10-29', 'B018', 'Ajay Kumar', 'Present', 'Off', ''),
(2005, 'STD040', '2025-10-29', 'B018', 'Rahul Lad', 'Present', 'Off', ''),
(2006, 'STD041', '2025-10-29', 'B018', 'Takshil Patel', 'Present', 'Off', ''),
(2007, 'STD042', '2025-10-29', 'B018', 'Prem Tejash Patil', 'Absent', 'Off', ''),
(2008, 'STD043', '2025-10-29', 'B018', 'Suraj Kumar', 'Present', 'Off', ''),
(2009, 'STD044', '2025-10-29', 'B018', 'Aditya Pratap Singh', 'Absent', 'Off', ''),
(2010, 'STD093', '2025-10-29', 'B011', 'Sahil Kumar', 'Absent', 'Off', ''),
(2011, 'STD094', '2025-10-29', 'B011', 'Vasu Vekariya', 'Present', 'Off', ''),
(2012, 'STD095', '2025-10-29', 'B011', 'Bhavesh Kumar', 'Absent', 'Off', ''),
(2013, 'STD097', '2025-10-29', 'B011', 'Prince Negi', 'Present', 'Off', ''),
(2014, 'STD098', '2025-10-29', 'B028', 'Shruti Jethlia', 'Absent', 'Off', ''),
(2015, 'STD099', '2025-10-29', 'B011', 'Abdur Rahman', 'Present', 'Off', ''),
(2016, 'STD101', '2025-10-29', 'B011', 'Jaydeep Chavan', 'Present', 'Off', ''),
(2017, 'STD102', '2025-10-29', 'B011', 'Dhruv Agarwal', 'Absent', 'Off', ''),
(2018, 'STD103', '2025-10-29', 'B011', 'Abhay Pratap', 'Present', 'Off', ''),
(2019, 'STD104', '2025-10-29', 'B028', 'Rahul Sahu', 'Absent', 'Off', ''),
(2020, 'STD106', '2025-10-29', 'B011', 'Farzad Jakir Shaikh', 'Present', 'Off', ''),
(2021, 'STD107', '2025-10-29', 'B011', 'Palak Panwar', 'Present', 'Off', ''),
(2022, 'STD108', '2025-10-29', 'B011', 'Ashish Chaudhary', 'Present', 'Off', ''),
(2023, 'STD109', '2025-10-29', 'B011', 'Drishti Pandey', 'Present', 'Off', ''),
(2024, 'STD110', '2025-10-29', 'B011', 'Piyush Kumar Sain', 'Present', 'Off', ''),
(2025, 'STD111', '2025-10-29', 'B011', 'Sahil Dilip Patrekar', 'Present', 'Off', ''),
(2026, 'STD112', '2025-10-29', 'B011', 'Deepak Kumar', 'Present', 'Off', ''),
(2027, 'STD113', '2025-10-29', 'B011', 'Jayesh Wasnik', 'Present', 'Off', ''),
(2028, 'STD114', '2025-10-29', 'B011', 'Chandu -', 'Present', 'Off', ''),
(2029, 'STD115', '2025-10-29', 'B011', 'Vikas Yadav', 'Present', 'Off', ''),
(2030, 'STD064', '2025-10-30', 'B009', 'Swaraj Patil', 'Absent', 'Off', ''),
(2031, 'STD065', '2025-10-30', 'B009', 'Arjun Panchal', 'Absent', 'Off', ''),
(2032, 'STD066', '2025-10-30', 'B009', 'Jatin Yadav', 'Present', 'Off', ''),
(2033, 'STD067', '2025-10-30', 'B009', 'Jijith kakkarakkal', 'Absent', 'Off', ''),
(2034, 'STD068', '2025-10-30', 'B009', 'Mohammed Raza Bhojani', 'Present', 'Off', ''),
(2035, 'STD069', '2025-10-30', 'B009', 'Umashankar Gurjar', 'Present', 'Off', ''),
(2036, 'STD070', '2025-10-30', 'B009', 'Abhishek kumar', 'Present', 'Off', ''),
(2037, 'STD071', '2025-10-30', 'B009', 'Shrikant uikey', 'Absent', 'Off', ''),
(2038, 'STD072', '2025-10-30', 'B009', 'Dayawanti Saini', 'Present', 'Off', ''),
(2039, 'STD073', '2025-10-30', 'B009', 'Bhagwan mahale', 'Present', 'Off', ''),
(2040, 'STD074', '2025-10-30', 'B009', 'Rithik Amarnani', 'Present', 'Off', ''),
(2041, 'STD075', '2025-10-30', 'B009', 'Divyansh Singh', 'Absent', 'Off', ''),
(2042, 'STD076', '2025-10-30', 'B009', 'Taufiuq Shaikh', 'Absent', 'Off', ''),
(2043, 'STD077', '2025-10-30', 'B009', 'Vaibhav -', 'Present', 'Off', ''),
(2044, 'STD078', '2025-10-30', 'B009', 'Galu -', 'Present', 'Off', ''),
(2045, 'STD079', '2025-10-30', 'B009', 'Chahatdeep Singh', 'Present', 'Off', ''),
(2046, 'STD080', '2025-10-30', 'B009', 'Govind Singh', 'Present', 'Off', ''),
(2047, 'STD081', '2025-10-30', 'B009', 'Harsh Dua', 'Absent', 'Off', ''),
(2048, 'STD082', '2025-10-30', 'B009', 'Arun Gupta', 'Present', 'Off', ''),
(2049, 'STD083', '2025-10-30', 'B009', 'Sohan Prasad Yadav', 'Present', 'Off', ''),
(2050, 'STD084', '2025-10-30', 'B009', 'Kushal Saha', 'Present', 'Off', ''),
(2051, 'STD085', '2025-10-30', 'B009', 'Biswa Ranjan Jit', 'Present', 'Off', ''),
(2052, 'STD119', '2025-10-30', 'B009', 'Pavan Patel', 'Absent', 'Off', ''),
(2053, 'STD199', '2025-10-30', 'B014', 'Pradeep Sharma', 'Present', 'Off', ''),
(2054, 'STD200', '2025-10-30', 'B014', 'Shyam Sunder Jangid', 'Present', 'Off', ''),
(2055, 'STD201', '2025-10-30', 'B028', 'Harsh  Raj', 'Present', 'Off', ''),
(2056, 'STD202', '2025-10-30', 'B014', 'Om Shukla', 'Present', 'Off', ''),
(2057, 'STD203', '2025-10-30', 'B014', 'Nitin Bhabhor', 'Present', 'Off', ''),
(2058, 'STD204', '2025-10-30', 'B014', 'Ayush Jha', 'Present', 'Off', ''),
(2059, 'STD205', '2025-10-30', 'B014', 'Sudip Mundal', 'Present', 'Off', ''),
(2060, 'STD206', '2025-10-30', 'B014', 'Mohd  AijazuddinObaid', 'Present', 'Off', ''),
(2061, 'STD207', '2025-10-30', 'B014', 'Rakesh  Mewada', 'Present', 'Off', ''),
(2062, 'STD209', '2025-10-30', 'B014', 'Priyanshu Sharma', 'Absent', 'Off', ''),
(2063, 'STD210', '2025-10-30', 'B014', 'ABU TALAH M BAGWAN', 'Present', 'Off', ''),
(2064, 'STD017', '2025-10-30', 'B008', 'Virendra Sharma', 'Absent', 'Off', ''),
(2065, 'STD045', '2025-10-30', 'B008', 'Surajit Ghosh', 'Present', 'Off', ''),
(2066, 'STD046', '2025-10-30', 'B008', 'Anurag Shrivastav', 'Absent', 'Off', ''),
(2067, 'STD051', '2025-10-30', 'B008', 'Adil Khan', 'Absent', 'Off', ''),
(2068, 'STD052', '2025-10-30', 'B008', 'Gunjan Tak', 'Present', 'Off', ''),
(2069, 'STD056', '2025-10-30', 'B008', 'Shaik abubakrsiddiq', 'Present', 'Off', ''),
(2070, 'STD057', '2025-10-30', 'B008', 'Lalit Dagur', 'Absent', 'Off', ''),
(2071, 'STD058', '2025-10-30', 'B008', 'Arambakam Nanda Kishore', 'Present', 'Off', ''),
(2072, 'STD059', '2025-10-30', 'B008', 'Sharon Joshi', 'Absent', 'Off', ''),
(2073, 'STD060', '2025-10-30', 'B008', 'Gitanshu -', 'Absent', 'Off', ''),
(2074, 'STD061', '2025-10-30', 'B008', 'Atharv Bhandari', 'Present', 'Off', ''),
(2075, 'STD062', '2025-10-30', 'B008', 'Vishal Ashokan', 'Absent', 'Off', ''),
(2076, 'STD063', '2025-10-30', 'B008', 'Deepak Jindal', 'Present', 'Off', ''),
(2077, 'STD086', '2025-10-30', 'B008', 'Mominul Hoque', 'Present', 'Off', ''),
(2078, 'STD088', '2025-10-30', 'B008', 'Nishant Sharma', 'Present', 'Off', ''),
(2079, 'STD089', '2025-10-30', 'B008', 'Sanika More', 'Absent', 'Off', ''),
(2080, 'STD090', '2025-10-30', 'B008', 'Prince Kalal', 'Absent', 'Off', ''),
(2081, 'STD091', '2025-10-30', 'B008', 'Venkanta Srilakshmi', 'Absent', 'Off', ''),
(2082, 'STD208', '2025-10-30', 'B008', 'Mubin Mujwar', 'Absent', 'Off', ''),
(2083, 'STD116', '2025-10-30', 'B010', 'Anjali Saini', 'Present', 'Off', ''),
(2084, 'STD117', '2025-10-30', 'B010', 'Mohd junaid -', 'Present', 'Off', ''),
(2085, 'STD118', '2025-10-30', 'B010', 'Bhagyesh -', 'Absent', 'Off', ''),
(2086, 'STD120', '2025-10-30', 'B010', 'Gopal Singh', 'Present', 'Off', ''),
(2087, 'STD121', '2025-10-30', 'B010', 'Sunny Kumar', 'Present', 'Off', ''),
(2088, 'STD124', '2025-10-30', 'B010', 'Shubham Kumar', 'Absent', 'Off', ''),
(2089, 'STD125', '2025-10-30', 'B010', 'Aditya Sharma', 'Present', 'Off', ''),
(2090, 'STD214', '2025-10-30', 'B010', 'Yash Patel', 'Present', 'Off', ''),
(2091, 'STD215', '2025-10-30', 'B010', 'Ravi -', 'Present', 'Off', ''),
(2092, 'STD216', '2025-10-30', 'B010', 'Bal Kishan  Vyas', 'Present', 'Off', ''),
(2093, 'STD019', '2025-10-30', 'B018', 'Bhavya Wade', 'Present', 'Off', ''),
(2094, 'STD020', '2025-10-30', 'B018', 'Kavya Wade', 'Present', 'Off', ''),
(2095, 'STD021', '2025-10-30', 'B018', 'Amar Singh', 'Present', 'Off', ''),
(2096, 'STD022', '2025-10-30', 'B018', 'Shardha Jadhav', 'Present', 'Off', ''),
(2097, 'STD023', '2025-10-30', 'B018', 'Ananad Mishra', 'Present', 'Off', ''),
(2098, 'STD024', '2025-10-30', 'B018', 'Anshu Kushwaha', 'Present', 'Off', ''),
(2099, 'STD025', '2025-10-30', 'B018', 'Chandan Kumar', 'Present', 'Off', ''),
(2100, 'STD026', '2025-10-30', 'B018', 'Melvin Babu', 'Present', 'Off', ''),
(2101, 'STD027', '2025-10-30', 'B018', 'Kanishk Bhardwaj', 'Present', 'Off', ''),
(2102, 'STD029', '2025-10-30', 'B018', 'Harvinder Singh', 'Present', 'Off', ''),
(2103, 'STD030', '2025-10-30', 'B018', 'Abhishek Sah', 'Present', 'Off', ''),
(2104, 'STD031', '2025-10-30', 'B018', 'Rahul Vinod Devkar', 'Absent', 'Off', ''),
(2105, 'STD033', '2025-10-30', 'B018', 'Aman Singh', 'Absent', 'Off', ''),
(2106, 'STD035', '2025-10-30', 'B018', 'Guru Prasad Yadav', 'Present', 'Off', ''),
(2107, 'STD036', '2025-10-30', 'B018', 'Sawyam Dhar', 'Absent', 'Off', ''),
(2108, 'STD038', '2025-10-30', 'B018', 'Ajay Kumar', 'Absent', 'Off', ''),
(2109, 'STD040', '2025-10-30', 'B018', 'Rahul Lad', 'Present', 'Off', ''),
(2110, 'STD041', '2025-10-30', 'B018', 'Takshil Patel', 'Present', 'Off', ''),
(2111, 'STD042', '2025-10-30', 'B018', 'Prem Tejash Patil', 'Absent', 'Off', ''),
(2112, 'STD043', '2025-10-30', 'B018', 'Suraj Kumar', 'Present', 'Off', ''),
(2113, 'STD044', '2025-10-30', 'B018', 'Aditya Pratap Singh', 'Absent', 'Off', ''),
(2114, 'STD017', '2025-10-31', 'B008', 'Virendra Sharma', 'Absent', 'Off', ''),
(2115, 'STD045', '2025-10-31', 'B008', 'Surajit Ghosh', 'Present', 'Off', ''),
(2116, 'STD046', '2025-10-31', 'B008', 'Anurag Shrivastav', 'Absent', 'Off', ''),
(2117, 'STD051', '2025-10-31', 'B008', 'Adil Khan', 'Absent', 'Off', ''),
(2118, 'STD052', '2025-10-31', 'B008', 'Gunjan Tak', 'Absent', 'Off', ''),
(2119, 'STD056', '2025-10-31', 'B008', 'Shaik abubakrsiddiq', 'Present', 'Off', ''),
(2120, 'STD057', '2025-10-31', 'B008', 'Lalit Dagur', 'Present', 'Off', ''),
(2121, 'STD058', '2025-10-31', 'B008', 'Arambakam Nanda Kishore', 'Present', 'Off', ''),
(2122, 'STD059', '2025-10-31', 'B008', 'Sharon Joshi', 'Absent', 'Off', ''),
(2123, 'STD060', '2025-10-31', 'B008', 'Gitanshu -', 'Absent', 'Off', ''),
(2124, 'STD061', '2025-10-31', 'B008', 'Atharv Bhandari', 'Present', 'Off', ''),
(2125, 'STD062', '2025-10-31', 'B008', 'Vishal Ashokan', 'Absent', 'Off', ''),
(2126, 'STD063', '2025-10-31', 'B008', 'Deepak Jindal', 'Present', 'Off', ''),
(2127, 'STD086', '2025-10-31', 'B008', 'Mominul Hoque', 'Present', 'Off', ''),
(2128, 'STD088', '2025-10-31', 'B008', 'Nishant Sharma', 'Present', 'Off', ''),
(2129, 'STD089', '2025-10-31', 'B008', 'Sanika More', 'Absent', 'Off', ''),
(2130, 'STD090', '2025-10-31', 'B008', 'Prince Kalal', 'Present', 'Off', ''),
(2131, 'STD091', '2025-10-31', 'B008', 'Venkanta Srilakshmi', 'Absent', 'Off', ''),
(2132, 'STD208', '2025-10-31', 'B008', 'Mubin Mujwar', 'Absent', 'Off', ''),
(2133, 'STD093', '2025-10-31', 'B011', 'Sahil Kumar', 'Absent', 'Off', ''),
(2134, 'STD094', '2025-10-31', 'B011', 'Vasu Vekariya', 'Absent', 'Off', ''),
(2135, 'STD095', '2025-10-31', 'B011', 'Bhavesh Kumar', 'Absent', 'Off', ''),
(2136, 'STD097', '2025-10-31', 'B011', 'Prince Negi', 'Absent', 'Off', ''),
(2137, 'STD098', '2025-10-31', 'B028', 'Shruti Jethlia', 'Absent', 'Off', ''),
(2138, 'STD099', '2025-10-31', 'B011', 'Abdur Rahman', 'Absent', 'Off', '');
INSERT INTO `attendance` (`id`, `student_id`, `date`, `batch_id`, `student_name`, `status`, `camera_status`, `remarks`) VALUES
(2139, 'STD101', '2025-10-31', 'B011', 'Jaydeep Chavan', 'Absent', 'Off', ''),
(2140, 'STD102', '2025-10-31', 'B011', 'Dhruv Agarwal', 'Absent', 'Off', ''),
(2141, 'STD103', '2025-10-31', 'B011', 'Abhay Pratap', 'Absent', 'Off', ''),
(2142, 'STD104', '2025-10-31', 'B028', 'Rahul Sahu', 'Absent', 'Off', ''),
(2143, 'STD106', '2025-10-31', 'B011', 'Farzad Jakir Shaikh', 'Present', 'Off', ''),
(2144, 'STD107', '2025-10-31', 'B011', 'Palak Panwar', 'Present', 'Off', ''),
(2145, 'STD108', '2025-10-31', 'B011', 'Ashish Chaudhary', 'Present', 'Off', ''),
(2146, 'STD109', '2025-10-31', 'B011', 'Drishti Pandey', 'Present', 'Off', ''),
(2147, 'STD110', '2025-10-31', 'B011', 'Piyush Kumar Sain', 'Absent', 'Off', ''),
(2148, 'STD111', '2025-10-31', 'B011', 'Sahil Dilip Patrekar', 'Absent', 'Off', ''),
(2149, 'STD112', '2025-10-31', 'B011', 'Deepak Kumar', 'Absent', 'Off', ''),
(2150, 'STD113', '2025-10-31', 'B011', 'Jayesh Wasnik', 'Present', 'Off', ''),
(2151, 'STD114', '2025-10-31', 'B011', 'Chandu -', 'Present', 'Off', ''),
(2152, 'STD115', '2025-10-31', 'B011', 'Vikas Yadav', 'Absent', 'Off', ''),
(2153, 'STD116', '2025-10-31', 'B010', 'Anjali Saini', 'Present', 'Off', ''),
(2154, 'STD117', '2025-10-31', 'B010', 'Mohd junaid -', 'Present', 'Off', ''),
(2155, 'STD118', '2025-10-31', 'B010', 'Bhagyesh -', 'Absent', 'Off', ''),
(2156, 'STD120', '2025-10-31', 'B010', 'Gopal Singh', 'Present', 'Off', ''),
(2157, 'STD121', '2025-10-31', 'B010', 'Sunny Kumar', 'Present', 'Off', ''),
(2158, 'STD124', '2025-10-31', 'B010', 'Shubham Kumar', 'Absent', 'Off', ''),
(2159, 'STD125', '2025-10-31', 'B010', 'Aditya Sharma', 'Present', 'Off', ''),
(2160, 'STD214', '2025-10-31', 'B010', 'Yash Patel', 'Present', 'Off', ''),
(2161, 'STD215', '2025-10-31', 'B010', 'Ravi -', 'Present', 'Off', ''),
(2162, 'STD216', '2025-10-31', 'B010', 'Bal Kishan  Vyas', 'Present', 'Off', ''),
(2163, 'STD019', '2025-10-31', 'B018', 'Bhavya Wade', 'Present', 'Off', ''),
(2164, 'STD020', '2025-10-31', 'B018', 'Kavya Wade', 'Present', 'Off', ''),
(2165, 'STD021', '2025-10-31', 'B018', 'Amar Singh', 'Present', 'Off', ''),
(2166, 'STD022', '2025-10-31', 'B018', 'Shardha Jadhav', 'Present', 'Off', ''),
(2167, 'STD023', '2025-10-31', 'B018', 'Ananad Mishra', 'Present', 'Off', ''),
(2168, 'STD024', '2025-10-31', 'B018', 'Anshu Kushwaha', 'Absent', 'Off', ''),
(2169, 'STD025', '2025-10-31', 'B018', 'Chandan Kumar', 'Present', 'Off', ''),
(2170, 'STD026', '2025-10-31', 'B018', 'Melvin Babu', 'Absent', 'Off', ''),
(2171, 'STD027', '2025-10-31', 'B018', 'Kanishk Bhardwaj', 'Present', 'Off', ''),
(2172, 'STD029', '2025-10-31', 'B018', 'Harvinder Singh', 'Present', 'Off', ''),
(2173, 'STD030', '2025-10-31', 'B018', 'Abhishek Sah', 'Present', 'Off', ''),
(2174, 'STD031', '2025-10-31', 'B018', 'Rahul Vinod Devkar', 'Absent', 'Off', ''),
(2175, 'STD033', '2025-10-31', 'B018', 'Aman Singh', 'Absent', 'Off', ''),
(2176, 'STD035', '2025-10-31', 'B018', 'Guru Prasad Yadav', 'Present', 'Off', ''),
(2177, 'STD036', '2025-10-31', 'B018', 'Sawyam Dhar', 'Absent', 'Off', ''),
(2178, 'STD038', '2025-10-31', 'B018', 'Ajay Kumar', 'Present', 'Off', ''),
(2179, 'STD040', '2025-10-31', 'B018', 'Rahul Lad', 'Present', 'Off', ''),
(2180, 'STD041', '2025-10-31', 'B018', 'Takshil Patel', 'Present', 'Off', ''),
(2181, 'STD042', '2025-10-31', 'B018', 'Prem Tejash Patil', 'Absent', 'Off', ''),
(2182, 'STD043', '2025-10-31', 'B018', 'Suraj Kumar', 'Present', 'Off', ''),
(2183, 'STD044', '2025-10-31', 'B018', 'Aditya Pratap Singh', 'Present', 'Off', ''),
(2184, 'STD139', '2025-10-31', 'B016', 'Ruchika -', 'Present', 'Off', ''),
(2185, 'STD140', '2025-10-31', 'B016', 'Mahesh Kumar Dayal', 'Absent', 'Off', ''),
(2186, 'STD141', '2025-10-31', 'B005', 'Tapas Ranjan Patel', 'Absent', 'Off', ''),
(2187, 'STD142', '2025-10-31', 'B016', 'Harushikesh Nehete', 'Absent', 'Off', ''),
(2188, 'STD143', '2025-10-31', 'B016', 'Praveen Kumar Kashyap', 'Present', 'Off', ''),
(2189, 'STD144', '2025-10-31', 'B016', 'Sandeep Kumar', 'Present', 'Off', ''),
(2190, 'STD145', '2025-10-31', 'B016', 'Abhishek Mahato', 'Present', 'Off', ''),
(2191, 'STD146', '2025-10-31', 'B016', 'Uttam Nishad', 'Present', 'Off', ''),
(2192, 'STD147', '2025-10-31', 'B005', 'Mohsin Akhter', 'Absent', 'Off', ''),
(2193, 'STD148', '2025-10-31', 'B005', 'Mithun Rathod', 'Absent', 'Off', ''),
(2194, 'STD149', '2025-10-31', 'B016', 'Pankaj Kewat', 'Present', 'Off', ''),
(2195, 'STD150', '2025-10-31', 'B016', 'Ayush Sahu', 'Present', 'Off', ''),
(2196, 'STD151', '2025-10-31', 'B016', 'Ashish Kumar', 'Absent', 'Off', ''),
(2197, 'STD152', '2025-10-31', 'B016', 'Lakshay Parashar', 'Absent', 'Off', ''),
(2198, 'STD153', '2025-10-31', 'B016', 'Ronit Hazra', 'Present', 'Off', ''),
(2199, 'STD154', '2025-10-31', 'B016', 'Prachi Dahiya', 'Present', 'Off', ''),
(2200, 'STD155', '2025-10-31', 'B016', 'Harshit Rathore', 'Absent', 'Off', ''),
(2201, 'STD156', '2025-10-31', 'B005', 'Mohit Khundia', 'Absent', 'Off', ''),
(2202, 'STD195', '2025-10-31', 'B005', 'Yash Raj Kumar', 'Present', 'Off', ''),
(2203, 'STD196', '2025-10-31', 'B005', 'Shubham -', 'Absent', 'Off', ''),
(2204, 'STD197', '2025-10-31', 'B016', 'Muhammed Feroz', 'Absent', 'Off', ''),
(2205, 'STD198', '2025-10-31', 'B016', 'Jasmail  Online', 'Present', 'Off', ''),
(2206, 'STD211', '2025-10-31', 'B016', 'Aarti Patil', 'Present', 'Off', ''),
(2207, 'STD213', '2025-10-31', 'B016', 'Vivek Pal', 'Present', 'Off', ''),
(2208, 'STD064', '2025-11-03', 'B009', 'Swaraj Patil', 'Absent', 'Off', ''),
(2209, 'STD065', '2025-11-03', 'B009', 'Arjun Panchal', 'Absent', 'Off', ''),
(2210, 'STD066', '2025-11-03', 'B009', 'Jatin Yadav', 'Present', 'Off', ''),
(2211, 'STD067', '2025-11-03', 'B009', 'Jijith kakkarakkal', 'Absent', 'Off', ''),
(2212, 'STD068', '2025-11-03', 'B009', 'Mohammed Raza Bhojani', 'Present', 'Off', ''),
(2213, 'STD069', '2025-11-03', 'B009', 'Umashankar Gurjar', 'Present', 'Off', ''),
(2214, 'STD070', '2025-11-03', 'B009', 'Abhishek kumar', 'Present', 'Off', ''),
(2215, 'STD071', '2025-11-03', 'B009', 'Shrikant uikey', 'Absent', 'Off', ''),
(2216, 'STD072', '2025-11-03', 'B009', 'Dayawanti Saini', 'Absent', 'Off', ''),
(2217, 'STD073', '2025-11-03', 'B009', 'Bhagwan mahale', 'Present', 'Off', ''),
(2218, 'STD074', '2025-11-03', 'B009', 'Rithik Amarnani', 'Present', 'Off', ''),
(2219, 'STD075', '2025-11-03', 'B009', 'Divyansh Singh', 'Absent', 'Off', ''),
(2220, 'STD076', '2025-11-03', 'B009', 'Taufiuq Shaikh', 'Absent', 'Off', ''),
(2221, 'STD077', '2025-11-03', 'B009', 'Vaibhav -', 'Present', 'Off', ''),
(2222, 'STD078', '2025-11-03', 'B009', 'Galu -', 'Present', 'Off', ''),
(2223, 'STD079', '2025-11-03', 'B009', 'Chahatdeep Singh', 'Absent', 'Off', ''),
(2224, 'STD080', '2025-11-03', 'B009', 'Govind Singh', 'Present', 'Off', ''),
(2225, 'STD081', '2025-11-03', 'B009', 'Harsh Dua', 'Absent', 'Off', ''),
(2226, 'STD082', '2025-11-03', 'B009', 'Arun Gupta', 'Present', 'Off', ''),
(2227, 'STD083', '2025-11-03', 'B009', 'Sohan Prasad Yadav', 'Present', 'Off', ''),
(2228, 'STD084', '2025-11-03', 'B009', 'Kushal Saha', 'Absent', 'Off', ''),
(2229, 'STD085', '2025-11-03', 'B009', 'Biswa Ranjan Jit', 'Present', 'Off', ''),
(2230, 'STD119', '2025-11-03', 'B009', 'Pavan Patel', 'Absent', 'Off', ''),
(2231, 'STD199', '2025-11-03', 'B014', 'Pradeep Sharma', 'Present', 'Off', ''),
(2232, 'STD200', '2025-11-03', 'B014', 'Shyam Sunder Jangid', 'Present', 'Off', ''),
(2234, 'STD202', '2025-11-03', 'B014', 'Om Shukla', 'Present', 'Off', ''),
(2235, 'STD203', '2025-11-03', 'B014', 'Nitin Bhabhor', 'Present', 'Off', ''),
(2236, 'STD204', '2025-11-03', 'B014', 'Ayush Jha', 'Absent', 'Off', ''),
(2237, 'STD205', '2025-11-03', 'B014', 'Sudip Mundal', 'Present', 'Off', ''),
(2238, 'STD206', '2025-11-03', 'B014', 'Mohd  AijazuddinObaid', 'Present', 'Off', ''),
(2239, 'STD207', '2025-11-03', 'B014', 'Rakesh  Mewada', 'Present', 'Off', ''),
(2240, 'STD209', '2025-11-03', 'B014', 'Priyanshu Sharma', 'Present', 'Off', ''),
(2241, 'STD210', '2025-11-03', 'B014', 'ABU TALAH M BAGWAN', 'Present', 'Off', ''),
(2242, 'STD017', '2025-11-03', 'B008', 'Virendra Sharma', 'Absent', 'Off', ''),
(2243, 'STD045', '2025-11-03', 'B008', 'Surajit Ghosh', 'Present', 'Off', ''),
(2244, 'STD046', '2025-11-03', 'B008', 'Anurag Shrivastav', 'Absent', 'Off', ''),
(2245, 'STD051', '2025-11-03', 'B008', 'Adil Khan', 'Absent', 'Off', ''),
(2246, 'STD052', '2025-11-03', 'B008', 'Gunjan Tak', 'Present', 'Off', ''),
(2247, 'STD056', '2025-11-03', 'B008', 'Shaik abubakrsiddiq', 'Absent', 'Off', ''),
(2248, 'STD057', '2025-11-03', 'B008', 'Lalit Dagur', 'Absent', 'Off', ''),
(2249, 'STD058', '2025-11-03', 'B008', 'Arambakam Nanda Kishore', 'Absent', 'Off', ''),
(2250, 'STD059', '2025-11-03', 'B008', 'Sharon Joshi', 'Absent', 'Off', ''),
(2251, 'STD060', '2025-11-03', 'B008', 'Gitanshu -', 'Absent', 'Off', ''),
(2252, 'STD061', '2025-11-03', 'B008', 'Atharv Bhandari', 'Present', 'Off', ''),
(2253, 'STD062', '2025-11-03', 'B008', 'Vishal Ashokan', 'Absent', 'Off', ''),
(2254, 'STD063', '2025-11-03', 'B008', 'Deepak Jindal', 'Present', 'Off', ''),
(2255, 'STD086', '2025-11-03', 'B008', 'Mominul Hoque', 'Present', 'Off', ''),
(2256, 'STD088', '2025-11-03', 'B008', 'Nishant Sharma', 'Present', 'Off', ''),
(2257, 'STD089', '2025-11-03', 'B008', 'Sanika More', 'Present', 'Off', ''),
(2258, 'STD090', '2025-11-03', 'B008', 'Prince Kalal', 'Present', 'Off', ''),
(2259, 'STD091', '2025-11-03', 'B008', 'Venkanta Srilakshmi', 'Absent', 'Off', ''),
(2260, 'STD208', '2025-11-03', 'B008', 'Mubin Mujwar', 'Absent', 'Off', ''),
(2261, 'STD093', '2025-11-03', 'B011', 'Sahil Kumar', 'Absent', 'Off', ''),
(2262, 'STD094', '2025-11-03', 'B011', 'Vasu Vekariya', 'Absent', 'Off', ''),
(2263, 'STD095', '2025-11-03', 'B011', 'Bhavesh Kumar', 'Present', 'Off', ''),
(2264, 'STD097', '2025-11-03', 'B011', 'Prince Negi', 'Present', 'Off', ''),
(2266, 'STD099', '2025-11-03', 'B011', 'Abdur Rahman', 'Present', 'Off', ''),
(2267, 'STD101', '2025-11-03', 'B011', 'Jaydeep Chavan', 'Absent', 'Off', ''),
(2268, 'STD102', '2025-11-03', 'B011', 'Dhruv Agarwal', 'Absent', 'Off', ''),
(2269, 'STD103', '2025-11-03', 'B011', 'Abhay Pratap', 'Present', 'Off', ''),
(2271, 'STD106', '2025-11-03', 'B011', 'Farzad Jakir Shaikh', 'Present', 'Off', ''),
(2272, 'STD107', '2025-11-03', 'B011', 'Palak Panwar', 'Present', 'Off', ''),
(2273, 'STD108', '2025-11-03', 'B011', 'Ashish Chaudhary', 'Absent', 'Off', ''),
(2274, 'STD109', '2025-11-03', 'B011', 'Drishti Pandey', 'Present', 'Off', ''),
(2275, 'STD110', '2025-11-03', 'B011', 'Piyush Kumar Sain', 'Absent', 'Off', ''),
(2276, 'STD111', '2025-11-03', 'B011', 'Sahil Dilip Patrekar', 'Present', 'Off', ''),
(2277, 'STD112', '2025-11-03', 'B011', 'Deepak Kumar', 'Present', 'Off', ''),
(2278, 'STD113', '2025-11-03', 'B011', 'Jayesh Wasnik', 'Present', 'Off', ''),
(2279, 'STD114', '2025-11-03', 'B011', 'Chandu -', 'Present', 'Off', ''),
(2280, 'STD115', '2025-11-03', 'B011', 'Vikas Yadav', 'Absent', 'Off', ''),
(2281, 'STD019', '2025-11-03', 'B018', 'Bhavya Wade', 'Present', 'Off', ''),
(2282, 'STD020', '2025-11-03', 'B018', 'Kavya Wade', 'Present', 'Off', ''),
(2283, 'STD021', '2025-11-03', 'B018', 'Amar Singh', 'Present', 'Off', ''),
(2284, 'STD022', '2025-11-03', 'B018', 'Shardha Jadhav', 'Present', 'Off', ''),
(2285, 'STD023', '2025-11-03', 'B018', 'Ananad Mishra', 'Present', 'Off', ''),
(2286, 'STD024', '2025-11-03', 'B018', 'Anshu Kushwaha', 'Present', 'Off', ''),
(2287, 'STD025', '2025-11-03', 'B018', 'Chandan Kumar', 'Present', 'Off', ''),
(2288, 'STD026', '2025-11-03', 'B018', 'Melvin Babu', 'Present', 'Off', ''),
(2289, 'STD027', '2025-11-03', 'B018', 'Kanishk Bhardwaj', 'Present', 'Off', ''),
(2290, 'STD029', '2025-11-03', 'B018', 'Harvinder Singh', 'Present', 'Off', ''),
(2291, 'STD030', '2025-11-03', 'B018', 'Abhishek Sah', 'Present', 'Off', ''),
(2292, 'STD031', '2025-11-03', 'B018', 'Rahul Vinod Devkar', 'Present', 'Off', ''),
(2293, 'STD033', '2025-11-03', 'B018', 'Aman Singh', 'Absent', 'Off', ''),
(2294, 'STD035', '2025-11-03', 'B018', 'Guru Prasad Yadav', 'Present', 'Off', ''),
(2295, 'STD036', '2025-11-03', 'B018', 'Sawyam Dhar', 'Absent', 'Off', ''),
(2296, 'STD038', '2025-11-03', 'B018', 'Ajay Kumar', 'Absent', 'Off', ''),
(2297, 'STD040', '2025-11-03', 'B018', 'Rahul Lad', 'Absent', 'Off', ''),
(2298, 'STD041', '2025-11-03', 'B018', 'Takshil Patel', 'Present', 'Off', ''),
(2299, 'STD042', '2025-11-03', 'B018', 'Prem Tejash Patil', 'Absent', 'Off', ''),
(2300, 'STD043', '2025-11-03', 'B018', 'Suraj Kumar', 'Present', 'Off', ''),
(2301, 'STD044', '2025-11-03', 'B018', 'Aditya Pratap Singh', 'Present', 'Off', ''),
(2302, 'STD116', '2025-11-03', 'B010', 'Anjali Saini', 'Present', 'Off', ''),
(2303, 'STD117', '2025-11-03', 'B010', 'Mohd junaid -', 'Absent', 'Off', ''),
(2304, 'STD118', '2025-11-03', 'B010', 'Bhagyesh -', 'Absent', 'Off', ''),
(2305, 'STD120', '2025-11-03', 'B010', 'Gopal Singh', 'Absent', 'Off', ''),
(2306, 'STD121', '2025-11-03', 'B010', 'Sunny Kumar', 'Present', 'Off', ''),
(2307, 'STD124', '2025-11-03', 'B010', 'Shubham Kumar', 'Absent', 'Off', ''),
(2308, 'STD125', '2025-11-03', 'B010', 'Aditya Sharma', 'Present', 'Off', ''),
(2309, 'STD214', '2025-11-03', 'B010', 'Yash Patel', 'Present', 'Off', ''),
(2310, 'STD215', '2025-11-03', 'B010', 'Ravi -', 'Present', 'Off', ''),
(2311, 'STD216', '2025-11-03', 'B010', 'Bal Kishan  Vyas', 'Present', 'Off', ''),
(2312, 'STD139', '2025-11-03', 'B016', 'Ruchika -', 'Absent', 'Off', ''),
(2313, 'STD140', '2025-11-03', 'B016', 'Mahesh Kumar Dayal', 'Absent', 'Off', ''),
(2315, 'STD142', '2025-11-03', 'B016', 'Harushikesh Nehete', 'Present', 'Off', ''),
(2316, 'STD143', '2025-11-03', 'B016', 'Praveen Kumar Kashyap', 'Present', 'Off', ''),
(2317, 'STD144', '2025-11-03', 'B016', 'Sandeep Kumar', 'Present', 'Off', ''),
(2318, 'STD145', '2025-11-03', 'B016', 'Abhishek Mahato', 'Present', 'Off', ''),
(2319, 'STD146', '2025-11-03', 'B016', 'Uttam Nishad', 'Present', 'Off', ''),
(2322, 'STD149', '2025-11-03', 'B016', 'Pankaj Kewat', 'Present', 'Off', ''),
(2323, 'STD150', '2025-11-03', 'B016', 'Ayush Sahu', 'Absent', 'Off', ''),
(2324, 'STD151', '2025-11-03', 'B016', 'Ashish Kumar', 'Present', 'Off', ''),
(2325, 'STD152', '2025-11-03', 'B016', 'Lakshay Parashar', 'Absent', 'Off', ''),
(2326, 'STD153', '2025-11-03', 'B016', 'Ronit Hazra', 'Present', 'Off', ''),
(2327, 'STD154', '2025-11-03', 'B016', 'Prachi Dahiya', 'Present', 'Off', ''),
(2328, 'STD155', '2025-11-03', 'B016', 'Harshit Rathore', 'Absent', 'Off', ''),
(2332, 'STD197', '2025-11-03', 'B016', 'Muhammed Feroz', 'Present', 'Off', ''),
(2333, 'STD198', '2025-11-03', 'B016', 'Jasmail  Online', 'Present', 'Off', ''),
(2334, 'STD211', '2025-11-03', 'B016', 'Aarti Patil', 'Present', 'Off', ''),
(2335, 'STD213', '2025-11-03', 'B016', 'Vivek Pal', 'Present', 'Off', ''),
(2336, 'STD064', '2025-11-04', 'B009', 'Swaraj Patil', 'Absent', 'Off', ''),
(2337, 'STD065', '2025-11-04', 'B009', 'Arjun Panchal', 'Absent', 'Off', ''),
(2338, 'STD066', '2025-11-04', 'B009', 'Jatin Yadav', 'Present', 'Off', ''),
(2339, 'STD067', '2025-11-04', 'B009', 'Jijith kakkarakkal', 'Absent', 'Off', ''),
(2340, 'STD068', '2025-11-04', 'B009', 'Mohammed Raza Bhojani', 'Present', 'Off', ''),
(2341, 'STD069', '2025-11-04', 'B009', 'Umashankar Gurjar', 'Present', 'Off', ''),
(2342, 'STD070', '2025-11-04', 'B009', 'Abhishek kumar', 'Present', 'Off', ''),
(2343, 'STD071', '2025-11-04', 'B009', 'Shrikant uikey', 'Absent', 'Off', ''),
(2344, 'STD072', '2025-11-04', 'B009', 'Dayawanti Saini', 'Absent', 'Off', ''),
(2345, 'STD073', '2025-11-04', 'B009', 'Bhagwan mahale', 'Absent', 'Off', ''),
(2346, 'STD074', '2025-11-04', 'B009', 'Rithik Amarnani', 'Present', 'Off', ''),
(2347, 'STD075', '2025-11-04', 'B009', 'Divyansh Singh', 'Absent', 'Off', ''),
(2348, 'STD076', '2025-11-04', 'B009', 'Taufiuq Shaikh', 'Absent', 'Off', ''),
(2349, 'STD077', '2025-11-04', 'B009', 'Vaibhav -', 'Present', 'Off', ''),
(2350, 'STD078', '2025-11-04', 'B009', 'Galu -', 'Present', 'Off', ''),
(2351, 'STD079', '2025-11-04', 'B009', 'Chahatdeep Singh', 'Absent', 'Off', ''),
(2352, 'STD080', '2025-11-04', 'B009', 'Govind Singh', 'Present', 'Off', ''),
(2353, 'STD081', '2025-11-04', 'B009', 'Harsh Dua', 'Absent', 'Off', ''),
(2354, 'STD082', '2025-11-04', 'B009', 'Arun Gupta', 'Present', 'Off', ''),
(2355, 'STD083', '2025-11-04', 'B009', 'Sohan Prasad Yadav', 'Present', 'Off', ''),
(2356, 'STD084', '2025-11-04', 'B009', 'Kushal Saha', 'Absent', 'Off', ''),
(2357, 'STD085', '2025-11-04', 'B009', 'Biswa Ranjan Jit', 'Present', 'Off', ''),
(2358, 'STD119', '2025-11-04', 'B009', 'Pavan Patel', 'Absent', 'Off', ''),
(2359, 'STD199', '2025-11-04', 'B014', 'Pradeep Sharma', 'Present', 'Off', ''),
(2360, 'STD200', '2025-11-04', 'B014', 'Shyam Sunder Jangid', 'Present', 'Off', ''),
(2362, 'STD202', '2025-11-04', 'B014', 'Om Shukla', 'Present', 'Off', ''),
(2363, 'STD203', '2025-11-04', 'B014', 'Nitin Bhabhor', 'Present', 'Off', ''),
(2364, 'STD204', '2025-11-04', 'B014', 'Ayush Jha', 'Present', 'Off', ''),
(2365, 'STD205', '2025-11-04', 'B014', 'Sudip Mundal', 'Present', 'Off', ''),
(2366, 'STD206', '2025-11-04', 'B014', 'Mohd  AijazuddinObaid', 'Present', 'Off', ''),
(2367, 'STD207', '2025-11-04', 'B014', 'Rakesh  Mewada', 'Absent', 'Off', ''),
(2368, 'STD209', '2025-11-04', 'B014', 'Priyanshu Sharma', 'Present', 'Off', ''),
(2369, 'STD210', '2025-11-04', 'B014', 'ABU TALAH M BAGWAN', 'Present', 'Off', ''),
(2370, 'STD017', '2025-11-04', 'B008', 'Virendra Sharma', 'Absent', 'Off', ''),
(2371, 'STD045', '2025-11-04', 'B008', 'Surajit Ghosh', 'Present', 'Off', ''),
(2372, 'STD046', '2025-11-04', 'B008', 'Anurag Shrivastav', 'Present', 'Off', ''),
(2373, 'STD051', '2025-11-04', 'B008', 'Adil Khan', 'Absent', 'Off', ''),
(2374, 'STD052', '2025-11-04', 'B008', 'Gunjan Tak', 'Absent', 'Off', ''),
(2375, 'STD056', '2025-11-04', 'B008', 'Shaik abubakrsiddiq', 'Present', 'Off', ''),
(2376, 'STD057', '2025-11-04', 'B008', 'Lalit Dagur', 'Absent', 'Off', ''),
(2377, 'STD058', '2025-11-04', 'B008', 'Arambakam Nanda Kishore', 'Present', 'Off', ''),
(2378, 'STD059', '2025-11-04', 'B008', 'Sharon Joshi', 'Absent', 'Off', ''),
(2379, 'STD060', '2025-11-04', 'B008', 'Gitanshu -', 'Absent', 'Off', ''),
(2380, 'STD061', '2025-11-04', 'B008', 'Atharv Bhandari', 'Present', 'Off', ''),
(2381, 'STD062', '2025-11-04', 'B008', 'Vishal Ashokan', 'Absent', 'Off', ''),
(2382, 'STD063', '2025-11-04', 'B008', 'Deepak Jindal', 'Present', 'Off', ''),
(2383, 'STD086', '2025-11-04', 'B008', 'Mominul Hoque', 'Present', 'Off', ''),
(2384, 'STD088', '2025-11-04', 'B008', 'Nishant Sharma', 'Present', 'Off', ''),
(2385, 'STD089', '2025-11-04', 'B008', 'Sanika More', 'Present', 'Off', ''),
(2386, 'STD090', '2025-11-04', 'B008', 'Prince Kalal', 'Present', 'Off', ''),
(2387, 'STD091', '2025-11-04', 'B008', 'Venkanta Srilakshmi', 'Absent', 'Off', ''),
(2388, 'STD208', '2025-11-04', 'B008', 'Mubin Mujwar', 'Absent', 'Off', ''),
(2389, 'STD093', '2025-11-04', 'B011', 'Sahil Kumar', 'Absent', 'Off', ''),
(2390, 'STD094', '2025-11-04', 'B011', 'Vasu Vekariya', 'Present', 'Off', ''),
(2391, 'STD095', '2025-11-04', 'B011', 'Bhavesh Kumar', 'Present', 'Off', ''),
(2392, 'STD097', '2025-11-04', 'B011', 'Prince Negi', 'Present', 'Off', ''),
(2394, 'STD099', '2025-11-04', 'B011', 'Abdur Rahman', 'Present', 'Off', ''),
(2395, 'STD101', '2025-11-04', 'B011', 'Jaydeep Chavan', 'Absent', 'Off', ''),
(2396, 'STD102', '2025-11-04', 'B011', 'Dhruv Agarwal', 'Absent', 'Off', ''),
(2397, 'STD103', '2025-11-04', 'B011', 'Abhay Pratap', 'Absent', 'Off', ''),
(2399, 'STD106', '2025-11-04', 'B011', 'Farzad Jakir Shaikh', 'Present', 'Off', ''),
(2400, 'STD107', '2025-11-04', 'B011', 'Palak Panwar', 'Present', 'Off', ''),
(2401, 'STD108', '2025-11-04', 'B011', 'Ashish Chaudhary', 'Present', 'Off', ''),
(2402, 'STD109', '2025-11-04', 'B011', 'Drishti Pandey', 'Present', 'Off', ''),
(2403, 'STD110', '2025-11-04', 'B011', 'Piyush Kumar Sain', 'Absent', 'Off', ''),
(2404, 'STD111', '2025-11-04', 'B011', 'Sahil Dilip Patrekar', 'Present', 'Off', ''),
(2405, 'STD112', '2025-11-04', 'B011', 'Deepak Kumar', 'Present', 'Off', ''),
(2406, 'STD113', '2025-11-04', 'B011', 'Jayesh Wasnik', 'Present', 'Off', ''),
(2407, 'STD114', '2025-11-04', 'B011', 'Chandu -', 'Present', 'Off', ''),
(2408, 'STD115', '2025-11-04', 'B011', 'Vikas Yadav', 'Present', 'Off', ''),
(2409, 'STD116', '2025-11-04', 'B010', 'Anjali Saini', 'Present', 'Off', ''),
(2410, 'STD117', '2025-11-04', 'B010', 'Mohd junaid -', 'Absent', 'Off', ''),
(2411, 'STD118', '2025-11-04', 'B010', 'Bhagyesh -', 'Present', 'Off', ''),
(2412, 'STD120', '2025-11-04', 'B010', 'Gopal Singh', 'Present', 'Off', ''),
(2413, 'STD121', '2025-11-04', 'B010', 'Sunny Kumar', 'Present', 'Off', ''),
(2414, 'STD124', '2025-11-04', 'B010', 'Shubham Kumar', 'Absent', 'Off', ''),
(2415, 'STD125', '2025-11-04', 'B010', 'Aditya Sharma', 'Present', 'Off', ''),
(2416, 'STD214', '2025-11-04', 'B010', 'Yash Patel', 'Present', 'Off', ''),
(2417, 'STD215', '2025-11-04', 'B010', 'Ravi -', 'Absent', 'Off', ''),
(2418, 'STD216', '2025-11-04', 'B010', 'Bal Kishan  Vyas', 'Present', 'Off', ''),
(2419, 'STD019', '2025-11-04', 'B018', 'Bhavya Wade', 'Present', 'Off', ''),
(2420, 'STD020', '2025-11-04', 'B018', 'Kavya Wade', 'Present', 'Off', ''),
(2421, 'STD021', '2025-11-04', 'B018', 'Amar Singh', 'Present', 'Off', ''),
(2422, 'STD022', '2025-11-04', 'B018', 'Shardha Jadhav', 'Present', 'Off', ''),
(2423, 'STD023', '2025-11-04', 'B018', 'Ananad Mishra', 'Absent', 'Off', ''),
(2424, 'STD024', '2025-11-04', 'B018', 'Anshu Kushwaha', 'Present', 'Off', ''),
(2425, 'STD025', '2025-11-04', 'B018', 'Chandan Kumar', 'Present', 'Off', ''),
(2426, 'STD026', '2025-11-04', 'B018', 'Melvin Babu', 'Present', 'Off', ''),
(2427, 'STD027', '2025-11-04', 'B018', 'Kanishk Bhardwaj', 'Present', 'Off', ''),
(2428, 'STD029', '2025-11-04', 'B018', 'Harvinder Singh', 'Absent', 'Off', ''),
(2429, 'STD030', '2025-11-04', 'B018', 'Abhishek Sah', 'Present', 'Off', ''),
(2430, 'STD031', '2025-11-04', 'B018', 'Rahul Vinod Devkar', 'Present', 'Off', ''),
(2431, 'STD033', '2025-11-04', 'B018', 'Aman Singh', 'Absent', 'Off', ''),
(2432, 'STD035', '2025-11-04', 'B018', 'Guru Prasad Yadav', 'Present', 'Off', ''),
(2433, 'STD036', '2025-11-04', 'B018', 'Sawyam Dhar', 'Absent', 'Off', ''),
(2434, 'STD038', '2025-11-04', 'B018', 'Ajay Kumar', 'Present', 'Off', ''),
(2435, 'STD040', '2025-11-04', 'B018', 'Rahul Lad', 'Present', 'Off', ''),
(2436, 'STD041', '2025-11-04', 'B018', 'Takshil Patel', 'Present', 'Off', ''),
(2437, 'STD042', '2025-11-04', 'B018', 'Prem Tejash Patil', 'Absent', 'Off', ''),
(2438, 'STD043', '2025-11-04', 'B018', 'Suraj Kumar', 'Present', 'Off', ''),
(2439, 'STD044', '2025-11-04', 'B018', 'Aditya Pratap Singh', 'Present', 'Off', ''),
(2440, 'STD139', '2025-11-04', 'B016', 'Ruchika -', 'Absent', 'Off', ''),
(2441, 'STD140', '2025-11-04', 'B016', 'Mahesh Kumar Dayal', 'Absent', 'Off', ''),
(2443, 'STD142', '2025-11-04', 'B016', 'Harushikesh Nehete', 'Present', 'Off', ''),
(2444, 'STD143', '2025-11-04', 'B016', 'Praveen Kumar Kashyap', 'Present', 'Off', ''),
(2445, 'STD144', '2025-11-04', 'B016', 'Sandeep Kumar', 'Present', 'Off', ''),
(2446, 'STD145', '2025-11-04', 'B016', 'Abhishek Mahato', 'Present', 'Off', ''),
(2447, 'STD146', '2025-11-04', 'B016', 'Uttam Nishad', 'Present', 'Off', ''),
(2450, 'STD149', '2025-11-04', 'B016', 'Pankaj Kewat', 'Present', 'Off', ''),
(2451, 'STD150', '2025-11-04', 'B016', 'Ayush Sahu', 'Present', 'Off', ''),
(2452, 'STD151', '2025-11-04', 'B016', 'Ashish Kumar', 'Absent', 'Off', ''),
(2453, 'STD152', '2025-11-04', 'B016', 'Lakshay Parashar', 'Absent', 'Off', ''),
(2454, 'STD153', '2025-11-04', 'B016', 'Ronit Hazra', 'Present', 'Off', ''),
(2455, 'STD154', '2025-11-04', 'B016', 'Prachi Dahiya', 'Present', 'Off', ''),
(2456, 'STD155', '2025-11-04', 'B016', 'Harshit Rathore', 'Absent', 'Off', ''),
(2460, 'STD197', '2025-11-04', 'B016', 'Muhammed Feroz', 'Absent', 'Off', ''),
(2461, 'STD198', '2025-11-04', 'B016', 'Jasmail  Online', 'Present', 'Off', ''),
(2462, 'STD211', '2025-11-04', 'B016', 'Aarti Patil', 'Present', 'Off', ''),
(2463, 'STD213', '2025-11-04', 'B016', 'Vivek Pal', 'Present', 'Off', ''),
(2464, 'STD064', '2025-11-06', 'B009', 'Swaraj Patil', 'Absent', 'Off', ''),
(2465, 'STD065', '2025-11-06', 'B009', 'Arjun Panchal', 'Absent', 'Off', ''),
(2466, 'STD066', '2025-11-06', 'B009', 'Jatin Yadav', 'Absent', 'Off', ''),
(2467, 'STD067', '2025-11-06', 'B009', 'Jijith kakkarakkal', 'Absent', 'Off', ''),
(2468, 'STD068', '2025-11-06', 'B009', 'Mohammed Raza Bhojani', 'Present', 'Off', ''),
(2469, 'STD069', '2025-11-06', 'B009', 'Umashankar Gurjar', 'Present', 'Off', ''),
(2470, 'STD070', '2025-11-06', 'B009', 'Abhishek kumar', 'Absent', 'Off', ''),
(2471, 'STD071', '2025-11-06', 'B009', 'Shrikant uikey', 'Absent', 'Off', ''),
(2472, 'STD072', '2025-11-06', 'B009', 'Dayawanti Saini', 'Absent', 'Off', ''),
(2473, 'STD073', '2025-11-06', 'B009', 'Bhagwan mahale', 'Present', 'Off', ''),
(2474, 'STD074', '2025-11-06', 'B009', 'Rithik Amarnani', 'Present', 'Off', ''),
(2475, 'STD075', '2025-11-06', 'B009', 'Divyansh Singh', 'Absent', 'Off', ''),
(2476, 'STD076', '2025-11-06', 'B009', 'Taufiuq Shaikh', 'Absent', 'Off', ''),
(2477, 'STD077', '2025-11-06', 'B009', 'Vaibhav -', 'Present', 'Off', ''),
(2478, 'STD078', '2025-11-06', 'B009', 'Galu -', 'Present', 'Off', ''),
(2479, 'STD079', '2025-11-06', 'B009', 'Chahatdeep Singh', 'Absent', 'Off', ''),
(2480, 'STD080', '2025-11-06', 'B009', 'Govind Singh', 'Absent', 'Off', ''),
(2481, 'STD081', '2025-11-06', 'B009', 'Harsh Dua', 'Absent', 'Off', ''),
(2482, 'STD082', '2025-11-06', 'B009', 'Arun Gupta', 'Absent', 'Off', ''),
(2483, 'STD083', '2025-11-06', 'B009', 'Sohan Prasad Yadav', 'Present', 'Off', ''),
(2484, 'STD084', '2025-11-06', 'B009', 'Kushal Saha', 'Absent', 'Off', ''),
(2485, 'STD085', '2025-11-06', 'B009', 'Biswa Ranjan Jit', 'Present', 'Off', ''),
(2486, 'STD119', '2025-11-06', 'B009', 'Pavan Patel', 'Absent', 'Off', ''),
(2487, 'STD199', '2025-11-06', 'B014', 'Pradeep Sharma', 'Present', 'Off', ''),
(2488, 'STD200', '2025-11-06', 'B014', 'Shyam Sunder Jangid', 'Present', 'Off', ''),
(2490, 'STD202', '2025-11-06', 'B014', 'Om Shukla', 'Present', 'Off', ''),
(2491, 'STD203', '2025-11-06', 'B014', 'Nitin Bhabhor', 'Absent', 'Off', ''),
(2492, 'STD204', '2025-11-06', 'B014', 'Ayush Jha', 'Absent', 'Off', ''),
(2493, 'STD205', '2025-11-06', 'B014', 'Sudip Mundal', 'Present', 'Off', ''),
(2494, 'STD206', '2025-11-06', 'B014', 'Mohd  AijazuddinObaid', 'Present', 'Off', ''),
(2495, 'STD207', '2025-11-06', 'B014', 'Rakesh  Mewada', 'Absent', 'Off', ''),
(2496, 'STD209', '2025-11-06', 'B014', 'Priyanshu Sharma', 'Present', 'Off', ''),
(2497, 'STD210', '2025-11-06', 'B014', 'ABU TALAH M BAGWAN', 'Present', 'Off', ''),
(2498, 'STD116', '2025-11-06', 'B010', 'Anjali Saini', 'Present', 'Off', ''),
(2499, 'STD117', '2025-11-06', 'B010', 'Mohd junaid -', 'Present', 'Off', ''),
(2500, 'STD118', '2025-11-06', 'B010', 'Bhagyesh -', 'Present', 'Off', ''),
(2501, 'STD120', '2025-11-06', 'B010', 'Gopal Singh', 'Present', 'Off', ''),
(2502, 'STD121', '2025-11-06', 'B010', 'Sunny Kumar', 'Absent', 'Off', ''),
(2503, 'STD124', '2025-11-06', 'B010', 'Shubham Kumar', 'Absent', 'Off', ''),
(2504, 'STD125', '2025-11-06', 'B010', 'Aditya Sharma', 'Present', 'Off', ''),
(2505, 'STD214', '2025-11-06', 'B010', 'Yash Patel', 'Present', 'Off', ''),
(2506, 'STD215', '2025-11-06', 'B010', 'Ravi -', 'Present', 'Off', ''),
(2507, 'STD216', '2025-11-06', 'B010', 'Bal Kishan  Vyas', 'Present', 'Off', ''),
(2508, 'STD019', '2025-11-06', 'B018', 'Bhavya Wade', 'Present', 'Off', ''),
(2509, 'STD020', '2025-11-06', 'B018', 'Kavya Wade', 'Present', 'Off', ''),
(2510, 'STD021', '2025-11-06', 'B018', 'Amar Singh', 'Present', 'Off', ''),
(2511, 'STD022', '2025-11-06', 'B018', 'Shardha Jadhav', 'Present', 'Off', ''),
(2512, 'STD023', '2025-11-06', 'B018', 'Ananad Mishra', 'Present', 'Off', ''),
(2513, 'STD024', '2025-11-06', 'B018', 'Anshu Kushwaha', 'Present', 'Off', ''),
(2514, 'STD025', '2025-11-06', 'B018', 'Chandan Kumar', 'Present', 'Off', ''),
(2515, 'STD026', '2025-11-06', 'B018', 'Melvin Babu', 'Present', 'Off', ''),
(2516, 'STD027', '2025-11-06', 'B018', 'Kanishk Bhardwaj', 'Present', 'Off', ''),
(2517, 'STD029', '2025-11-06', 'B018', 'Harvinder Singh', 'Present', 'Off', ''),
(2518, 'STD030', '2025-11-06', 'B018', 'Abhishek Sah', 'Absent', 'Off', ''),
(2519, 'STD031', '2025-11-06', 'B018', 'Rahul Vinod Devkar', 'Absent', 'Off', ''),
(2520, 'STD033', '2025-11-06', 'B018', 'Aman Singh', 'Absent', 'Off', ''),
(2521, 'STD035', '2025-11-06', 'B018', 'Guru Prasad Yadav', 'Absent', 'Off', ''),
(2522, 'STD036', '2025-11-06', 'B018', 'Sawyam Dhar', 'Absent', 'Off', ''),
(2523, 'STD038', '2025-11-06', 'B018', 'Ajay Kumar', 'Absent', 'Off', ''),
(2524, 'STD040', '2025-11-06', 'B018', 'Rahul Lad', 'Present', 'Off', ''),
(2525, 'STD041', '2025-11-06', 'B018', 'Takshil Patel', 'Absent', 'Off', ''),
(2526, 'STD042', '2025-11-06', 'B018', 'Prem Tejash Patil', 'Absent', 'Off', ''),
(2527, 'STD043', '2025-11-06', 'B018', 'Suraj Kumar', 'Present', 'Off', ''),
(2528, 'STD044', '2025-11-06', 'B018', 'Aditya Pratap Singh', 'Present', 'Off', ''),
(2529, 'STD139', '2025-11-06', 'B016', 'Ruchika -', 'Absent', 'Off', ''),
(2530, 'STD140', '2025-11-06', 'B016', 'Mahesh Kumar Dayal', 'Absent', 'Off', ''),
(2532, 'STD142', '2025-11-06', 'B016', 'Harushikesh Nehete', 'Present', 'Off', ''),
(2533, 'STD143', '2025-11-06', 'B016', 'Praveen Kumar Kashyap', 'Present', 'Off', ''),
(2534, 'STD144', '2025-11-06', 'B016', 'Sandeep Kumar', 'Present', 'Off', ''),
(2535, 'STD145', '2025-11-06', 'B016', 'Abhishek Mahato', 'Absent', 'Off', ''),
(2536, 'STD146', '2025-11-06', 'B016', 'Uttam Nishad', 'Present', 'Off', ''),
(2539, 'STD149', '2025-11-06', 'B016', 'Pankaj Kewat', 'Present', 'Off', ''),
(2540, 'STD150', '2025-11-06', 'B016', 'Ayush Sahu', 'Present', 'Off', ''),
(2541, 'STD151', '2025-11-06', 'B016', 'Ashish Kumar', 'Present', 'Off', ''),
(2542, 'STD152', '2025-11-06', 'B016', 'Lakshay Parashar', 'Absent', 'Off', ''),
(2543, 'STD153', '2025-11-06', 'B016', 'Ronit Hazra', 'Present', 'Off', ''),
(2544, 'STD154', '2025-11-06', 'B016', 'Prachi Dahiya', 'Absent', 'Off', ''),
(2545, 'STD155', '2025-11-06', 'B016', 'Harshit Rathore', 'Absent', 'Off', ''),
(2549, 'STD197', '2025-11-06', 'B016', 'Muhammed Feroz', 'Absent', 'Off', ''),
(2550, 'STD198', '2025-11-06', 'B016', 'Jasmail  Online', 'Present', 'Off', ''),
(2551, 'STD211', '2025-11-06', 'B016', 'Aarti Patil', 'Present', 'Off', ''),
(2552, 'STD213', '2025-11-06', 'B016', 'Vivek Pal', 'Present', 'Off', ''),
(2553, 'STD093', '2025-11-07', 'B011', 'Sahil Kumar', 'Absent', 'Off', ''),
(2554, 'STD094', '2025-11-07', 'B011', 'Vasu Vekariya', 'Present', 'Off', ''),
(2555, 'STD095', '2025-11-07', 'B011', 'Bhavesh Kumar', 'Absent', 'Off', ''),
(2556, 'STD097', '2025-11-07', 'B011', 'Prince Negi', 'Present', 'Off', ''),
(2558, 'STD099', '2025-11-07', 'B011', 'Abdur Rahman', 'Present', 'Off', ''),
(2559, 'STD101', '2025-11-07', 'B011', 'Jaydeep Chavan', 'Present', 'Off', ''),
(2560, 'STD102', '2025-11-07', 'B011', 'Dhruv Agarwal', 'Absent', 'Off', ''),
(2561, 'STD103', '2025-11-07', 'B011', 'Abhay Pratap', 'Absent', 'Off', ''),
(2563, 'STD106', '2025-11-07', 'B011', 'Farzad Jakir Shaikh', 'Absent', 'Off', ''),
(2564, 'STD107', '2025-11-07', 'B011', 'Palak Panwar', 'Absent', 'Off', ''),
(2565, 'STD108', '2025-11-07', 'B011', 'Ashish Chaudhary', 'Present', 'Off', ''),
(2566, 'STD109', '2025-11-07', 'B011', 'Drishti Pandey', 'Present', 'Off', ''),
(2567, 'STD110', '2025-11-07', 'B011', 'Piyush Kumar Sain', 'Absent', 'Off', ''),
(2568, 'STD111', '2025-11-07', 'B011', 'Sahil Dilip Patrekar', 'Present', 'Off', ''),
(2569, 'STD112', '2025-11-07', 'B011', 'Deepak Kumar', 'Present', 'Off', ''),
(2570, 'STD113', '2025-11-07', 'B011', 'Jayesh Wasnik', 'Present', 'Off', ''),
(2571, 'STD114', '2025-11-07', 'B011', 'Chandu -', 'Present', 'Off', ''),
(2572, 'STD115', '2025-11-07', 'B011', 'Vikas Yadav', 'Absent', 'Off', ''),
(2573, 'STD139', '2025-11-07', 'B016', 'Ruchika -', 'Present', 'Off', ''),
(2574, 'STD140', '2025-11-07', 'B016', 'Mahesh Kumar Dayal', 'Absent', 'Off', ''),
(2575, 'STD142', '2025-11-07', 'B016', 'Harushikesh Nehete', 'Absent', 'Off', ''),
(2576, 'STD143', '2025-11-07', 'B016', 'Praveen Kumar Kashyap', 'Present', 'Off', ''),
(2577, 'STD144', '2025-11-07', 'B016', 'Sandeep Kumar', 'Present', 'Off', ''),
(2578, 'STD145', '2025-11-07', 'B016', 'Abhishek Mahato', 'Present', 'Off', ''),
(2579, 'STD146', '2025-11-07', 'B016', 'Uttam Nishad', 'Present', 'Off', ''),
(2582, 'STD149', '2025-11-07', 'B016', 'Pankaj Kewat', 'Present', 'Off', ''),
(2583, 'STD150', '2025-11-07', 'B016', 'Ayush Sahu', 'Present', 'Off', ''),
(2584, 'STD151', '2025-11-07', 'B016', 'Ashish Kumar', 'Absent', 'Off', ''),
(2585, 'STD152', '2025-11-07', 'B016', 'Lakshay Parashar', 'Absent', 'Off', ''),
(2586, 'STD153', '2025-11-07', 'B016', 'Ronit Hazra', 'Present', 'Off', ''),
(2587, 'STD154', '2025-11-07', 'B016', 'Prachi Dahiya', 'Present', 'Off', ''),
(2588, 'STD155', '2025-11-07', 'B016', 'Harshit Rathore', 'Absent', 'Off', ''),
(2592, 'STD197', '2025-11-07', 'B016', 'Muhammed Feroz', 'Absent', 'Off', ''),
(2593, 'STD198', '2025-11-07', 'B016', 'Jasmail  Online', 'Present', 'Off', ''),
(2594, 'STD211', '2025-11-07', 'B016', 'Aarti Patil', 'Present', 'Off', ''),
(2595, 'STD213', '2025-11-07', 'B016', 'Vivek Pal', 'Absent', 'Off', ''),
(2596, 'STD064', '2025-11-10', 'B009', 'Swaraj Patil', 'Absent', 'Off', ''),
(2597, 'STD065', '2025-11-10', 'B009', 'Arjun Panchal', 'Absent', 'Off', ''),
(2598, 'STD066', '2025-11-10', 'B009', 'Jatin Yadav', 'Absent', 'Off', ''),
(2599, 'STD067', '2025-11-10', 'B009', 'Jijith kakkarakkal', 'Absent', 'Off', ''),
(2600, 'STD068', '2025-11-10', 'B009', 'Mohammed Raza Bhojani', 'Present', 'Off', ''),
(2601, 'STD069', '2025-11-10', 'B009', 'Umashankar Gurjar', 'Present', 'Off', ''),
(2602, 'STD070', '2025-11-10', 'B009', 'Abhishek kumar', 'Present', 'Off', ''),
(2603, 'STD071', '2025-11-10', 'B009', 'Shrikant uikey', 'Absent', 'Off', ''),
(2604, 'STD072', '2025-11-10', 'B009', 'Dayawanti Saini', 'Absent', 'Off', ''),
(2605, 'STD073', '2025-11-10', 'B009', 'Bhagwan mahale', 'Absent', 'Off', ''),
(2606, 'STD074', '2025-11-10', 'B009', 'Rithik Amarnani', 'Present', 'Off', ''),
(2607, 'STD075', '2025-11-10', 'B009', 'Divyansh Singh', 'Absent', 'Off', ''),
(2608, 'STD076', '2025-11-10', 'B009', 'Taufiuq Shaikh', 'Absent', 'Off', ''),
(2609, 'STD077', '2025-11-10', 'B009', 'Vaibhav -', 'Present', 'Off', ''),
(2610, 'STD078', '2025-11-10', 'B009', 'Galu -', 'Present', 'Off', ''),
(2611, 'STD079', '2025-11-10', 'B009', 'Chahatdeep Singh', 'Absent', 'Off', ''),
(2612, 'STD080', '2025-11-10', 'B009', 'Govind Singh', 'Present', 'Off', ''),
(2613, 'STD081', '2025-11-10', 'B009', 'Harsh Dua', 'Absent', 'Off', ''),
(2614, 'STD082', '2025-11-10', 'B009', 'Arun Gupta', 'Present', 'Off', ''),
(2615, 'STD083', '2025-11-10', 'B009', 'Sohan Prasad Yadav', 'Present', 'Off', ''),
(2616, 'STD084', '2025-11-10', 'B009', 'Kushal Saha', 'Absent', 'Off', ''),
(2617, 'STD085', '2025-11-10', 'B009', 'Biswa Ranjan Jit', 'Absent', 'Off', ''),
(2618, 'STD119', '2025-11-10', 'B009', 'Pavan Patel', 'Absent', 'Off', ''),
(2619, 'STD199', '2025-11-10', 'B014', 'Pradeep Sharma', 'Present', 'Off', ''),
(2620, 'STD200', '2025-11-10', 'B014', 'Shyam Sunder Jangid', 'Present', 'Off', ''),
(2622, 'STD202', '2025-11-10', 'B014', 'Om Shukla', 'Present', 'Off', ''),
(2623, 'STD203', '2025-11-10', 'B014', 'Nitin Bhabhor', 'Present', 'Off', ''),
(2624, 'STD204', '2025-11-10', 'B014', 'Ayush Jha', 'Absent', 'Off', ''),
(2625, 'STD205', '2025-11-10', 'B014', 'Sudip Mundal', 'Present', 'Off', ''),
(2626, 'STD206', '2025-11-10', 'B014', 'Mohd  AijazuddinObaid', 'Present', 'Off', ''),
(2627, 'STD207', '2025-11-10', 'B014', 'Rakesh  Mewada', 'Absent', 'Off', ''),
(2628, 'STD209', '2025-11-10', 'B014', 'Priyanshu Sharma', 'Present', 'Off', ''),
(2629, 'STD210', '2025-11-10', 'B014', 'ABU TALAH M BAGWAN', 'Present', 'Off', ''),
(2630, 'STD093', '2025-11-10', 'B011', 'Sahil Kumar', 'Absent', 'Off', ''),
(2631, 'STD094', '2025-11-10', 'B011', 'Vasu Vekariya', 'Present', 'Off', ''),
(2632, 'STD095', '2025-11-10', 'B011', 'Bhavesh Kumar', 'Present', 'Off', ''),
(2633, 'STD097', '2025-11-10', 'B011', 'Prince Negi', 'Present', 'Off', ''),
(2635, 'STD099', '2025-11-10', 'B011', 'Abdur Rahman', 'Present', 'Off', ''),
(2636, 'STD101', '2025-11-10', 'B011', 'Jaydeep Chavan', 'Absent', 'Off', ''),
(2637, 'STD102', '2025-11-10', 'B011', 'Dhruv Agarwal', 'Absent', 'Off', ''),
(2638, 'STD103', '2025-11-10', 'B011', 'Abhay Pratap', 'Present', 'Off', ''),
(2640, 'STD106', '2025-11-10', 'B011', 'Farzad Jakir Shaikh', 'Absent', 'Off', ''),
(2641, 'STD107', '2025-11-10', 'B011', 'Palak Panwar', 'Present', 'Off', ''),
(2642, 'STD108', '2025-11-10', 'B011', 'Ashish Chaudhary', 'Present', 'Off', ''),
(2643, 'STD109', '2025-11-10', 'B011', 'Drishti Pandey', 'Present', 'Off', ''),
(2644, 'STD110', '2025-11-10', 'B011', 'Piyush Kumar Sain', 'Absent', 'Off', ''),
(2645, 'STD111', '2025-11-10', 'B011', 'Sahil Dilip Patrekar', 'Present', 'Off', ''),
(2646, 'STD112', '2025-11-10', 'B011', 'Deepak Kumar', 'Absent', 'Off', ''),
(2647, 'STD113', '2025-11-10', 'B011', 'Jayesh Wasnik', 'Present', 'Off', ''),
(2648, 'STD114', '2025-11-10', 'B011', 'Chandu -', 'Present', 'Off', ''),
(2649, 'STD115', '2025-11-10', 'B011', 'Vikas Yadav', 'Present', 'Off', ''),
(2650, 'STD019', '2025-11-10', 'B018', 'Bhavya Wade', 'Present', 'Off', ''),
(2651, 'STD020', '2025-11-10', 'B018', 'Kavya Wade', 'Present', 'Off', ''),
(2652, 'STD021', '2025-11-10', 'B018', 'Amar Singh', 'Present', 'Off', ''),
(2653, 'STD022', '2025-11-10', 'B018', 'Shardha Jadhav', 'Present', 'Off', ''),
(2654, 'STD023', '2025-11-10', 'B018', 'Ananad Mishra', 'Absent', 'Off', ''),
(2655, 'STD024', '2025-11-10', 'B018', 'Anshu Kushwaha', 'Present', 'Off', ''),
(2656, 'STD025', '2025-11-10', 'B018', 'Chandan Kumar', 'Present', 'Off', ''),
(2657, 'STD026', '2025-11-10', 'B018', 'Melvin Babu', 'Present', 'Off', ''),
(2658, 'STD027', '2025-11-10', 'B018', 'Kanishk Bhardwaj', 'Present', 'Off', ''),
(2659, 'STD029', '2025-11-10', 'B018', 'Harvinder Singh', 'Present', 'Off', ''),
(2660, 'STD030', '2025-11-10', 'B018', 'Abhishek Sah', 'Present', 'Off', ''),
(2661, 'STD031', '2025-11-10', 'B018', 'Rahul Vinod Devkar', 'Present', 'Off', ''),
(2662, 'STD033', '2025-11-10', 'B018', 'Aman Singh', 'Absent', 'Off', ''),
(2663, 'STD035', '2025-11-10', 'B018', 'Guru Prasad Yadav', 'Present', 'Off', ''),
(2664, 'STD036', '2025-11-10', 'B018', 'Sawyam Dhar', 'Absent', 'Off', ''),
(2665, 'STD038', '2025-11-10', 'B018', 'Ajay Kumar', 'Absent', 'Off', ''),
(2666, 'STD040', '2025-11-10', 'B018', 'Rahul Lad', 'Absent', 'Off', ''),
(2667, 'STD041', '2025-11-10', 'B018', 'Takshil Patel', 'Present', 'Off', ''),
(2668, 'STD042', '2025-11-10', 'B018', 'Prem Tejash Patil', 'Absent', 'Off', ''),
(2669, 'STD043', '2025-11-10', 'B018', 'Suraj Kumar', 'Present', 'Off', ''),
(2670, 'STD044', '2025-11-10', 'B018', 'Aditya Pratap Singh', 'Present', 'Off', ''),
(2671, 'STD139', '2025-11-10', 'B016', 'Ruchika -', 'Present', 'Off', ''),
(2672, 'STD140', '2025-11-10', 'B016', 'Mahesh Kumar Dayal', 'Absent', 'Off', ''),
(2673, 'STD142', '2025-11-10', 'B016', 'Harushikesh Nehete', 'Present', 'Off', ''),
(2674, 'STD143', '2025-11-10', 'B016', 'Praveen Kumar Kashyap', 'Absent', 'Off', ''),
(2675, 'STD144', '2025-11-10', 'B016', 'Sandeep Kumar', 'Present', 'Off', ''),
(2676, 'STD145', '2025-11-10', 'B016', 'Abhishek Mahato', 'Absent', 'Off', ''),
(2677, 'STD146', '2025-11-10', 'B016', 'Uttam Nishad', 'Present', 'Off', ''),
(2680, 'STD149', '2025-11-10', 'B016', 'Pankaj Kewat', 'Absent', 'Off', ''),
(2681, 'STD150', '2025-11-10', 'B016', 'Ayush Sahu', 'Absent', 'Off', ''),
(2682, 'STD151', '2025-11-10', 'B016', 'Ashish Kumar', 'Absent', 'Off', ''),
(2683, 'STD152', '2025-11-10', 'B016', 'Lakshay Parashar', 'Absent', 'Off', ''),
(2684, 'STD153', '2025-11-10', 'B016', 'Ronit Hazra', 'Absent', 'Off', ''),
(2685, 'STD154', '2025-11-10', 'B016', 'Prachi Dahiya', 'Present', 'Off', ''),
(2686, 'STD155', '2025-11-10', 'B016', 'Harshit Rathore', 'Absent', 'Off', ''),
(2690, 'STD197', '2025-11-10', 'B016', 'Muhammed Feroz', 'Absent', 'Off', ''),
(2691, 'STD198', '2025-11-10', 'B016', 'Jasmail  Online', 'Present', 'Off', ''),
(2692, 'STD211', '2025-11-10', 'B016', 'Aarti Patil', 'Present', 'Off', ''),
(2693, 'STD213', '2025-11-10', 'B016', 'Vivek Pal', 'Present', 'Off', ''),
(2694, 'STD116', '2025-11-10', 'B010', 'Anjali Saini', 'Present', 'Off', ''),
(2695, 'STD117', '2025-11-10', 'B010', 'Mohd junaid -', 'Present', 'Off', ''),
(2696, 'STD118', '2025-11-10', 'B010', 'Bhagyesh -', 'Present', 'Off', ''),
(2697, 'STD120', '2025-11-10', 'B010', 'Gopal Singh', 'Present', 'Off', ''),
(2698, 'STD121', '2025-11-10', 'B010', 'Sunny Kumar', 'Present', 'Off', ''),
(2699, 'STD124', '2025-11-10', 'B010', 'Shubham Kumar', 'Absent', 'Off', ''),
(2700, 'STD125', '2025-11-10', 'B010', 'Aditya Sharma', 'Present', 'Off', ''),
(2701, 'STD214', '2025-11-10', 'B010', 'Yash Patel', 'Present', 'Off', ''),
(2702, 'STD215', '2025-11-10', 'B010', 'Ravi -', 'Present', 'Off', ''),
(2703, 'STD216', '2025-11-10', 'B010', 'Bal Kishan  Vyas', 'Present', 'Off', ''),
(2704, 'STD064', '2025-11-11', 'B009', 'Swaraj Patil', 'Absent', 'Off', ''),
(2705, 'STD065', '2025-11-11', 'B009', 'Arjun Panchal', 'Absent', 'Off', ''),
(2706, 'STD066', '2025-11-11', 'B009', 'Jatin Yadav', 'Absent', 'Off', ''),
(2707, 'STD067', '2025-11-11', 'B009', 'Jijith kakkarakkal', 'Absent', 'Off', ''),
(2708, 'STD068', '2025-11-11', 'B009', 'Mohammed Raza Bhojani', 'Present', 'Off', ''),
(2709, 'STD069', '2025-11-11', 'B009', 'Umashankar Gurjar', 'Absent', 'Off', ''),
(2710, 'STD070', '2025-11-11', 'B009', 'Abhishek kumar', 'Present', 'Off', ''),
(2711, 'STD071', '2025-11-11', 'B009', 'Shrikant uikey', 'Absent', 'Off', ''),
(2712, 'STD072', '2025-11-11', 'B009', 'Dayawanti Saini', 'Absent', 'Off', ''),
(2713, 'STD073', '2025-11-11', 'B009', 'Bhagwan mahale', 'Present', 'Off', ''),
(2714, 'STD074', '2025-11-11', 'B009', 'Rithik Amarnani', 'Present', 'Off', ''),
(2715, 'STD075', '2025-11-11', 'B009', 'Divyansh Singh', 'Present', 'Off', ''),
(2716, 'STD076', '2025-11-11', 'B009', 'Taufiuq Shaikh', 'Absent', 'Off', ''),
(2717, 'STD077', '2025-11-11', 'B009', 'Vaibhav -', 'Present', 'Off', ''),
(2718, 'STD078', '2025-11-11', 'B009', 'Galu -', 'Present', 'Off', ''),
(2719, 'STD079', '2025-11-11', 'B009', 'Chahatdeep Singh', 'Absent', 'Off', ''),
(2720, 'STD080', '2025-11-11', 'B009', 'Govind Singh', 'Present', 'Off', ''),
(2721, 'STD081', '2025-11-11', 'B009', 'Harsh Dua', 'Absent', 'Off', ''),
(2722, 'STD082', '2025-11-11', 'B009', 'Arun Gupta', 'Present', 'Off', ''),
(2723, 'STD083', '2025-11-11', 'B009', 'Sohan Prasad Yadav', 'Present', 'Off', ''),
(2724, 'STD084', '2025-11-11', 'B009', 'Kushal Saha', 'Absent', 'Off', ''),
(2725, 'STD085', '2025-11-11', 'B009', 'Biswa Ranjan Jit', 'Absent', 'Off', ''),
(2726, 'STD119', '2025-11-11', 'B009', 'Pavan Patel', 'Absent', 'Off', ''),
(2727, 'STD199', '2025-11-11', 'B014', 'Pradeep Sharma', 'Absent', 'Off', ''),
(2728, 'STD200', '2025-11-11', 'B014', 'Shyam Sunder Jangid', 'Present', 'Off', ''),
(2730, 'STD202', '2025-11-11', 'B014', 'Om Shukla', 'Present', 'Off', ''),
(2731, 'STD203', '2025-11-11', 'B014', 'Nitin Bhabhor', 'Present', 'Off', ''),
(2732, 'STD204', '2025-11-11', 'B014', 'Ayush Jha', 'Absent', 'Off', ''),
(2733, 'STD205', '2025-11-11', 'B014', 'Sudip Mundal', 'Present', 'Off', ''),
(2734, 'STD206', '2025-11-11', 'B014', 'Mohd  AijazuddinObaid', 'Present', 'Off', ''),
(2735, 'STD207', '2025-11-11', 'B014', 'Rakesh  Mewada', 'Absent', 'Off', ''),
(2736, 'STD209', '2025-11-11', 'B014', 'Priyanshu Sharma', 'Present', 'Off', ''),
(2737, 'STD210', '2025-11-11', 'B014', 'ABU TALAH M BAGWAN', 'Present', 'Off', ''),
(2738, 'STD064', '2025-11-12', 'B009', 'Swaraj Patil', 'Absent', 'Off', ''),
(2739, 'STD065', '2025-11-12', 'B009', 'Arjun Panchal', 'Absent', 'Off', ''),
(2740, 'STD066', '2025-11-12', 'B009', 'Jatin Yadav', 'Absent', 'Off', ''),
(2741, 'STD067', '2025-11-12', 'B009', 'Jijith kakkarakkal', 'Absent', 'Off', ''),
(2742, 'STD068', '2025-11-12', 'B009', 'Mohammed Raza Bhojani', 'Present', 'Off', ''),
(2743, 'STD069', '2025-11-12', 'B009', 'Umashankar Gurjar', 'Absent', 'Off', ''),
(2744, 'STD070', '2025-11-12', 'B009', 'Abhishek kumar', 'Present', 'Off', ''),
(2745, 'STD071', '2025-11-12', 'B009', 'Shrikant uikey', 'Absent', 'Off', ''),
(2746, 'STD072', '2025-11-12', 'B009', 'Dayawanti Saini', 'Absent', 'Off', ''),
(2747, 'STD073', '2025-11-12', 'B009', 'Bhagwan mahale', 'Present', 'Off', ''),
(2748, 'STD074', '2025-11-12', 'B009', 'Rithik Amarnani', 'Present', 'Off', ''),
(2749, 'STD075', '2025-11-12', 'B009', 'Divyansh Singh', 'Absent', 'Off', ''),
(2750, 'STD076', '2025-11-12', 'B009', 'Taufiuq Shaikh', 'Absent', 'Off', ''),
(2751, 'STD077', '2025-11-12', 'B009', 'Vaibhav -', 'Present', 'Off', ''),
(2752, 'STD078', '2025-11-12', 'B009', 'Galu -', 'Present', 'Off', ''),
(2753, 'STD079', '2025-11-12', 'B009', 'Chahatdeep Singh', 'Absent', 'Off', ''),
(2754, 'STD080', '2025-11-12', 'B009', 'Govind Singh', 'Present', 'Off', ''),
(2755, 'STD081', '2025-11-12', 'B009', 'Harsh Dua', 'Absent', 'Off', ''),
(2756, 'STD082', '2025-11-12', 'B009', 'Arun Gupta', 'Present', 'Off', ''),
(2757, 'STD083', '2025-11-12', 'B009', 'Sohan Prasad Yadav', 'Present', 'Off', ''),
(2758, 'STD084', '2025-11-12', 'B009', 'Kushal Saha', 'Absent', 'Off', ''),
(2759, 'STD085', '2025-11-12', 'B009', 'Biswa Ranjan Jit', 'Absent', 'Off', ''),
(2760, 'STD119', '2025-11-12', 'B009', 'Pavan Patel', 'Absent', 'Off', ''),
(2761, 'STD199', '2025-11-12', 'B014', 'Pradeep Sharma', 'Present', 'Off', ''),
(2762, 'STD200', '2025-11-12', 'B014', 'Shyam Sunder Jangid', 'Present', 'Off', ''),
(2764, 'STD202', '2025-11-12', 'B014', 'Om Shukla', 'Present', 'Off', ''),
(2765, 'STD203', '2025-11-12', 'B014', 'Nitin Bhabhor', 'Present', 'Off', ''),
(2766, 'STD204', '2025-11-12', 'B014', 'Ayush Jha', 'Absent', 'Off', ''),
(2767, 'STD205', '2025-11-12', 'B014', 'Sudip Mundal', 'Present', 'Off', ''),
(2768, 'STD206', '2025-11-12', 'B014', 'Mohd  AijazuddinObaid', 'Absent', 'Off', ''),
(2769, 'STD207', '2025-11-12', 'B014', 'Rakesh  Mewada', 'Absent', 'Off', ''),
(2770, 'STD209', '2025-11-12', 'B014', 'Priyanshu Sharma', 'Present', 'Off', ''),
(2771, 'STD210', '2025-11-12', 'B014', 'ABU TALAH M BAGWAN', 'Present', 'Off', ''),
(2772, 'STD064', '2025-11-13', 'B009', 'Swaraj Patil', 'Absent', 'Off', ''),
(2773, 'STD065', '2025-11-13', 'B009', 'Arjun Panchal', 'Absent', 'Off', ''),
(2774, 'STD066', '2025-11-13', 'B009', 'Jatin Yadav', 'Present', 'Off', ''),
(2775, 'STD067', '2025-11-13', 'B009', 'Jijith kakkarakkal', 'Absent', 'Off', ''),
(2776, 'STD068', '2025-11-13', 'B009', 'Mohammed Raza Bhojani', 'Present', 'Off', ''),
(2777, 'STD069', '2025-11-13', 'B009', 'Umashankar Gurjar', 'Present', 'Off', ''),
(2778, 'STD070', '2025-11-13', 'B009', 'Abhishek kumar', 'Present', 'Off', ''),
(2779, 'STD071', '2025-11-13', 'B009', 'Shrikant uikey', 'Absent', 'Off', ''),
(2780, 'STD072', '2025-11-13', 'B009', 'Dayawanti Saini', 'Absent', 'Off', ''),
(2781, 'STD073', '2025-11-13', 'B009', 'Bhagwan mahale', 'Absent', 'Off', ''),
(2782, 'STD074', '2025-11-13', 'B009', 'Rithik Amarnani', 'Absent', 'Off', ''),
(2783, 'STD075', '2025-11-13', 'B009', 'Divyansh Singh', 'Absent', 'Off', ''),
(2784, 'STD076', '2025-11-13', 'B009', 'Taufiuq Shaikh', 'Absent', 'Off', ''),
(2785, 'STD077', '2025-11-13', 'B009', 'Vaibhav -', 'Present', 'Off', ''),
(2786, 'STD078', '2025-11-13', 'B009', 'Galu -', 'Present', 'Off', ''),
(2787, 'STD079', '2025-11-13', 'B009', 'Chahatdeep Singh', 'Absent', 'Off', ''),
(2788, 'STD080', '2025-11-13', 'B009', 'Govind Singh', 'Present', 'Off', ''),
(2789, 'STD081', '2025-11-13', 'B009', 'Harsh Dua', 'Absent', 'Off', ''),
(2790, 'STD082', '2025-11-13', 'B009', 'Arun Gupta', 'Present', 'Off', ''),
(2791, 'STD083', '2025-11-13', 'B009', 'Sohan Prasad Yadav', 'Present', 'Off', ''),
(2792, 'STD084', '2025-11-13', 'B009', 'Kushal Saha', 'Absent', 'Off', ''),
(2793, 'STD085', '2025-11-13', 'B009', 'Biswa Ranjan Jit', 'Absent', 'Off', ''),
(2794, 'STD119', '2025-11-13', 'B009', 'Pavan Patel', 'Absent', 'Off', ''),
(2795, 'STD199', '2025-11-13', 'B014', 'Pradeep Sharma', 'Present', 'Off', ''),
(2796, 'STD200', '2025-11-13', 'B014', 'Shyam Sunder Jangid', 'Present', 'Off', ''),
(2798, 'STD202', '2025-11-13', 'B014', 'Om Shukla', 'Present', 'Off', ''),
(2799, 'STD203', '2025-11-13', 'B014', 'Nitin Bhabhor', 'Present', 'Off', ''),
(2800, 'STD204', '2025-11-13', 'B014', 'Ayush Jha', 'Absent', 'Off', ''),
(2801, 'STD205', '2025-11-13', 'B014', 'Sudip Mundal', 'Present', 'Off', ''),
(2802, 'STD206', '2025-11-13', 'B014', 'Mohd  AijazuddinObaid', 'Present', 'Off', ''),
(2803, 'STD207', '2025-11-13', 'B014', 'Rakesh  Mewada', 'Absent', 'Off', ''),
(2804, 'STD209', '2025-11-13', 'B014', 'Priyanshu Sharma', 'Present', 'Off', ''),
(2805, 'STD210', '2025-11-13', 'B014', 'ABU TALAH M BAGWAN', 'Present', 'Off', ''),
(2806, 'STD064', '2025-11-14', 'B009', 'Swaraj Patil', 'Absent', 'Off', ''),
(2807, 'STD065', '2025-11-14', 'B009', 'Arjun Panchal', 'Absent', 'Off', ''),
(2808, 'STD066', '2025-11-14', 'B009', 'Jatin Yadav', 'Present', 'Off', ''),
(2809, 'STD067', '2025-11-14', 'B009', 'Jijith kakkarakkal', 'Absent', 'Off', ''),
(2810, 'STD068', '2025-11-14', 'B009', 'Mohammed Raza Bhojani', 'Present', 'Off', ''),
(2811, 'STD069', '2025-11-14', 'B009', 'Umashankar Gurjar', 'Present', 'Off', ''),
(2812, 'STD070', '2025-11-14', 'B009', 'Abhishek kumar', 'Present', 'Off', ''),
(2813, 'STD071', '2025-11-14', 'B009', 'Shrikant uikey', 'Absent', 'Off', ''),
(2814, 'STD072', '2025-11-14', 'B009', 'Dayawanti Saini', 'Absent', 'Off', ''),
(2815, 'STD073', '2025-11-14', 'B009', 'Bhagwan mahale', 'Absent', 'Off', ''),
(2816, 'STD074', '2025-11-14', 'B009', 'Rithik Amarnani', 'Present', 'Off', ''),
(2817, 'STD075', '2025-11-14', 'B009', 'Divyansh Singh', 'Absent', 'Off', ''),
(2818, 'STD076', '2025-11-14', 'B009', 'Taufiuq Shaikh', 'Absent', 'Off', ''),
(2819, 'STD077', '2025-11-14', 'B009', 'Vaibhav -', 'Present', 'Off', ''),
(2820, 'STD078', '2025-11-14', 'B009', 'Galu -', 'Absent', 'Off', ''),
(2821, 'STD079', '2025-11-14', 'B009', 'Chahatdeep Singh', 'Absent', 'Off', ''),
(2822, 'STD080', '2025-11-14', 'B009', 'Govind Singh', 'Absent', 'Off', ''),
(2823, 'STD081', '2025-11-14', 'B009', 'Harsh Dua', 'Absent', 'Off', ''),
(2824, 'STD082', '2025-11-14', 'B009', 'Arun Gupta', 'Absent', 'Off', ''),
(2825, 'STD083', '2025-11-14', 'B009', 'Sohan Prasad Yadav', 'Present', 'Off', ''),
(2826, 'STD084', '2025-11-14', 'B009', 'Kushal Saha', 'Absent', 'Off', ''),
(2827, 'STD085', '2025-11-14', 'B009', 'Biswa Ranjan Jit', 'Absent', 'Off', ''),
(2828, 'STD119', '2025-11-14', 'B009', 'Pavan Patel', 'Absent', 'Off', '');
INSERT INTO `attendance` (`id`, `student_id`, `date`, `batch_id`, `student_name`, `status`, `camera_status`, `remarks`) VALUES
(2829, 'STD199', '2025-11-14', 'B014', 'Pradeep Sharma', 'Absent', 'Off', ''),
(2830, 'STD200', '2025-11-14', 'B014', 'Shyam Sunder Jangid', 'Present', 'Off', ''),
(2832, 'STD202', '2025-11-14', 'B014', 'Om Shukla', 'Present', 'Off', ''),
(2833, 'STD203', '2025-11-14', 'B014', 'Nitin Bhabhor', 'Present', 'Off', ''),
(2834, 'STD204', '2025-11-14', 'B014', 'Ayush Jha', 'Absent', 'Off', ''),
(2835, 'STD205', '2025-11-14', 'B014', 'Sudip Mundal', 'Absent', 'Off', ''),
(2836, 'STD206', '2025-11-14', 'B014', 'Mohd  AijazuddinObaid', 'Present', 'Off', ''),
(2837, 'STD207', '2025-11-14', 'B014', 'Rakesh  Mewada', 'Absent', 'Off', ''),
(2838, 'STD209', '2025-11-14', 'B014', 'Priyanshu Sharma', 'Absent', 'Off', ''),
(2839, 'STD210', '2025-11-14', 'B014', 'ABU TALAH M BAGWAN', 'Present', 'Off', ''),
(2840, 'STD017', '2025-11-11', 'B008', 'Virendra Sharma', 'Present', 'Off', ''),
(2841, 'STD045', '2025-11-11', 'B008', 'Surajit Ghosh', 'Present', 'Off', ''),
(2842, 'STD046', '2025-11-11', 'B008', 'Anurag Shrivastav', 'Absent', 'Off', ''),
(2843, 'STD051', '2025-11-11', 'B008', 'Adil Khan', 'Present', 'Off', ''),
(2844, 'STD052', '2025-11-11', 'B008', 'Gunjan Tak', 'Absent', 'Off', ''),
(2845, 'STD056', '2025-11-11', 'B008', 'Shaik abubakrsiddiq', 'Absent', 'Off', ''),
(2846, 'STD057', '2025-11-11', 'B008', 'Lalit Dagur', 'Absent', 'Off', ''),
(2847, 'STD058', '2025-11-11', 'B008', 'Arambakam Nanda Kishore', 'Present', 'Off', ''),
(2848, 'STD059', '2025-11-11', 'B008', 'Sharon Joshi', 'Absent', 'Off', 'job timings '),
(2849, 'STD060', '2025-11-11', 'B008', 'Gitanshu -', 'Absent', 'Off', 'health issues '),
(2850, 'STD061', '2025-11-11', 'B008', 'Atharv Bhandari', 'Absent', 'Off', ''),
(2851, 'STD062', '2025-11-11', 'B008', 'Vishal Ashokan', 'Absent', 'Off', 'reason because of the job timings '),
(2852, 'STD063', '2025-11-11', 'B008', 'Deepak Jindal', 'Absent', 'Off', ''),
(2853, 'STD086', '2025-11-11', 'B008', 'Mominul Hoque', 'Present', 'Off', ''),
(2854, 'STD088', '2025-11-11', 'B008', 'Nishant Sharma', 'Present', 'Off', ''),
(2855, 'STD089', '2025-11-11', 'B008', 'Sanika More', 'Absent', 'Off', ''),
(2856, 'STD090', '2025-11-11', 'B008', 'Prince Kalal', 'Present', 'Off', ''),
(2857, 'STD091', '2025-11-11', 'B008', 'Venkanta Srilakshmi', 'Absent', 'Off', 'already mailed '),
(2858, 'STD208', '2025-11-11', 'B008', 'Mubin Mujwar', 'Present', 'Off', ''),
(2859, 'STD017', '2025-11-12', 'B008', 'Virendra Sharma', 'Present', 'Off', ''),
(2860, 'STD045', '2025-11-12', 'B008', 'Surajit Ghosh', 'Present', 'Off', ''),
(2861, 'STD046', '2025-11-12', 'B008', 'Anurag Shrivastav', 'Absent', 'Off', ''),
(2862, 'STD051', '2025-11-12', 'B008', 'Adil Khan', 'Present', 'Off', ''),
(2863, 'STD052', '2025-11-12', 'B008', 'Gunjan Tak', 'Absent', 'Off', ''),
(2864, 'STD056', '2025-11-12', 'B008', 'Shaik abubakrsiddiq', 'Present', 'Off', ''),
(2865, 'STD057', '2025-11-12', 'B008', 'Lalit Dagur', 'Absent', 'Off', ''),
(2866, 'STD058', '2025-11-12', 'B008', 'Arambakam Nanda Kishore', 'Present', 'Off', ''),
(2867, 'STD059', '2025-11-12', 'B008', 'Sharon Joshi', 'Present', 'Off', ''),
(2868, 'STD060', '2025-11-12', 'B008', 'Gitanshu -', 'Absent', 'Off', ''),
(2869, 'STD061', '2025-11-12', 'B008', 'Atharv Bhandari', 'Present', 'Off', ''),
(2870, 'STD062', '2025-11-12', 'B008', 'Vishal Ashokan', 'Absent', 'Off', ''),
(2871, 'STD063', '2025-11-12', 'B008', 'Deepak Jindal', 'Present', 'Off', ''),
(2872, 'STD086', '2025-11-12', 'B008', 'Mominul Hoque', 'Absent', 'Off', ''),
(2873, 'STD088', '2025-11-12', 'B008', 'Nishant Sharma', 'Absent', 'Off', ''),
(2874, 'STD089', '2025-11-12', 'B008', 'Sanika More', 'Absent', 'Off', ''),
(2875, 'STD090', '2025-11-12', 'B008', 'Prince Kalal', 'Present', 'Off', ''),
(2876, 'STD091', '2025-11-12', 'B008', 'Venkanta Srilakshmi', 'Absent', 'Off', ''),
(2877, 'STD170', '2025-11-12', 'B008', 'Rudraksh Kedar', 'Absent', 'Off', ''),
(2878, 'STD185', '2025-11-12', 'B008', 'Nilesh Jain', 'Absent', 'Off', ''),
(2879, 'STD208', '2025-11-12', 'B008', 'Mubin Mujwar', 'Present', 'Off', ''),
(2880, 'STD217', '2025-11-12', 'B008', 'Sudarshan    Patole', 'Present', 'Off', ''),
(2881, 'STD017', '2025-11-13', 'B008', 'Virendra Sharma', 'Present', 'Off', ''),
(2882, 'STD045', '2025-11-13', 'B008', 'Surajit Ghosh', 'Present', 'Off', ''),
(2883, 'STD046', '2025-11-13', 'B008', 'Anurag Shrivastav', 'Present', 'Off', ''),
(2884, 'STD051', '2025-11-13', 'B008', 'Adil Khan', 'Present', 'Off', ''),
(2885, 'STD052', '2025-11-13', 'B008', 'Gunjan Tak', 'Present', 'Off', ''),
(2886, 'STD056', '2025-11-13', 'B008', 'Shaik abubakrsiddiq', 'Present', 'Off', ''),
(2887, 'STD057', '2025-11-13', 'B008', 'Lalit Dagur', 'Absent', 'Off', ''),
(2888, 'STD058', '2025-11-13', 'B008', 'Arambakam Nanda Kishore', 'Present', 'Off', ''),
(2889, 'STD059', '2025-11-13', 'B008', 'Sharon Joshi', 'Absent', 'Off', ''),
(2890, 'STD060', '2025-11-13', 'B008', 'Gitanshu -', 'Absent', 'Off', ''),
(2891, 'STD061', '2025-11-13', 'B008', 'Atharv Bhandari', 'Absent', 'Off', ''),
(2892, 'STD062', '2025-11-13', 'B008', 'Vishal Ashokan', 'Absent', 'Off', ''),
(2893, 'STD063', '2025-11-13', 'B008', 'Deepak Jindal', 'Present', 'Off', ''),
(2894, 'STD086', '2025-11-13', 'B008', 'Mominul Hoque', 'Present', 'Off', ''),
(2895, 'STD088', '2025-11-13', 'B008', 'Nishant Sharma', 'Absent', 'Off', ''),
(2896, 'STD089', '2025-11-13', 'B008', 'Sanika More', 'Present', 'Off', ''),
(2897, 'STD090', '2025-11-13', 'B008', 'Prince Kalal', 'Present', 'Off', ''),
(2898, 'STD091', '2025-11-13', 'B008', 'Venkanta Srilakshmi', 'Absent', 'Off', ''),
(2899, 'STD170', '2025-11-13', 'B008', 'Rudraksh Kedar', 'Present', 'Off', ''),
(2900, 'STD185', '2025-11-13', 'B008', 'Nilesh Jain', 'Present', 'Off', ''),
(2901, 'STD208', '2025-11-13', 'B008', 'Mubin Mujwar', 'Absent', 'Off', ''),
(2902, 'STD217', '2025-11-13', 'B008', 'Sudarshan    Patole', 'Present', 'Off', ''),
(2903, 'STD017', '2025-11-14', 'B008', 'Virendra Sharma', 'Present', 'Off', ''),
(2904, 'STD045', '2025-11-14', 'B008', 'Surajit Ghosh', 'Present', 'Off', ''),
(2905, 'STD046', '2025-11-14', 'B008', 'Anurag Shrivastav', 'Absent', 'Off', ''),
(2906, 'STD051', '2025-11-14', 'B008', 'Adil Khan', 'Present', 'Off', ''),
(2907, 'STD052', '2025-11-14', 'B008', 'Gunjan Tak', 'Present', 'Off', ''),
(2908, 'STD056', '2025-11-14', 'B008', 'Shaik abubakrsiddiq', 'Present', 'Off', ''),
(2909, 'STD057', '2025-11-14', 'B008', 'Lalit Dagur', 'Absent', 'Off', ''),
(2910, 'STD058', '2025-11-14', 'B008', 'Arambakam Nanda Kishore', 'Present', 'Off', ''),
(2911, 'STD059', '2025-11-14', 'B008', 'Sharon Joshi', 'Absent', 'Off', ''),
(2912, 'STD060', '2025-11-14', 'B008', 'Gitanshu -', 'Absent', 'Off', ''),
(2913, 'STD061', '2025-11-14', 'B008', 'Atharv Bhandari', 'Present', 'Off', ''),
(2914, 'STD062', '2025-11-14', 'B008', 'Vishal Ashokan', 'Absent', 'Off', ''),
(2915, 'STD063', '2025-11-14', 'B008', 'Deepak Jindal', 'Present', 'Off', ''),
(2916, 'STD086', '2025-11-14', 'B008', 'Mominul Hoque', 'Present', 'Off', ''),
(2917, 'STD088', '2025-11-14', 'B008', 'Nishant Sharma', 'Absent', 'Off', ''),
(2918, 'STD089', '2025-11-14', 'B008', 'Sanika More', 'Present', 'Off', ''),
(2919, 'STD090', '2025-11-14', 'B008', 'Prince Kalal', 'Present', 'Off', ''),
(2920, 'STD091', '2025-11-14', 'B008', 'Venkanta Srilakshmi', 'Absent', 'Off', ''),
(2921, 'STD170', '2025-11-14', 'B008', 'Rudraksh Kedar', 'Present', 'Off', ''),
(2922, 'STD185', '2025-11-14', 'B008', 'Nilesh Jain', 'Present', 'Off', ''),
(2923, 'STD208', '2025-11-14', 'B008', 'Mubin Mujwar', 'Present', 'Off', ''),
(2924, 'STD217', '2025-11-14', 'B008', 'Sudarshan    Patole', 'Present', 'Off', ''),
(2925, 'STD093', '2025-11-11', 'B011', 'Sahil Kumar', 'Absent', 'Off', ''),
(2926, 'STD094', '2025-11-11', 'B011', 'Vasu Vekariya', 'Present', 'Off', ''),
(2927, 'STD095', '2025-11-11', 'B011', 'Bhavesh Kumar', 'Present', 'Off', ''),
(2928, 'STD097', '2025-11-11', 'B011', 'Prince Negi', 'Present', 'Off', ''),
(2930, 'STD099', '2025-11-11', 'B011', 'Abdur Rahman', 'Present', 'Off', ''),
(2931, 'STD101', '2025-11-11', 'B011', 'Jaydeep Chavan', 'Absent', 'Off', ''),
(2932, 'STD102', '2025-11-11', 'B011', 'Dhruv Agarwal', 'Absent', 'Off', ''),
(2933, 'STD103', '2025-11-11', 'B011', 'Abhay Pratap', 'Absent', 'Off', ''),
(2935, 'STD106', '2025-11-11', 'B011', 'Farzad Jakir Shaikh', 'Present', 'Off', ''),
(2936, 'STD107', '2025-11-11', 'B011', 'Palak Panwar', 'Absent', 'Off', ''),
(2937, 'STD108', '2025-11-11', 'B011', 'Ashish Chaudhary', 'Present', 'Off', ''),
(2938, 'STD109', '2025-11-11', 'B011', 'Drishti Pandey', 'Present', 'Off', ''),
(2939, 'STD110', '2025-11-11', 'B011', 'Piyush Kumar Sain', 'Absent', 'Off', ''),
(2940, 'STD111', '2025-11-11', 'B011', 'Sahil Dilip Patrekar', 'Present', 'Off', ''),
(2941, 'STD112', '2025-11-11', 'B011', 'Deepak Kumar', 'Absent', 'Off', ''),
(2942, 'STD113', '2025-11-11', 'B011', 'Jayesh Wasnik', 'Present', 'Off', ''),
(2943, 'STD114', '2025-11-11', 'B011', 'Chandu -', 'Absent', 'Off', ''),
(2944, 'STD115', '2025-11-11', 'B011', 'Vikas Yadav', 'Present', 'Off', ''),
(2945, 'STD093', '2025-11-12', 'B011', 'Sahil Kumar', 'Absent', 'Off', ''),
(2946, 'STD094', '2025-11-12', 'B011', 'Vasu Vekariya', 'Present', 'Off', ''),
(2947, 'STD095', '2025-11-12', 'B011', 'Bhavesh Kumar', 'Present', 'Off', ''),
(2948, 'STD097', '2025-11-12', 'B011', 'Prince Negi', 'Absent', 'Off', ''),
(2950, 'STD099', '2025-11-12', 'B011', 'Abdur Rahman', 'Absent', 'Off', ''),
(2951, 'STD101', '2025-11-12', 'B011', 'Jaydeep Chavan', 'Absent', 'Off', ''),
(2952, 'STD102', '2025-11-12', 'B011', 'Dhruv Agarwal', 'Absent', 'Off', ''),
(2953, 'STD103', '2025-11-12', 'B011', 'Abhay Pratap', 'Present', 'Off', ''),
(2955, 'STD106', '2025-11-12', 'B011', 'Farzad Jakir Shaikh', 'Present', 'Off', ''),
(2956, 'STD107', '2025-11-12', 'B011', 'Palak Panwar', 'Absent', 'Off', ''),
(2957, 'STD108', '2025-11-12', 'B011', 'Ashish Chaudhary', 'Absent', 'Off', ''),
(2958, 'STD109', '2025-11-12', 'B011', 'Drishti Pandey', 'Present', 'Off', ''),
(2959, 'STD110', '2025-11-12', 'B011', 'Piyush Kumar Sain', 'Absent', 'Off', ''),
(2960, 'STD111', '2025-11-12', 'B011', 'Sahil Dilip Patrekar', 'Present', 'Off', ''),
(2961, 'STD112', '2025-11-12', 'B011', 'Deepak Kumar', 'Absent', 'Off', ''),
(2962, 'STD113', '2025-11-12', 'B011', 'Jayesh Wasnik', 'Present', 'Off', ''),
(2963, 'STD114', '2025-11-12', 'B011', 'Chandu -', 'Present', 'Off', ''),
(2964, 'STD115', '2025-11-12', 'B011', 'Vikas Yadav', 'Present', 'Off', ''),
(2965, 'STD093', '2025-11-13', 'B011', 'Sahil Kumar', 'Absent', 'Off', ''),
(2966, 'STD094', '2025-11-13', 'B011', 'Vasu Vekariya', 'Absent', 'Off', ''),
(2967, 'STD095', '2025-11-13', 'B011', 'Bhavesh Kumar', 'Absent', 'Off', ''),
(2968, 'STD097', '2025-11-13', 'B011', 'Prince Negi', 'Absent', 'Off', ''),
(2970, 'STD099', '2025-11-13', 'B011', 'Abdur Rahman', 'Present', 'Off', ''),
(2971, 'STD101', '2025-11-13', 'B011', 'Jaydeep Chavan', 'Absent', 'Off', ''),
(2972, 'STD102', '2025-11-13', 'B011', 'Dhruv Agarwal', 'Absent', 'Off', ''),
(2973, 'STD103', '2025-11-13', 'B011', 'Abhay Pratap', 'Present', 'Off', ''),
(2975, 'STD106', '2025-11-13', 'B011', 'Farzad Jakir Shaikh', 'Present', 'Off', ''),
(2976, 'STD107', '2025-11-13', 'B011', 'Palak Panwar', 'Absent', 'Off', ''),
(2977, 'STD108', '2025-11-13', 'B011', 'Ashish Chaudhary', 'Absent', 'Off', ''),
(2978, 'STD109', '2025-11-13', 'B011', 'Drishti Pandey', 'Present', 'Off', ''),
(2979, 'STD110', '2025-11-13', 'B011', 'Piyush Kumar Sain', 'Absent', 'Off', ''),
(2980, 'STD111', '2025-11-13', 'B011', 'Sahil Dilip Patrekar', 'Absent', 'Off', ''),
(2981, 'STD112', '2025-11-13', 'B011', 'Deepak Kumar', 'Absent', 'Off', ''),
(2982, 'STD113', '2025-11-13', 'B011', 'Jayesh Wasnik', 'Present', 'Off', ''),
(2983, 'STD114', '2025-11-13', 'B011', 'Chandu -', 'Present', 'Off', ''),
(2984, 'STD115', '2025-11-13', 'B011', 'Vikas Yadav', 'Present', 'Off', ''),
(2985, 'STD093', '2025-11-14', 'B011', 'Sahil Kumar', 'Absent', 'Off', ''),
(2986, 'STD094', '2025-11-14', 'B011', 'Vasu Vekariya', 'Absent', 'Off', ''),
(2987, 'STD095', '2025-11-14', 'B011', 'Bhavesh Kumar', 'Absent', 'Off', ''),
(2988, 'STD097', '2025-11-14', 'B011', 'Prince Negi', 'Absent', 'Off', ''),
(2990, 'STD099', '2025-11-14', 'B011', 'Abdur Rahman', 'Absent', 'Off', ''),
(2991, 'STD101', '2025-11-14', 'B011', 'Jaydeep Chavan', 'Absent', 'Off', ''),
(2992, 'STD102', '2025-11-14', 'B011', 'Dhruv Agarwal', 'Absent', 'Off', ''),
(2993, 'STD103', '2025-11-14', 'B011', 'Abhay Pratap', 'Absent', 'Off', ''),
(2995, 'STD106', '2025-11-14', 'B011', 'Farzad Jakir Shaikh', 'Present', 'Off', ''),
(2996, 'STD107', '2025-11-14', 'B011', 'Palak Panwar', 'Absent', 'Off', ''),
(2997, 'STD108', '2025-11-14', 'B011', 'Ashish Chaudhary', 'Present', 'Off', ''),
(2998, 'STD109', '2025-11-14', 'B011', 'Drishti Pandey', 'Present', 'Off', ''),
(2999, 'STD110', '2025-11-14', 'B011', 'Piyush Kumar Sain', 'Absent', 'Off', ''),
(3000, 'STD111', '2025-11-14', 'B011', 'Sahil Dilip Patrekar', 'Absent', 'Off', ''),
(3001, 'STD112', '2025-11-14', 'B011', 'Deepak Kumar', 'Absent', 'Off', ''),
(3002, 'STD113', '2025-11-14', 'B011', 'Jayesh Wasnik', 'Present', 'Off', ''),
(3003, 'STD114', '2025-11-14', 'B011', 'Chandu -', 'Absent', 'Off', ''),
(3004, 'STD115', '2025-11-14', 'B011', 'Vikas Yadav', 'Absent', 'Off', ''),
(3005, 'STD017', '2025-11-17', 'B008', 'Virendra Sharma', 'Present', 'Off', ''),
(3006, 'STD045', '2025-11-17', 'B008', 'Surajit Ghosh', 'Present', 'Off', ''),
(3007, 'STD046', '2025-11-17', 'B008', 'Anurag Shrivastav', 'Absent', 'Off', ''),
(3008, 'STD051', '2025-11-17', 'B008', 'Adil Khan', 'Present', 'Off', ''),
(3009, 'STD052', '2025-11-17', 'B008', 'Gunjan Tak', 'Present', 'Off', ''),
(3010, 'STD056', '2025-11-17', 'B008', 'Shaik abubakrsiddiq', 'Present', 'Off', ''),
(3011, 'STD057', '2025-11-17', 'B008', 'Lalit Dagur', 'Present', 'Off', ''),
(3012, 'STD058', '2025-11-17', 'B008', 'Arambakam Nanda Kishore', 'Present', 'Off', ''),
(3013, 'STD059', '2025-11-17', 'B008', 'Sharon Joshi', 'Absent', 'Off', ''),
(3014, 'STD060', '2025-11-17', 'B008', 'Gitanshu -', 'Present', 'Off', ''),
(3015, 'STD061', '2025-11-17', 'B008', 'Atharv Bhandari', 'Absent', 'Off', ''),
(3016, 'STD062', '2025-11-17', 'B008', 'Vishal Ashokan', 'Absent', 'Off', ''),
(3017, 'STD063', '2025-11-17', 'B008', 'Deepak Jindal', 'Present', 'Off', ''),
(3018, 'STD086', '2025-11-17', 'B008', 'Mominul Hoque', 'Absent', 'Off', ''),
(3019, 'STD088', '2025-11-17', 'B008', 'Nishant Sharma', 'Absent', 'Off', ''),
(3020, 'STD089', '2025-11-17', 'B008', 'Sanika More', 'Present', 'Off', ''),
(3021, 'STD090', '2025-11-17', 'B008', 'Prince Kalal', 'Present', 'Off', ''),
(3022, 'STD091', '2025-11-17', 'B008', 'Venkanta Srilakshmi', 'Absent', 'Off', ''),
(3023, 'STD170', '2025-11-17', 'B008', 'Rudraksh Kedar', 'Absent', 'Off', ''),
(3024, 'STD185', '2025-11-17', 'B008', 'Nilesh Jain', 'Present', 'Off', ''),
(3025, 'STD208', '2025-11-17', 'B008', 'Mubin Mujwar', 'Present', 'Off', ''),
(3026, 'STD217', '2025-11-17', 'B008', 'Sudarshan    Patole', 'Absent', 'Off', ''),
(3027, 'STD116', '2025-11-17', 'B010', 'Anjali Saini', 'Present', 'Off', ''),
(3028, 'STD117', '2025-11-17', 'B010', 'Mohd junaid -', 'Present', 'Off', ''),
(3029, 'STD118', '2025-11-17', 'B010', 'Bhagyesh -', 'Present', 'Off', ''),
(3030, 'STD120', '2025-11-17', 'B010', 'Gopal Singh', 'Present', 'Off', ''),
(3031, 'STD121', '2025-11-17', 'B010', 'Sunny Kumar', 'Present', 'Off', ''),
(3032, 'STD124', '2025-11-17', 'B010', 'Shubham Kumar', 'Present', 'Off', ''),
(3033, 'STD125', '2025-11-17', 'B010', 'Aditya Sharma', 'Present', 'Off', ''),
(3034, 'STD214', '2025-11-17', 'B010', 'Yash Patel', 'Present', 'Off', ''),
(3035, 'STD215', '2025-11-17', 'B010', 'Ravi -', 'Present', 'Off', ''),
(3036, 'STD216', '2025-11-17', 'B010', 'Bal Kishan  Vyas', 'Present', 'Off', ''),
(3049, 'STD050', '2025-11-18', 'B010', 'Amit Kumar', 'Absent', 'Off', ''),
(3050, 'STD116', '2025-11-18', 'B010', 'Anjali Saini', 'Present', 'Off', ''),
(3051, 'STD117', '2025-11-18', 'B010', 'Mohd junaid -', 'Absent', 'Off', ''),
(3052, 'STD118', '2025-11-18', 'B010', 'Bhagyesh -', 'Present', 'Off', ''),
(3053, 'STD120', '2025-11-18', 'B010', 'Gopal Singh', 'Absent', 'Off', ''),
(3054, 'STD121', '2025-11-18', 'B010', 'Sunny Kumar', 'Present', 'Off', ''),
(3055, 'STD124', '2025-11-18', 'B010', 'Shubham Kumar', 'Absent', 'Off', 'bcs I had some urgent work and was a little busy with it'),
(3056, 'STD125', '2025-11-18', 'B010', 'Aditya Sharma', 'Present', 'Off', ''),
(3057, 'STD214', '2025-11-18', 'B010', 'Yash Patel', 'Present', 'Off', ''),
(3058, 'STD215', '2025-11-18', 'B010', 'Ravi -', 'Absent', 'Off', ''),
(3059, 'STD216', '2025-11-18', 'B010', 'Bal Kishan  Vyas', 'Present', 'Off', ''),
(3060, 'STD017', '2025-11-18', 'B008', 'Virendra Sharma', 'Present', 'Off', ''),
(3061, 'STD045', '2025-11-18', 'B008', 'Surajit Ghosh', 'Present', 'Off', ''),
(3062, 'STD046', '2025-11-18', 'B008', 'Anurag Shrivastav', 'Absent', 'Off', ''),
(3063, 'STD051', '2025-11-18', 'B008', 'Adil Khan', 'Present', 'Off', ''),
(3064, 'STD052', '2025-11-18', 'B008', 'Gunjan Tak', 'Present', 'Off', ''),
(3065, 'STD056', '2025-11-18', 'B008', 'Shaik abubakrsiddiq', 'Present', 'Off', ''),
(3066, 'STD057', '2025-11-18', 'B008', 'Lalit Dagur', 'Absent', 'Off', ''),
(3067, 'STD058', '2025-11-18', 'B008', 'Arambakam Nanda Kishore', 'Present', 'Off', ''),
(3068, 'STD059', '2025-11-18', 'B008', 'Sharon Joshi', 'Absent', 'Off', ''),
(3069, 'STD060', '2025-11-18', 'B008', 'Gitanshu -', 'Absent', 'Off', ''),
(3070, 'STD061', '2025-11-18', 'B008', 'Atharv Bhandari', 'Absent', 'Off', ''),
(3071, 'STD062', '2025-11-18', 'B008', 'Vishal Ashokan', 'Absent', 'Off', ''),
(3072, 'STD063', '2025-11-18', 'B008', 'Deepak Jindal', 'Present', 'Off', ''),
(3073, 'STD086', '2025-11-18', 'B008', 'Mominul Hoque', 'Absent', 'Off', ''),
(3074, 'STD088', '2025-11-18', 'B008', 'Nishant Sharma', 'Present', 'Off', ''),
(3075, 'STD089', '2025-11-18', 'B008', 'Sanika More', 'Present', 'Off', ''),
(3076, 'STD090', '2025-11-18', 'B008', 'Prince Kalal', 'Absent', 'Off', ''),
(3077, 'STD091', '2025-11-18', 'B008', 'Venkanta Srilakshmi', 'Absent', 'Off', ''),
(3078, 'STD170', '2025-11-18', 'B008', 'Rudraksh Kedar', 'Present', 'Off', ''),
(3079, 'STD185', '2025-11-18', 'B008', 'Nilesh Jain', 'Present', 'Off', ''),
(3080, 'STD208', '2025-11-18', 'B008', 'Mubin Mujwar', 'Present', 'Off', ''),
(3081, 'STD217', '2025-11-18', 'B008', 'Sudarshan    Patole', 'Present', 'Off', ''),
(3103, 'STD037', '2025-11-18', 'B011', 'Harshul Dev Prajapati', 'Present', 'Off', ''),
(3104, 'STD094', '2025-11-18', 'B011', 'Vasu Vekariya', 'Present', 'Off', ''),
(3105, 'STD095', '2025-11-18', 'B011', 'Bhavesh Kumar', 'Present', 'Off', ''),
(3106, 'STD097', '2025-11-18', 'B011', 'Prince Negi', 'Absent', 'Off', ''),
(3107, 'STD099', '2025-11-18', 'B011', 'Abdur Rahman', 'Absent', 'Off', ''),
(3108, 'STD101', '2025-11-18', 'B011', 'Jaydeep Chavan', 'Present', 'Off', ''),
(3109, 'STD102', '2025-11-18', 'B011', 'Dhruv Agarwal', 'Absent', 'Off', ''),
(3110, 'STD103', '2025-11-18', 'B011', 'Abhay Pratap', 'Absent', 'Off', ''),
(3111, 'STD106', '2025-11-18', 'B011', 'Farzad Jakir Shaikh', 'Present', 'Off', ''),
(3112, 'STD107', '2025-11-18', 'B011', 'Palak Panwar', 'Absent', 'Off', ''),
(3113, 'STD108', '2025-11-18', 'B011', 'Ashish Chaudhary', 'Absent', 'Off', ''),
(3114, 'STD109', '2025-11-18', 'B011', 'Drishti Pandey', 'Present', 'Off', ''),
(3115, 'STD111', '2025-11-18', 'B011', 'Sahil Dilip Patrekar', 'Absent', 'Off', ''),
(3116, 'STD112', '2025-11-18', 'B011', 'Deepak Kumar', 'Present', 'Off', ''),
(3117, 'STD113', '2025-11-18', 'B011', 'Jayesh Wasnik', 'Present', 'Off', ''),
(3118, 'STD114', '2025-11-18', 'B011', 'Chandu -', 'Absent', 'Off', ''),
(3119, 'STD115', '2025-11-18', 'B011', 'Vikas Yadav', 'Present', 'Off', ''),
(3120, 'STD148', '2025-11-18', 'B011', 'Mithun Rathod', 'Absent', 'Off', ''),
(3121, 'STD139', '2025-11-18', 'B016', 'Ruchika -', 'Absent', 'Off', ''),
(3122, 'STD140', '2025-11-18', 'B016', 'Mahesh Kumar Dayal', 'Absent', 'Off', ''),
(3123, 'STD142', '2025-11-18', 'B016', 'Harushikesh Nehete', 'Present', 'Off', ''),
(3124, 'STD143', '2025-11-18', 'B016', 'Praveen Kumar Kashyap', 'Present', 'Off', ''),
(3125, 'STD144', '2025-11-18', 'B016', 'Sandeep Kumar', 'Present', 'Off', ''),
(3126, 'STD145', '2025-11-18', 'B016', 'Abhishek Mahato', 'Absent', 'Off', ''),
(3127, 'STD146', '2025-11-18', 'B016', 'Uttam Nishad', 'Present', 'Off', ''),
(3128, 'STD149', '2025-11-18', 'B016', 'Pankaj Kewat', 'Present', 'Off', ''),
(3129, 'STD150', '2025-11-18', 'B016', 'Ayush Sahu', 'Absent', 'Off', ''),
(3130, 'STD151', '2025-11-18', 'B016', 'Ashish Kumar', 'Absent', 'Off', 'wedding '),
(3131, 'STD153', '2025-11-18', 'B016', 'Ronit Hazra', 'Present', 'Off', ''),
(3132, 'STD154', '2025-11-18', 'B016', 'Prachi Dahiya', 'Present', 'Off', ''),
(3133, 'STD155', '2025-11-18', 'B016', 'Harshit Rathore', 'Absent', 'Off', ''),
(3136, 'STD197', '2025-11-18', 'B016', 'Muhammed Feroz', 'Absent', 'Off', ''),
(3137, 'STD198', '2025-11-18', 'B016', 'Jasmail  Online', 'Present', 'Off', ''),
(3138, 'STD211', '2025-11-18', 'B016', 'Aarti Patil', 'Present', 'Off', ''),
(3139, 'STD213', '2025-11-18', 'B016', 'Vivek Pal', 'Present', 'Off', ''),
(3140, 'STD037', '2025-11-19', 'B011', 'Harshul Dev Prajapati', 'Present', 'Off', ''),
(3141, 'STD094', '2025-11-19', 'B011', 'Vasu Vekariya', 'Present', 'Off', ''),
(3142, 'STD095', '2025-11-19', 'B011', 'Bhavesh Kumar', 'Present', 'Off', ''),
(3143, 'STD097', '2025-11-19', 'B011', 'Prince Negi', 'Absent', 'Off', ''),
(3144, 'STD099', '2025-11-19', 'B011', 'Abdur Rahman', 'Absent', 'Off', ''),
(3145, 'STD101', '2025-11-19', 'B011', 'Jaydeep Chavan', 'Present', 'Off', ''),
(3146, 'STD102', '2025-11-19', 'B011', 'Dhruv Agarwal', 'Absent', 'Off', ''),
(3147, 'STD103', '2025-11-19', 'B011', 'Abhay Pratap', 'Present', 'Off', ''),
(3148, 'STD106', '2025-11-19', 'B011', 'Farzad Jakir Shaikh', 'Absent', 'Off', ''),
(3149, 'STD107', '2025-11-19', 'B011', 'Palak Panwar', 'Absent', 'Off', ''),
(3150, 'STD108', '2025-11-19', 'B011', 'Ashish Chaudhary', 'Present', 'Off', ''),
(3151, 'STD109', '2025-11-19', 'B011', 'Drishti Pandey', 'Present', 'Off', ''),
(3152, 'STD111', '2025-11-19', 'B011', 'Sahil Dilip Patrekar', 'Absent', 'Off', ''),
(3153, 'STD112', '2025-11-19', 'B011', 'Deepak Kumar', 'Present', 'Off', ''),
(3154, 'STD113', '2025-11-19', 'B011', 'Jayesh Wasnik', 'Present', 'Off', ''),
(3155, 'STD114', '2025-11-19', 'B011', 'Chandu -', 'Absent', 'Off', ''),
(3156, 'STD115', '2025-11-19', 'B011', 'Vikas Yadav', 'Absent', 'Off', ''),
(3157, 'STD148', '2025-11-19', 'B011', 'Mithun Rathod', 'Absent', 'Off', ''),
(3158, 'STD050', '2025-11-19', 'B010', 'Amit Kumar', 'Absent', 'Off', ''),
(3159, 'STD116', '2025-11-19', 'B010', 'Anjali Saini', 'Present', 'Off', ''),
(3160, 'STD117', '2025-11-19', 'B010', 'Mohd junaid -', 'Absent', 'Off', ''),
(3161, 'STD118', '2025-11-19', 'B010', 'Bhagyesh -', 'Present', 'Off', ''),
(3162, 'STD120', '2025-11-19', 'B010', 'Gopal Singh', 'Present', 'Off', ''),
(3163, 'STD121', '2025-11-19', 'B010', 'Sunny Kumar', 'Present', 'Off', ''),
(3164, 'STD124', '2025-11-19', 'B010', 'Shubham Kumar', 'Absent', 'Off', ''),
(3165, 'STD125', '2025-11-19', 'B010', 'Aditya Sharma', 'Present', 'Off', ''),
(3166, 'STD214', '2025-11-19', 'B010', 'Yash Patel', 'Present', 'Off', ''),
(3167, 'STD215', '2025-11-19', 'B010', 'Ravi -', 'Present', 'Off', ''),
(3168, 'STD216', '2025-11-19', 'B010', 'Bal Kishan  Vyas', 'Present', 'Off', ''),
(3169, 'STD017', '2025-11-19', 'B008', 'Virendra Sharma', 'Present', 'Off', ''),
(3170, 'STD045', '2025-11-19', 'B008', 'Surajit Ghosh', 'Present', 'Off', ''),
(3171, 'STD046', '2025-11-19', 'B008', 'Anurag Shrivastav', 'Absent', 'Off', ''),
(3172, 'STD051', '2025-11-19', 'B008', 'Adil Khan', 'Present', 'Off', ''),
(3173, 'STD052', '2025-11-19', 'B008', 'Gunjan Tak', 'Present', 'Off', ''),
(3174, 'STD056', '2025-11-19', 'B008', 'Shaik abubakrsiddiq', 'Present', 'Off', ''),
(3175, 'STD057', '2025-11-19', 'B008', 'Lalit Dagur', 'Absent', 'Off', ''),
(3176, 'STD058', '2025-11-19', 'B008', 'Arambakam Nanda Kishore', 'Present', 'Off', ''),
(3177, 'STD059', '2025-11-19', 'B008', 'Sharon Joshi', 'Absent', 'Off', ''),
(3178, 'STD060', '2025-11-19', 'B008', 'Gitanshu -', 'Absent', 'Off', ''),
(3179, 'STD061', '2025-11-19', 'B008', 'Atharv Bhandari', 'Absent', 'Off', ''),
(3180, 'STD062', '2025-11-19', 'B008', 'Vishal Ashokan', 'Absent', 'Off', ''),
(3181, 'STD063', '2025-11-19', 'B008', 'Deepak Jindal', 'Present', 'Off', ''),
(3182, 'STD086', '2025-11-19', 'B008', 'Mominul Hoque', 'Absent', 'Off', ''),
(3183, 'STD088', '2025-11-19', 'B008', 'Nishant Sharma', 'Absent', 'Off', ''),
(3184, 'STD089', '2025-11-19', 'B008', 'Sanika More', 'Present', 'Off', ''),
(3185, 'STD090', '2025-11-19', 'B008', 'Prince Kalal', 'Present', 'Off', ''),
(3186, 'STD091', '2025-11-19', 'B008', 'Venkanta Srilakshmi', 'Absent', 'Off', ''),
(3187, 'STD170', '2025-11-19', 'B008', 'Rudraksh Kedar', 'Present', 'Off', ''),
(3188, 'STD185', '2025-11-19', 'B008', 'Nilesh Jain', 'Present', 'Off', ''),
(3189, 'STD208', '2025-11-19', 'B008', 'Mubin Mujwar', 'Absent', 'Off', ''),
(3190, 'STD217', '2025-11-19', 'B008', 'Sudarshan    Patole', 'Present', 'Off', ''),
(3191, 'STD050', '2025-11-11', 'B010', 'Amit Kumar', 'Absent', 'Off', ''),
(3192, 'STD116', '2025-11-11', 'B010', 'Anjali Saini', 'Present', 'Off', ''),
(3193, 'STD117', '2025-11-11', 'B010', 'Mohd junaid -', 'Present', 'Off', ''),
(3194, 'STD118', '2025-11-11', 'B010', 'Bhagyesh -', 'Present', 'Off', ''),
(3195, 'STD120', '2025-11-11', 'B010', 'Gopal Singh', 'Present', 'Off', ''),
(3196, 'STD121', '2025-11-11', 'B010', 'Sunny Kumar', 'Present', 'Off', ''),
(3197, 'STD124', '2025-11-11', 'B010', 'Shubham Kumar', 'Absent', 'Off', ''),
(3198, 'STD125', '2025-11-11', 'B010', 'Aditya Sharma', 'Present', 'Off', ''),
(3199, 'STD214', '2025-11-11', 'B010', 'Yash Patel', 'Present', 'Off', ''),
(3200, 'STD215', '2025-11-11', 'B010', 'Ravi -', 'Present', 'Off', ''),
(3201, 'STD216', '2025-11-11', 'B010', 'Bal Kishan  Vyas', 'Present', 'Off', ''),
(3202, 'STD050', '2025-11-12', 'B010', 'Amit Kumar', 'Absent', 'Off', ''),
(3203, 'STD116', '2025-11-12', 'B010', 'Anjali Saini', 'Present', 'Off', ''),
(3204, 'STD117', '2025-11-12', 'B010', 'Mohd junaid -', 'Present', 'Off', ''),
(3205, 'STD118', '2025-11-12', 'B010', 'Bhagyesh -', 'Present', 'Off', ''),
(3206, 'STD120', '2025-11-12', 'B010', 'Gopal Singh', 'Present', 'Off', ''),
(3207, 'STD121', '2025-11-12', 'B010', 'Sunny Kumar', 'Present', 'Off', ''),
(3208, 'STD124', '2025-11-12', 'B010', 'Shubham Kumar', 'Present', 'Off', ''),
(3209, 'STD125', '2025-11-12', 'B010', 'Aditya Sharma', 'Present', 'Off', ''),
(3210, 'STD214', '2025-11-12', 'B010', 'Yash Patel', 'Present', 'Off', ''),
(3211, 'STD215', '2025-11-12', 'B010', 'Ravi -', 'Present', 'Off', ''),
(3212, 'STD216', '2025-11-12', 'B010', 'Bal Kishan  Vyas', 'Present', 'Off', ''),
(3213, 'STD050', '2025-11-14', 'B010', 'Amit Kumar', 'Absent', 'Off', ''),
(3214, 'STD116', '2025-11-14', 'B010', 'Anjali Saini', 'Present', 'Off', ''),
(3215, 'STD117', '2025-11-14', 'B010', 'Mohd junaid -', 'Present', 'Off', ''),
(3216, 'STD118', '2025-11-14', 'B010', 'Bhagyesh -', 'Present', 'Off', ''),
(3217, 'STD120', '2025-11-14', 'B010', 'Gopal Singh', 'Present', 'Off', ''),
(3218, 'STD121', '2025-11-14', 'B010', 'Sunny Kumar', 'Present', 'Off', ''),
(3219, 'STD124', '2025-11-14', 'B010', 'Shubham Kumar', 'Absent', 'Off', ''),
(3220, 'STD125', '2025-11-14', 'B010', 'Aditya Sharma', 'Present', 'Off', ''),
(3221, 'STD214', '2025-11-14', 'B010', 'Yash Patel', 'Present', 'Off', ''),
(3222, 'STD215', '2025-11-14', 'B010', 'Ravi -', 'Present', 'Off', ''),
(3223, 'STD216', '2025-11-14', 'B010', 'Bal Kishan  Vyas', 'Present', 'Off', ''),
(3224, 'STD050', '2025-11-13', 'B010', 'Amit Kumar', 'Absent', 'Off', ''),
(3225, 'STD116', '2025-11-13', 'B010', 'Anjali Saini', 'Present', 'Off', ''),
(3226, 'STD117', '2025-11-13', 'B010', 'Mohd junaid -', 'Present', 'Off', ''),
(3227, 'STD118', '2025-11-13', 'B010', 'Bhagyesh -', 'Present', 'Off', ''),
(3228, 'STD120', '2025-11-13', 'B010', 'Gopal Singh', 'Present', 'Off', ''),
(3229, 'STD121', '2025-11-13', 'B010', 'Sunny Kumar', 'Present', 'Off', ''),
(3230, 'STD124', '2025-11-13', 'B010', 'Shubham Kumar', 'Absent', 'Off', ''),
(3231, 'STD125', '2025-11-13', 'B010', 'Aditya Sharma', 'Present', 'Off', ''),
(3232, 'STD214', '2025-11-13', 'B010', 'Yash Patel', 'Present', 'Off', ''),
(3233, 'STD215', '2025-11-13', 'B010', 'Ravi -', 'Present', 'Off', ''),
(3234, 'STD216', '2025-11-13', 'B010', 'Bal Kishan  Vyas', 'Present', 'Off', ''),
(3235, 'STD050', '2025-11-20', 'B010', 'Amit Kumar', 'Absent', 'Off', ''),
(3236, 'STD116', '2025-11-20', 'B010', 'Anjali Saini', 'Present', 'Off', ''),
(3237, 'STD117', '2025-11-20', 'B010', 'Mohd junaid -', 'Absent', 'Off', ''),
(3238, 'STD118', '2025-11-20', 'B010', 'Bhagyesh -', 'Present', 'Off', ''),
(3239, 'STD120', '2025-11-20', 'B010', 'Gopal Singh', 'Absent', 'Off', ''),
(3240, 'STD121', '2025-11-20', 'B010', 'Sunny Kumar', 'Present', 'Off', ''),
(3241, 'STD124', '2025-11-20', 'B010', 'Shubham Kumar', 'Absent', 'Off', ''),
(3242, 'STD125', '2025-11-20', 'B010', 'Aditya Sharma', 'Present', 'Off', ''),
(3243, 'STD214', '2025-11-20', 'B010', 'Yash Patel', 'Absent', 'Off', ''),
(3244, 'STD215', '2025-11-20', 'B010', 'Ravi -', 'Absent', 'Off', ''),
(3245, 'STD216', '2025-11-20', 'B010', 'Bal Kishan  Vyas', 'Present', 'Off', ''),
(3246, 'STD139', '2025-11-11', 'B016', 'Ruchika -', 'Absent', 'Off', ''),
(3247, 'STD140', '2025-11-11', 'B016', 'Mahesh Kumar Dayal', 'Absent', 'Off', ''),
(3248, 'STD142', '2025-11-11', 'B016', 'Harushikesh Nehete', 'Present', 'Off', ''),
(3249, 'STD143', '2025-11-11', 'B016', 'Praveen Kumar Kashyap', 'Present', 'Off', ''),
(3250, 'STD144', '2025-11-11', 'B016', 'Sandeep Kumar', 'Present', 'Off', ''),
(3251, 'STD145', '2025-11-11', 'B016', 'Abhishek Mahato', 'Absent', 'Off', ''),
(3252, 'STD146', '2025-11-11', 'B016', 'Uttam Nishad', 'Present', 'Off', ''),
(3253, 'STD149', '2025-11-11', 'B016', 'Pankaj Kewat', 'Present', 'Off', ''),
(3254, 'STD150', '2025-11-11', 'B016', 'Ayush Sahu', 'Absent', 'Off', ''),
(3255, 'STD151', '2025-11-11', 'B016', 'Ashish Kumar', 'Absent', 'Off', ''),
(3256, 'STD153', '2025-11-11', 'B016', 'Ronit Hazra', 'Present', 'Off', ''),
(3257, 'STD154', '2025-11-11', 'B016', 'Prachi Dahiya', 'Present', 'Off', ''),
(3258, 'STD155', '2025-11-11', 'B016', 'Harshit Rathore', 'Absent', 'Off', ''),
(3261, 'STD197', '2025-11-11', 'B016', 'Muhammed Feroz', 'Absent', 'Off', ''),
(3262, 'STD198', '2025-11-11', 'B016', 'Jasmail  Online', 'Present', 'Off', ''),
(3263, 'STD211', '2025-11-11', 'B016', 'Aarti Patil', 'Present', 'Off', ''),
(3264, 'STD213', '2025-11-11', 'B016', 'Vivek Pal', 'Present', 'Off', ''),
(3265, 'STD139', '2025-11-12', 'B016', 'Ruchika -', 'Present', 'Off', ''),
(3266, 'STD140', '2025-11-12', 'B016', 'Mahesh Kumar Dayal', 'Absent', 'Off', ''),
(3267, 'STD142', '2025-11-12', 'B016', 'Harushikesh Nehete', 'Present', 'Off', ''),
(3268, 'STD143', '2025-11-12', 'B016', 'Praveen Kumar Kashyap', 'Present', 'Off', ''),
(3269, 'STD144', '2025-11-12', 'B016', 'Sandeep Kumar', 'Present', 'Off', ''),
(3270, 'STD145', '2025-11-12', 'B016', 'Abhishek Mahato', 'Absent', 'Off', ''),
(3271, 'STD146', '2025-11-12', 'B016', 'Uttam Nishad', 'Present', 'Off', ''),
(3272, 'STD149', '2025-11-12', 'B016', 'Pankaj Kewat', 'Present', 'Off', ''),
(3273, 'STD150', '2025-11-12', 'B016', 'Ayush Sahu', 'Absent', 'Off', ''),
(3274, 'STD151', '2025-11-12', 'B016', 'Ashish Kumar', 'Absent', 'Off', ''),
(3275, 'STD153', '2025-11-12', 'B016', 'Ronit Hazra', 'Absent', 'Off', ''),
(3276, 'STD154', '2025-11-12', 'B016', 'Prachi Dahiya', 'Present', 'Off', ''),
(3277, 'STD155', '2025-11-12', 'B016', 'Harshit Rathore', 'Absent', 'Off', ''),
(3280, 'STD197', '2025-11-12', 'B016', 'Muhammed Feroz', 'Absent', 'Off', ''),
(3281, 'STD198', '2025-11-12', 'B016', 'Jasmail  Online', 'Present', 'Off', ''),
(3282, 'STD211', '2025-11-12', 'B016', 'Aarti Patil', 'Present', 'Off', ''),
(3283, 'STD213', '2025-11-12', 'B016', 'Vivek Pal', 'Present', 'Off', ''),
(3284, 'STD139', '2025-11-13', 'B016', 'Ruchika -', 'Present', 'Off', ''),
(3285, 'STD140', '2025-11-13', 'B016', 'Mahesh Kumar Dayal', 'Absent', 'Off', ''),
(3286, 'STD142', '2025-11-13', 'B016', 'Harushikesh Nehete', 'Present', 'Off', ''),
(3287, 'STD143', '2025-11-13', 'B016', 'Praveen Kumar Kashyap', 'Present', 'Off', ''),
(3288, 'STD144', '2025-11-13', 'B016', 'Sandeep Kumar', 'Absent', 'Off', ''),
(3289, 'STD145', '2025-11-13', 'B016', 'Abhishek Mahato', 'Absent', 'Off', ''),
(3290, 'STD146', '2025-11-13', 'B016', 'Uttam Nishad', 'Present', 'Off', ''),
(3291, 'STD149', '2025-11-13', 'B016', 'Pankaj Kewat', 'Absent', 'Off', ''),
(3292, 'STD150', '2025-11-13', 'B016', 'Ayush Sahu', 'Absent', 'Off', ''),
(3293, 'STD151', '2025-11-13', 'B016', 'Ashish Kumar', 'Absent', 'Off', ''),
(3294, 'STD153', '2025-11-13', 'B016', 'Ronit Hazra', 'Absent', 'Off', ''),
(3295, 'STD154', '2025-11-13', 'B016', 'Prachi Dahiya', 'Present', 'Off', ''),
(3296, 'STD155', '2025-11-13', 'B016', 'Harshit Rathore', 'Absent', 'Off', ''),
(3299, 'STD197', '2025-11-13', 'B016', 'Muhammed Feroz', 'Absent', 'Off', ''),
(3300, 'STD198', '2025-11-13', 'B016', 'Jasmail  Online', 'Present', 'Off', ''),
(3301, 'STD211', '2025-11-13', 'B016', 'Aarti Patil', 'Present', 'Off', ''),
(3302, 'STD213', '2025-11-13', 'B016', 'Vivek Pal', 'Present', 'Off', ''),
(3303, 'STD139', '2025-11-14', 'B016', 'Ruchika -', 'Present', 'Off', ''),
(3304, 'STD140', '2025-11-14', 'B016', 'Mahesh Kumar Dayal', 'Absent', 'Off', ''),
(3305, 'STD142', '2025-11-14', 'B016', 'Harushikesh Nehete', 'Present', 'Off', ''),
(3306, 'STD143', '2025-11-14', 'B016', 'Praveen Kumar Kashyap', 'Present', 'Off', ''),
(3307, 'STD144', '2025-11-14', 'B016', 'Sandeep Kumar', 'Absent', 'Off', ''),
(3308, 'STD145', '2025-11-14', 'B016', 'Abhishek Mahato', 'Absent', 'Off', ''),
(3309, 'STD146', '2025-11-14', 'B016', 'Uttam Nishad', 'Present', 'Off', ''),
(3310, 'STD149', '2025-11-14', 'B016', 'Pankaj Kewat', 'Present', 'Off', ''),
(3311, 'STD150', '2025-11-14', 'B016', 'Ayush Sahu', 'Absent', 'Off', ''),
(3312, 'STD151', '2025-11-14', 'B016', 'Ashish Kumar', 'Absent', 'Off', ''),
(3313, 'STD153', '2025-11-14', 'B016', 'Ronit Hazra', 'Absent', 'Off', ''),
(3314, 'STD154', '2025-11-14', 'B016', 'Prachi Dahiya', 'Present', 'Off', ''),
(3315, 'STD155', '2025-11-14', 'B016', 'Harshit Rathore', 'Absent', 'Off', ''),
(3318, 'STD197', '2025-11-14', 'B016', 'Muhammed Feroz', 'Absent', 'Off', ''),
(3319, 'STD198', '2025-11-14', 'B016', 'Jasmail  Online', 'Present', 'Off', ''),
(3320, 'STD211', '2025-11-14', 'B016', 'Aarti Patil', 'Present', 'Off', ''),
(3321, 'STD213', '2025-11-14', 'B016', 'Vivek Pal', 'Present', 'Off', ''),
(3322, 'STD139', '2025-11-17', 'B016', 'Ruchika -', 'Present', 'Off', ''),
(3323, 'STD140', '2025-11-17', 'B016', 'Mahesh Kumar Dayal', 'Absent', 'Off', ''),
(3324, 'STD142', '2025-11-17', 'B016', 'Harushikesh Nehete', 'Present', 'Off', ''),
(3325, 'STD143', '2025-11-17', 'B016', 'Praveen Kumar Kashyap', 'Present', 'Off', ''),
(3326, 'STD144', '2025-11-17', 'B016', 'Sandeep Kumar', 'Present', 'Off', ''),
(3327, 'STD145', '2025-11-17', 'B016', 'Abhishek Mahato', 'Absent', 'Off', ''),
(3328, 'STD146', '2025-11-17', 'B016', 'Uttam Nishad', 'Present', 'Off', ''),
(3329, 'STD149', '2025-11-17', 'B016', 'Pankaj Kewat', 'Present', 'Off', ''),
(3330, 'STD150', '2025-11-17', 'B016', 'Ayush Sahu', 'Present', 'Off', ''),
(3331, 'STD151', '2025-11-17', 'B016', 'Ashish Kumar', 'Absent', 'Off', ''),
(3332, 'STD153', '2025-11-17', 'B016', 'Ronit Hazra', 'Present', 'Off', ''),
(3333, 'STD154', '2025-11-17', 'B016', 'Prachi Dahiya', 'Present', 'Off', ''),
(3334, 'STD155', '2025-11-17', 'B016', 'Harshit Rathore', 'Absent', 'Off', ''),
(3337, 'STD197', '2025-11-17', 'B016', 'Muhammed Feroz', 'Absent', 'Off', ''),
(3338, 'STD198', '2025-11-17', 'B016', 'Jasmail  Online', 'Present', 'Off', ''),
(3339, 'STD211', '2025-11-17', 'B016', 'Aarti Patil', 'Present', 'Off', ''),
(3340, 'STD213', '2025-11-17', 'B016', 'Vivek Pal', 'Present', 'Off', ''),
(3341, 'STD037', '2025-11-17', 'B011', 'Harshul Dev Prajapati', 'Present', 'Off', ''),
(3342, 'STD094', '2025-11-17', 'B011', 'Vasu Vekariya', 'Present', 'Off', ''),
(3343, 'STD095', '2025-11-17', 'B011', 'Bhavesh Kumar', 'Present', 'Off', ''),
(3344, 'STD097', '2025-11-17', 'B011', 'Prince Negi', 'Absent', 'Off', ''),
(3345, 'STD099', '2025-11-17', 'B011', 'Abdur Rahman', 'Absent', 'Off', ''),
(3346, 'STD101', '2025-11-17', 'B011', 'Jaydeep Chavan', 'Absent', 'Off', ''),
(3347, 'STD102', '2025-11-17', 'B011', 'Dhruv Agarwal', 'Absent', 'Off', ''),
(3348, 'STD103', '2025-11-17', 'B011', 'Abhay Pratap', 'Absent', 'Off', ''),
(3349, 'STD106', '2025-11-17', 'B011', 'Farzad Jakir Shaikh', 'Present', 'Off', ''),
(3350, 'STD107', '2025-11-17', 'B011', 'Palak Panwar', 'Absent', 'Off', ''),
(3351, 'STD108', '2025-11-17', 'B011', 'Ashish Chaudhary', 'Absent', 'Off', ''),
(3352, 'STD109', '2025-11-17', 'B011', 'Drishti Pandey', 'Present', 'Off', ''),
(3353, 'STD111', '2025-11-17', 'B011', 'Sahil Dilip Patrekar', 'Present', 'Off', ''),
(3354, 'STD112', '2025-11-17', 'B011', 'Deepak Kumar', 'Present', 'Off', ''),
(3355, 'STD113', '2025-11-17', 'B011', 'Jayesh Wasnik', 'Present', 'Off', ''),
(3356, 'STD114', '2025-11-17', 'B011', 'Chandu -', 'Absent', 'Off', ''),
(3357, 'STD115', '2025-11-17', 'B011', 'Vikas Yadav', 'Present', 'Off', ''),
(3358, 'STD148', '2025-11-17', 'B011', 'Mithun Rathod', 'Absent', 'Off', ''),
(3359, 'STD037', '2025-11-06', 'B011', 'Harshul Dev Prajapati', 'Present', 'Off', ''),
(3360, 'STD094', '2025-11-06', 'B011', 'Vasu Vekariya', 'Present', 'Off', ''),
(3361, 'STD095', '2025-11-06', 'B011', 'Bhavesh Kumar', 'Present', 'Off', ''),
(3362, 'STD097', '2025-11-06', 'B011', 'Prince Negi', 'Present', 'Off', ''),
(3363, 'STD099', '2025-11-06', 'B011', 'Abdur Rahman', 'Present', 'Off', ''),
(3364, 'STD101', '2025-11-06', 'B011', 'Jaydeep Chavan', 'Absent', 'Off', ''),
(3365, 'STD102', '2025-11-06', 'B011', 'Dhruv Agarwal', 'Absent', 'Off', ''),
(3366, 'STD103', '2025-11-06', 'B011', 'Abhay Pratap', 'Absent', 'Off', ''),
(3367, 'STD106', '2025-11-06', 'B011', 'Farzad Jakir Shaikh', 'Present', 'Off', ''),
(3368, 'STD107', '2025-11-06', 'B011', 'Palak Panwar', 'Present', 'Off', ''),
(3369, 'STD108', '2025-11-06', 'B011', 'Ashish Chaudhary', 'Present', 'Off', ''),
(3370, 'STD109', '2025-11-06', 'B011', 'Drishti Pandey', 'Present', 'Off', ''),
(3371, 'STD111', '2025-11-06', 'B011', 'Sahil Dilip Patrekar', 'Present', 'Off', ''),
(3372, 'STD112', '2025-11-06', 'B011', 'Deepak Kumar', 'Present', 'Off', ''),
(3373, 'STD113', '2025-11-06', 'B011', 'Jayesh Wasnik', 'Present', 'Off', ''),
(3374, 'STD114', '2025-11-06', 'B011', 'Chandu -', 'Present', 'Off', ''),
(3375, 'STD115', '2025-11-06', 'B011', 'Vikas Yadav', 'Absent', 'Off', ''),
(3376, 'STD148', '2025-11-06', 'B011', 'Mithun Rathod', 'Absent', 'Off', ''),
(3377, 'STD037', '2025-11-05', 'B011', 'Harshul Dev Prajapati', 'Absent', 'Off', ''),
(3378, 'STD094', '2025-11-05', 'B011', 'Vasu Vekariya', 'Present', 'Off', ''),
(3379, 'STD095', '2025-11-05', 'B011', 'Bhavesh Kumar', 'Present', 'Off', ''),
(3380, 'STD097', '2025-11-05', 'B011', 'Prince Negi', 'Present', 'Off', ''),
(3381, 'STD099', '2025-11-05', 'B011', 'Abdur Rahman', 'Present', 'Off', ''),
(3382, 'STD101', '2025-11-05', 'B011', 'Jaydeep Chavan', 'Absent', 'Off', ''),
(3383, 'STD102', '2025-11-05', 'B011', 'Dhruv Agarwal', 'Absent', 'Off', ''),
(3384, 'STD103', '2025-11-05', 'B011', 'Abhay Pratap', 'Present', 'Off', ''),
(3385, 'STD106', '2025-11-05', 'B011', 'Farzad Jakir Shaikh', 'Present', 'Off', ''),
(3386, 'STD107', '2025-11-05', 'B011', 'Palak Panwar', 'Present', 'Off', ''),
(3387, 'STD108', '2025-11-05', 'B011', 'Ashish Chaudhary', 'Present', 'Off', ''),
(3388, 'STD109', '2025-11-05', 'B011', 'Drishti Pandey', 'Present', 'Off', ''),
(3389, 'STD111', '2025-11-05', 'B011', 'Sahil Dilip Patrekar', 'Absent', 'Off', ''),
(3390, 'STD112', '2025-11-05', 'B011', 'Deepak Kumar', 'Present', 'Off', ''),
(3391, 'STD113', '2025-11-05', 'B011', 'Jayesh Wasnik', 'Present', 'Off', ''),
(3392, 'STD114', '2025-11-05', 'B011', 'Chandu -', 'Present', 'Off', ''),
(3393, 'STD115', '2025-11-05', 'B011', 'Vikas Yadav', 'Present', 'Off', ''),
(3394, 'STD148', '2025-11-05', 'B011', 'Mithun Rathod', 'Absent', 'Off', ''),
(3395, 'STD050', '2025-11-21', 'B010', 'Amit Kumar', 'Absent', 'Off', ''),
(3396, 'STD116', '2025-11-21', 'B010', 'Anjali Saini', 'Absent', 'Off', 'health issues '),
(3397, 'STD117', '2025-11-21', 'B010', 'Mohd junaid -', 'Absent', 'Off', ''),
(3398, 'STD118', '2025-11-21', 'B010', 'Bhagyesh -', 'Present', 'Off', ''),
(3399, 'STD120', '2025-11-21', 'B010', 'Gopal Singh', 'Present', 'Off', ''),
(3400, 'STD121', '2025-11-21', 'B010', 'Sunny Kumar', 'Present', 'Off', ''),
(3401, 'STD124', '2025-11-21', 'B010', 'Shubham Kumar', 'Absent', 'Off', ''),
(3402, 'STD125', '2025-11-21', 'B010', 'Aditya Sharma', 'Present', 'Off', ''),
(3403, 'STD214', '2025-11-21', 'B010', 'Yash Patel', 'Absent', 'Off', 'personal issues '),
(3404, 'STD215', '2025-11-21', 'B010', 'Ravi -', 'Absent', 'Off', ' was attending an office meeting, which is why I could not attend the class'),
(3405, 'STD216', '2025-11-21', 'B010', 'Bal Kishan  Vyas', 'Absent', 'Off', NULL),
(3406, 'STD017', '2025-11-21', 'B008', 'Virendra Sharma', 'Present', 'Off', ''),
(3407, 'STD045', '2025-11-21', 'B008', 'Surajit Ghosh', 'Present', 'Off', ''),
(3408, 'STD046', '2025-11-21', 'B008', 'Anurag Shrivastav', 'Absent', 'Off', ''),
(3409, 'STD051', '2025-11-21', 'B008', 'Adil Khan', 'Present', 'Off', ''),
(3410, 'STD052', '2025-11-21', 'B008', 'Gunjan Tak', 'Present', 'Off', ''),
(3411, 'STD056', '2025-11-21', 'B008', 'Shaik abubakrsiddiq', 'Present', 'Off', ''),
(3412, 'STD057', '2025-11-21', 'B008', 'Lalit Dagur', 'Absent', 'Off', ''),
(3413, 'STD058', '2025-11-21', 'B008', 'Arambakam Nanda Kishore', 'Present', 'Off', ''),
(3414, 'STD059', '2025-11-21', 'B008', 'Sharon Joshi', 'Absent', 'Off', ''),
(3415, 'STD060', '2025-11-21', 'B008', 'Gitanshu -', 'Absent', 'Off', ''),
(3416, 'STD061', '2025-11-21', 'B008', 'Atharv Bhandari', 'Absent', 'Off', ''),
(3417, 'STD062', '2025-11-21', 'B008', 'Vishal Ashokan', 'Absent', 'Off', ''),
(3418, 'STD063', '2025-11-21', 'B008', 'Deepak Jindal', 'Present', 'Off', ''),
(3419, 'STD086', '2025-11-21', 'B008', 'Mominul Hoque', 'Absent', 'Off', ''),
(3420, 'STD088', '2025-11-21', 'B008', 'Nishant Sharma', 'Present', 'Off', ''),
(3421, 'STD089', '2025-11-21', 'B008', 'Sanika More', 'Absent', 'Off', ''),
(3422, 'STD090', '2025-11-21', 'B008', 'Prince Kalal', 'Present', 'Off', ''),
(3423, 'STD091', '2025-11-21', 'B008', 'Venkanta Srilakshmi', 'Absent', 'Off', ''),
(3424, 'STD170', '2025-11-21', 'B008', 'Rudraksh Kedar', 'Absent', 'Off', ''),
(3425, 'STD185', '2025-11-21', 'B008', 'Nilesh Jain', 'Present', 'Off', ''),
(3426, 'STD208', '2025-11-21', 'B008', 'Mubin Mujwar', 'Absent', 'Off', ''),
(3427, 'STD217', '2025-11-21', 'B008', 'Sudarshan    Patole', 'Present', 'Off', ''),
(3428, 'STD017', '2025-11-20', 'B008', 'Virendra Sharma', 'Present', 'Off', ''),
(3429, 'STD045', '2025-11-20', 'B008', 'Surajit Ghosh', 'Present', 'Off', ''),
(3430, 'STD046', '2025-11-20', 'B008', 'Anurag Shrivastav', 'Absent', 'Off', ''),
(3431, 'STD051', '2025-11-20', 'B008', 'Adil Khan', 'Present', 'Off', ''),
(3432, 'STD052', '2025-11-20', 'B008', 'Gunjan Tak', 'Present', 'Off', ''),
(3433, 'STD056', '2025-11-20', 'B008', 'Shaik abubakrsiddiq', 'Present', 'Off', ''),
(3434, 'STD057', '2025-11-20', 'B008', 'Lalit Dagur', 'Absent', 'Off', ''),
(3435, 'STD058', '2025-11-20', 'B008', 'Arambakam Nanda Kishore', 'Present', 'Off', ''),
(3436, 'STD059', '2025-11-20', 'B008', 'Sharon Joshi', 'Absent', 'Off', ''),
(3437, 'STD060', '2025-11-20', 'B008', 'Gitanshu -', 'Absent', 'Off', ''),
(3438, 'STD061', '2025-11-20', 'B008', 'Atharv Bhandari', 'Present', 'Off', ''),
(3439, 'STD062', '2025-11-20', 'B008', 'Vishal Ashokan', 'Absent', 'Off', ''),
(3440, 'STD063', '2025-11-20', 'B008', 'Deepak Jindal', 'Present', 'Off', ''),
(3441, 'STD086', '2025-11-20', 'B008', 'Mominul Hoque', 'Absent', 'Off', ''),
(3442, 'STD088', '2025-11-20', 'B008', 'Nishant Sharma', 'Present', 'Off', ''),
(3443, 'STD089', '2025-11-20', 'B008', 'Sanika More', 'Absent', 'Off', ''),
(3444, 'STD090', '2025-11-20', 'B008', 'Prince Kalal', 'Present', 'Off', ''),
(3445, 'STD091', '2025-11-20', 'B008', 'Venkanta Srilakshmi', 'Absent', 'Off', ''),
(3446, 'STD170', '2025-11-20', 'B008', 'Rudraksh Kedar', 'Absent', 'Off', ''),
(3447, 'STD185', '2025-11-20', 'B008', 'Nilesh Jain', 'Present', 'Off', ''),
(3448, 'STD208', '2025-11-20', 'B008', 'Mubin Mujwar', 'Absent', 'Off', ''),
(3449, 'STD217', '2025-11-20', 'B008', 'Sudarshan    Patole', 'Present', 'Off', ''),
(3450, 'STD037', '2025-11-21', 'B011', 'Harshul Dev Prajapati', 'Present', 'Off', ''),
(3451, 'STD094', '2025-11-21', 'B011', 'Vasu Vekariya', 'Absent', 'Off', ''),
(3452, 'STD095', '2025-11-21', 'B011', 'Bhavesh Kumar', 'Present', 'Off', ''),
(3453, 'STD097', '2025-11-21', 'B011', 'Prince Negi', 'Absent', 'Off', ''),
(3454, 'STD099', '2025-11-21', 'B011', 'Abdur Rahman', 'Present', 'Off', ''),
(3455, 'STD101', '2025-11-21', 'B011', 'Jaydeep Chavan', 'Present', 'Off', ''),
(3456, 'STD102', '2025-11-21', 'B011', 'Dhruv Agarwal', 'Absent', 'Off', ''),
(3457, 'STD103', '2025-11-21', 'B011', 'Abhay Pratap', 'Absent', 'Off', ''),
(3458, 'STD106', '2025-11-21', 'B011', 'Farzad Jakir Shaikh', 'Present', 'Off', ''),
(3459, 'STD107', '2025-11-21', 'B011', 'Palak Panwar', 'Absent', 'Off', ''),
(3460, 'STD108', '2025-11-21', 'B011', 'Ashish Chaudhary', 'Present', 'Off', ''),
(3461, 'STD109', '2025-11-21', 'B011', 'Drishti Pandey', 'Absent', 'Off', ''),
(3462, 'STD111', '2025-11-21', 'B011', 'Sahil Dilip Patrekar', 'Absent', 'Off', ''),
(3463, 'STD112', '2025-11-21', 'B011', 'Deepak Kumar', 'Present', 'Off', ''),
(3464, 'STD113', '2025-11-21', 'B011', 'Jayesh Wasnik', 'Present', 'Off', ''),
(3465, 'STD114', '2025-11-21', 'B011', 'Chandu -', 'Absent', 'Off', ''),
(3466, 'STD115', '2025-11-21', 'B011', 'Vikas Yadav', 'Present', 'Off', ''),
(3467, 'STD148', '2025-11-21', 'B011', 'Mithun Rathod', 'Absent', 'Off', ''),
(3468, 'STD037', '2025-11-20', 'B011', 'Harshul Dev Prajapati', 'Absent', 'Off', ''),
(3469, 'STD094', '2025-11-20', 'B011', 'Vasu Vekariya', 'Present', 'Off', ''),
(3470, 'STD095', '2025-11-20', 'B011', 'Bhavesh Kumar', 'Present', 'Off', ''),
(3471, 'STD097', '2025-11-20', 'B011', 'Prince Negi', 'Absent', 'Off', ''),
(3472, 'STD099', '2025-11-20', 'B011', 'Abdur Rahman', 'Absent', 'Off', ''),
(3473, 'STD101', '2025-11-20', 'B011', 'Jaydeep Chavan', 'Present', 'Off', ''),
(3474, 'STD102', '2025-11-20', 'B011', 'Dhruv Agarwal', 'Absent', 'Off', ''),
(3475, 'STD103', '2025-11-20', 'B011', 'Abhay Pratap', 'Present', 'Off', ''),
(3476, 'STD106', '2025-11-20', 'B011', 'Farzad Jakir Shaikh', 'Present', 'Off', ''),
(3477, 'STD107', '2025-11-20', 'B011', 'Palak Panwar', 'Absent', 'Off', ''),
(3478, 'STD108', '2025-11-20', 'B011', 'Ashish Chaudhary', 'Absent', 'Off', ''),
(3479, 'STD109', '2025-11-20', 'B011', 'Drishti Pandey', 'Absent', 'Off', ''),
(3480, 'STD111', '2025-11-20', 'B011', 'Sahil Dilip Patrekar', 'Present', 'Off', ''),
(3481, 'STD112', '2025-11-20', 'B011', 'Deepak Kumar', 'Present', 'Off', ''),
(3482, 'STD113', '2025-11-20', 'B011', 'Jayesh Wasnik', 'Present', 'Off', ''),
(3483, 'STD114', '2025-11-20', 'B011', 'Chandu -', 'Absent', 'Off', ''),
(3484, 'STD115', '2025-11-20', 'B011', 'Vikas Yadav', 'Absent', 'Off', ''),
(3485, 'STD148', '2025-11-20', 'B011', 'Mithun Rathod', 'Absent', 'Off', ''),
(3486, 'STD160', '2025-11-24', 'B002', 'Kuldeep Pal', 'Present', 'On', ''),
(3487, 'STD161', '2025-11-24', 'B002', 'Naman Verma', 'Present', 'On', ''),
(3488, 'STD162', '2025-11-24', 'B002', 'Riya Mathur', 'Present', 'On', ''),
(3489, 'STD163', '2025-11-24', 'B002', 'Bhawani Puri', 'Present', 'On', ''),
(3490, 'STD164', '2025-11-24', 'B002', 'Aditya Rawat', 'Present', 'On', ''),
(3491, 'STD165', '2025-11-24', 'B002', 'Suraj Pohanker', 'Present', 'Off', ''),
(3492, 'STD166', '2025-11-24', 'B002', 'Ayur Hasnda', 'Present', 'Off', ''),
(3493, 'STD167', '2025-11-24', 'B002', 'Abhishek Gupta', 'Present', 'Off', ''),
(3494, 'STD169', '2025-11-24', 'B002', 'Sabir Shaikh', 'Present', 'Off', ''),
(3495, 'STD171', '2025-11-24', 'B002', 'Sudarshan Devidas Patole', 'Present', 'Off', ''),
(3496, 'STD175', '2025-11-24', 'B016', 'Saiyed Mohammed Sahil', 'Absent', 'Off', NULL),
(3497, 'STD176', '2025-11-24', 'B018', 'Gulshan Kumar', 'Absent', 'Off', NULL),
(3498, 'STD178', '2025-11-24', 'B002', 'Chandan Raj', 'Absent', 'Off', NULL),
(3499, 'STD182', '2025-11-24', 'B002', 'Raghav Mishra', 'Absent', 'Off', NULL),
(3500, 'STD183', '2025-11-24', 'B002', 'Abhinav Mohan Navale', 'Absent', 'Off', NULL),
(3501, 'STD184', '2025-11-24', 'B002', 'Mohit Nakade', 'Absent', 'Off', NULL),
(3502, 'STD186', '2025-11-24', 'B002', 'Munesh Chahar', 'Absent', 'Off', NULL),
(3503, 'STD187', '2025-11-24', 'B002', 'Vaibhav Khare', 'Absent', 'Off', NULL),
(3504, 'STD190', '2025-11-24', 'B002', 'Deepu Meena', 'Absent', 'Off', NULL),
(3505, 'STD192', '2025-11-24', 'B016', 'Sahil -', 'Absent', 'Off', NULL),
(3506, 'STD193', '2025-11-24', 'B002', 'Ubaid Ur Rehman', 'Absent', 'Off', NULL),
(3507, 'STD194', '2025-11-24', 'B002', 'Piyush Kumar', 'Absent', 'Off', NULL),
(3508, 'STD017', '2025-11-24', 'B008', 'Virendra Sharma', 'Present', 'Off', ''),
(3509, 'STD045', '2025-11-24', 'B008', 'Surajit Ghosh', 'Present', 'Off', ''),
(3510, 'STD046', '2025-11-24', 'B008', 'Anurag Shrivastav', 'Present', 'Off', ''),
(3511, 'STD051', '2025-11-24', 'B008', 'Adil Khan', 'Present', 'Off', ''),
(3512, 'STD052', '2025-11-24', 'B008', 'Gunjan Tak', 'Present', 'Off', ''),
(3513, 'STD056', '2025-11-24', 'B008', 'Shaik abubakrsiddiq', 'Present', 'Off', ''),
(3514, 'STD057', '2025-11-24', 'B008', 'Lalit Dagur', 'Present', 'Off', ''),
(3515, 'STD058', '2025-11-24', 'B008', 'Arambakam Nanda Kishore', 'Present', 'Off', ''),
(3516, 'STD059', '2025-11-24', 'B008', 'Sharon Joshi', 'Present', 'Off', ''),
(3517, 'STD060', '2025-11-24', 'B008', 'Gitanshu -', 'Present', 'Off', ''),
(3518, 'STD061', '2025-11-24', 'B008', 'Atharv Bhandari', 'Present', 'Off', ''),
(3519, 'STD062', '2025-11-24', 'B008', 'Vishal Ashokan', 'Present', 'Off', ''),
(3520, 'STD063', '2025-11-24', 'B008', 'Deepak Jindal', 'Present', 'Off', ''),
(3521, 'STD086', '2025-11-24', 'B008', 'Mominul Hoque', 'Present', 'Off', ''),
(3522, 'STD088', '2025-11-24', 'B008', 'Nishant Sharma', 'Present', 'Off', ''),
(3523, 'STD089', '2025-11-24', 'B008', 'Sanika More', 'Present', 'Off', ''),
(3524, 'STD090', '2025-11-24', 'B008', 'Prince Kalal', 'Present', 'Off', ''),
(3525, 'STD091', '2025-11-24', 'B008', 'Venkanta Srilakshmi', 'Present', 'Off', ''),
(3526, 'STD170', '2025-11-24', 'B008', 'Rudraksh Kedar', 'Present', 'Off', ''),
(3527, 'STD185', '2025-11-24', 'B008', 'Nilesh Jain', 'Present', 'Off', '');
INSERT INTO `attendance` (`id`, `student_id`, `date`, `batch_id`, `student_name`, `status`, `camera_status`, `remarks`) VALUES
(3528, 'STD208', '2025-11-24', 'B008', 'Mubin Mujwar', 'Present', 'Off', ''),
(3529, 'STD217', '2025-11-24', 'B008', 'Sudarshan    Patole', 'Present', 'Off', ''),
(3530, 'STD050', '2025-11-24', 'B010', 'Amit Kumar', 'Absent', 'Off', ''),
(3531, 'STD116', '2025-11-24', 'B010', 'Anjali Saini', 'Present', 'Off', ''),
(3532, 'STD117', '2025-11-24', 'B010', 'Mohd junaid -', 'Absent', 'Off', ''),
(3533, 'STD118', '2025-11-24', 'B010', 'Bhagyesh -', 'Present', 'Off', ''),
(3534, 'STD120', '2025-11-24', 'B010', 'Gopal Singh', 'Present', 'Off', ''),
(3535, 'STD121', '2025-11-24', 'B010', 'Sunny Kumar', 'Present', 'Off', ''),
(3536, 'STD124', '2025-11-24', 'B010', 'Shubham Kumar', 'Absent', 'Off', ''),
(3537, 'STD125', '2025-11-24', 'B010', 'Aditya Sharma', 'Present', 'Off', ''),
(3538, 'STD214', '2025-11-24', 'B010', 'Yash Patel', 'Absent', 'Off', ''),
(3539, 'STD215', '2025-11-24', 'B010', 'Ravi -', 'Present', 'Off', ''),
(3540, 'STD216', '2025-11-24', 'B010', 'Bal Kishan  Vyas', 'Present', 'Off', ''),
(3541, 'STD019', '2025-11-25', 'B018', 'Bhavya Wade', 'Present', 'Off', ''),
(3542, 'STD020', '2025-11-25', 'B018', 'Kavya Wade', 'Present', 'Off', ''),
(3543, 'STD021', '2025-11-25', 'B018', 'Amar Singh', 'Present', 'Off', ''),
(3544, 'STD022', '2025-11-25', 'B018', 'Shardha Jadhav', 'Absent', 'Off', ''),
(3545, 'STD023', '2025-11-25', 'B018', 'Ananad Mishra', 'Present', 'Off', ''),
(3546, 'STD024', '2025-11-25', 'B018', 'Anshu Kushwaha', 'Absent', 'Off', ''),
(3547, 'STD025', '2025-11-25', 'B018', 'Chandan Kumar', 'Present', 'Off', ''),
(3548, 'STD026', '2025-11-25', 'B018', 'Melvin Babu', 'Present', 'Off', ''),
(3549, 'STD027', '2025-11-25', 'B018', 'Kanishk Bhardwaj', 'Absent', 'Off', ''),
(3550, 'STD029', '2025-11-25', 'B018', 'Harvinder Singh', 'Present', 'Off', ''),
(3551, 'STD030', '2025-11-25', 'B018', 'Abhishek Sah', 'Absent', 'Off', ''),
(3552, 'STD031', '2025-11-25', 'B018', 'Rahul Vinod Devkar', 'Absent', 'Off', ''),
(3553, 'STD033', '2025-11-25', 'B018', 'Aman Singh', 'Absent', 'Off', ''),
(3554, 'STD035', '2025-11-25', 'B018', 'Guru Prasad Yadav', 'Absent', 'Off', ''),
(3555, 'STD036', '2025-11-25', 'B018', 'Sawyam Dhar', 'Present', 'Off', ''),
(3556, 'STD038', '2025-11-25', 'B018', 'Ajay Kumar', 'Present', 'Off', ''),
(3557, 'STD040', '2025-11-25', 'B018', 'Rahul Lad', 'Absent', 'Off', ''),
(3558, 'STD041', '2025-11-25', 'B018', 'Takshil Patel', 'Present', 'Off', ''),
(3559, 'STD042', '2025-11-25', 'B018', 'Prem Tejash Patil', 'Present', 'Off', ''),
(3560, 'STD043', '2025-11-25', 'B018', 'Suraj Kumar', 'Absent', 'Off', ''),
(3561, 'STD044', '2025-11-25', 'B018', 'Aditya Pratap Singh', 'Absent', 'Off', ''),
(3562, 'STD037', '2025-11-24', 'B011', 'Harshul Dev Prajapati', 'Absent', 'Off', ''),
(3563, 'STD094', '2025-11-24', 'B011', 'Vasu Vekariya', 'Absent', 'Off', ''),
(3564, 'STD095', '2025-11-24', 'B011', 'Bhavesh Kumar', 'Absent', 'Off', ''),
(3565, 'STD097', '2025-11-24', 'B011', 'Prince Negi', 'Absent', 'Off', ''),
(3566, 'STD099', '2025-11-24', 'B011', 'Abdur Rahman', 'Absent', 'Off', ''),
(3567, 'STD101', '2025-11-24', 'B011', 'Jaydeep Chavan', 'Present', 'Off', ''),
(3568, 'STD102', '2025-11-24', 'B011', 'Dhruv Agarwal', 'Absent', 'Off', ''),
(3569, 'STD103', '2025-11-24', 'B011', 'Abhay Pratap', 'Absent', 'Off', ''),
(3570, 'STD106', '2025-11-24', 'B011', 'Farzad Jakir Shaikh', 'Absent', 'Off', ''),
(3571, 'STD107', '2025-11-24', 'B011', 'Palak Panwar', 'Absent', 'Off', ''),
(3572, 'STD108', '2025-11-24', 'B011', 'Ashish Chaudhary', 'Present', 'Off', ''),
(3573, 'STD109', '2025-11-24', 'B011', 'Drishti Pandey', 'Present', 'Off', ''),
(3574, 'STD111', '2025-11-24', 'B011', 'Sahil Dilip Patrekar', 'Absent', 'Off', ''),
(3575, 'STD112', '2025-11-24', 'B011', 'Deepak Kumar', 'Present', 'Off', ''),
(3576, 'STD113', '2025-11-24', 'B011', 'Jayesh Wasnik', 'Present', 'Off', ''),
(3577, 'STD114', '2025-11-24', 'B011', 'Chandu -', 'Absent', 'Off', ''),
(3578, 'STD115', '2025-11-24', 'B011', 'Vikas Yadav', 'Present', 'Off', ''),
(3579, 'STD148', '2025-11-24', 'B011', 'Mithun Rathod', 'Absent', 'Off', ''),
(3593, 'STD002', '2025-11-27', 'B001', 'Sawan Gupta', 'Absent', 'Off', ''),
(3594, 'STD003', '2025-11-27', 'B001', 'Bhavishya  Kalal', 'Present', 'On', ''),
(3596, 'STD005', '2025-11-27', 'B001', 'Gadde Bhanu Prasad', 'Present', 'On', ''),
(3597, 'STD007', '2025-11-27', 'B001', 'Umang  Pandya', 'Present', 'On', ''),
(3598, 'STD008', '2025-11-27', 'B001', 'Tejas Gupta', 'Present', 'On', ''),
(3599, 'STD012', '2025-11-27', 'B001', 'Aaditya  Sharma', 'Present', 'On', ''),
(3600, 'STD013', '2025-11-27', 'B001', 'Goutam Panwar', 'Present', 'On', ''),
(3601, 'STD014', '2025-11-27', 'B001', 'Somi Raj', 'Present', 'On', ''),
(3626, 'STD199', '2025-11-25', 'B014', 'Pradeep Sharma', 'Present', 'Off', ''),
(3627, 'STD200', '2025-11-25', 'B014', 'Shyam Sunder Jangid', 'Present', 'Off', ''),
(3628, 'STD202', '2025-11-25', 'B014', 'Om Shukla', 'Present', 'Off', ''),
(3629, 'STD203', '2025-11-25', 'B014', 'Nitin Bhabhor', 'Absent', 'Off', ''),
(3630, 'STD205', '2025-11-25', 'B014', 'Sudip Mundal', 'Absent', 'Off', ''),
(3631, 'STD209', '2025-11-25', 'B014', 'Priyanshu Sharma', 'Absent', 'Off', ''),
(3632, 'STD218', '2025-11-25', 'B014', 'Navneet  Singh', 'Present', 'Off', ''),
(3633, 'STD219', '2025-11-25', 'B014', 'Rameshwar  Patil', 'Absent', 'Off', ''),
(3634, 'STD220', '2025-11-25', 'B014', 'Aditya  Kumar', 'Present', 'Off', ''),
(3635, 'STD221', '2025-11-25', 'B014', 'Garvit  Mathur', 'Present', 'Off', ''),
(3636, 'STD199', '2025-11-26', 'B014', 'Pradeep Sharma', 'Present', 'Off', ''),
(3637, 'STD200', '2025-11-26', 'B014', 'Shyam Sunder Jangid', 'Present', 'Off', ''),
(3638, 'STD202', '2025-11-26', 'B014', 'Om Shukla', 'Present', 'Off', ''),
(3639, 'STD203', '2025-11-26', 'B014', 'Nitin Bhabhor', 'Present', 'Off', ''),
(3640, 'STD205', '2025-11-26', 'B014', 'Sudip Mundal', 'Present', 'Off', ''),
(3641, 'STD206', '2025-11-26', 'B014', 'Mohd  AijazuddinObaid', 'Present', 'Off', ''),
(3642, 'STD209', '2025-11-26', 'B014', 'Priyanshu Sharma', 'Absent', 'Off', ''),
(3643, 'STD210', '2025-11-26', 'B014', 'ABU TALAH M BAGWAN', 'Absent', 'Off', ''),
(3644, 'STD218', '2025-11-26', 'B014', 'Navneet  Singh', 'Present', 'Off', ''),
(3645, 'STD219', '2025-11-26', 'B014', 'Rameshwar  Patil', 'Absent', 'Off', ''),
(3646, 'STD220', '2025-11-26', 'B014', 'Aditya  Kumar', 'Present', 'Off', ''),
(3647, 'STD221', '2025-11-26', 'B014', 'Garvit  Mathur', 'Present', 'Off', ''),
(3648, 'STD017', '2025-11-27', 'B008', 'Virendra Sharma', 'Absent', 'Off', ''),
(3649, 'STD045', '2025-11-27', 'B008', 'Surajit Ghosh', 'Present', 'Off', ''),
(3650, 'STD046', '2025-11-27', 'B008', 'Anurag Shrivastav', 'Absent', 'Off', ''),
(3651, 'STD051', '2025-11-27', 'B008', 'Adil Khan', 'Absent', 'Off', 'mithun present '),
(3652, 'STD052', '2025-11-27', 'B008', 'Gunjan Tak', 'Present', 'Off', ''),
(3653, 'STD056', '2025-11-27', 'B008', 'Shaik abubakrsiddiq', 'Present', 'Off', ''),
(3654, 'STD057', '2025-11-27', 'B008', 'Lalit Dagur', 'Absent', 'Off', ''),
(3655, 'STD058', '2025-11-27', 'B008', 'Arambakam Nanda Kishore', 'Present', 'Off', ''),
(3656, 'STD059', '2025-11-27', 'B008', 'Sharon Joshi', 'Absent', 'Off', ''),
(3657, 'STD060', '2025-11-27', 'B008', 'Gitanshu -', 'Absent', 'Off', ''),
(3658, 'STD061', '2025-11-27', 'B008', 'Atharv Bhandari', 'Absent', 'Off', ''),
(3659, 'STD062', '2025-11-27', 'B008', 'Vishal Ashokan', 'Absent', 'Off', ''),
(3660, 'STD063', '2025-11-27', 'B008', 'Deepak Jindal', 'Present', 'Off', ''),
(3661, 'STD086', '2025-11-27', 'B008', 'Mominul Hoque', 'Absent', 'Off', ''),
(3662, 'STD088', '2025-11-27', 'B008', 'Nishant Sharma', 'Absent', 'Off', ''),
(3663, 'STD089', '2025-11-27', 'B008', 'Sanika More', 'Absent', 'Off', ''),
(3664, 'STD090', '2025-11-27', 'B008', 'Prince Kalal', 'Present', 'Off', ''),
(3665, 'STD091', '2025-11-27', 'B008', 'Venkanta Srilakshmi', 'Absent', 'Off', ''),
(3666, 'STD170', '2025-11-27', 'B008', 'Rudraksh Kedar', 'Absent', 'Off', ''),
(3667, 'STD185', '2025-11-27', 'B008', 'Nilesh Jain', 'Present', 'Off', ''),
(3668, 'STD208', '2025-11-27', 'B008', 'Mubin Mujwar', 'Absent', 'Off', ''),
(3669, 'STD217', '2025-11-27', 'B008', 'Sudarshan    Patole', 'Absent', 'Off', ''),
(3670, 'STD199', '2025-11-27', 'B014', 'Pradeep Sharma', 'Present', 'Off', ' '),
(3671, 'STD200', '2025-11-27', 'B014', 'Shyam Sunder Jangid', 'Present', 'Off', ''),
(3672, 'STD202', '2025-11-27', 'B014', 'Om Shukla', 'Present', 'Off', 'sandeep present'),
(3673, 'STD203', '2025-11-27', 'B014', 'Nitin Bhabhor', 'Absent', 'Off', ''),
(3674, 'STD205', '2025-11-27', 'B014', 'Sudip Mundal', 'Present', 'Off', ''),
(3675, 'STD206', '2025-11-27', 'B014', 'Mohd  AijazuddinObaid', 'Present', 'Off', ''),
(3676, 'STD209', '2025-11-27', 'B014', 'Priyanshu Sharma', 'Absent', 'Off', ''),
(3677, 'STD210', '2025-11-27', 'B014', 'ABU TALAH M BAGWAN', 'Absent', 'Off', ''),
(3678, 'STD218', '2025-11-27', 'B014', 'Navneet  Singh', 'Absent', 'Off', ''),
(3679, 'STD219', '2025-11-27', 'B014', 'Rameshwar  Patil', 'Present', 'Off', ''),
(3680, 'STD220', '2025-11-27', 'B014', 'Aditya  Kumar', 'Present', 'Off', ''),
(3681, 'STD221', '2025-11-27', 'B014', 'Garvit  Mathur', 'Present', 'Off', ''),
(3682, 'STD050', '2025-11-27', 'B010', 'Amit Kumar', 'Absent', 'Off', ''),
(3683, 'STD116', '2025-11-27', 'B010', 'Anjali Saini', 'Present', 'Off', ''),
(3684, 'STD117', '2025-11-27', 'B010', 'Mohd junaid -', 'Present', 'Off', ''),
(3685, 'STD118', '2025-11-27', 'B010', 'Bhagyesh -', 'Present', 'Off', ''),
(3686, 'STD120', '2025-11-27', 'B010', 'Gopal Singh', 'Present', 'Off', ''),
(3687, 'STD121', '2025-11-27', 'B010', 'Sunny Kumar', 'Present', 'Off', ''),
(3688, 'STD124', '2025-11-27', 'B010', 'Shubham Kumar', 'Absent', 'Off', ''),
(3689, 'STD125', '2025-11-27', 'B010', 'Aditya Sharma', 'Absent', 'Off', ''),
(3690, 'STD214', '2025-11-27', 'B010', 'Yash Patel', 'Absent', 'Off', ''),
(3691, 'STD215', '2025-11-27', 'B010', 'Ravi -', 'Present', 'Off', ''),
(3692, 'STD216', '2025-11-27', 'B010', 'Bal Kishan  Vyas', 'Absent', 'Off', NULL),
(3693, 'STD037', '2025-11-27', 'B011', 'Harshul Dev Prajapati', 'Present', 'Off', ''),
(3694, 'STD094', '2025-11-27', 'B011', 'Vasu Vekariya', 'Absent', 'Off', ''),
(3695, 'STD095', '2025-11-27', 'B011', 'Bhavesh Kumar', 'Present', 'Off', ''),
(3696, 'STD097', '2025-11-27', 'B011', 'Prince Negi', 'Absent', 'Off', 'health issyue'),
(3697, 'STD099', '2025-11-27', 'B011', 'Abdur Rahman', 'Absent', 'Off', ''),
(3698, 'STD101', '2025-11-27', 'B011', 'Jaydeep Chavan', 'Present', 'Off', ''),
(3699, 'STD102', '2025-11-27', 'B011', 'Dhruv Agarwal', 'Absent', 'Off', ''),
(3700, 'STD103', '2025-11-27', 'B011', 'Abhay Pratap', 'Absent', 'Off', ''),
(3701, 'STD106', '2025-11-27', 'B011', 'Farzad Jakir Shaikh', 'Absent', 'Off', ''),
(3702, 'STD107', '2025-11-27', 'B011', 'Palak Panwar', 'Present', 'Off', ''),
(3703, 'STD108', '2025-11-27', 'B011', 'Ashish Chaudhary', 'Present', 'Off', ''),
(3704, 'STD109', '2025-11-27', 'B011', 'Drishti Pandey', 'Present', 'Off', ''),
(3705, 'STD111', '2025-11-27', 'B011', 'Sahil Dilip Patrekar', 'Present', 'Off', ''),
(3706, 'STD112', '2025-11-27', 'B011', 'Deepak Kumar', 'Absent', 'Off', 'lalit present'),
(3707, 'STD113', '2025-11-27', 'B011', 'Jayesh Wasnik', 'Present', 'Off', ''),
(3708, 'STD114', '2025-11-27', 'B011', 'Chandu -', 'Absent', 'Off', 'sister\'s wedding '),
(3709, 'STD115', '2025-11-27', 'B011', 'Vikas Yadav', 'Present', 'Off', ''),
(3710, 'STD148', '2025-11-27', 'B011', 'Mithun Rathod', 'Absent', 'Off', 'in different batch '),
(3723, 'STD004', '2025-12-02', 'B028', 'Mohit Yadav', 'Present', 'On', ''),
(3724, 'STD009', '2025-12-02', 'B028', 'Himanshu Saini', 'Present', 'On', ''),
(3725, 'STD011', '2025-12-02', 'B028', 'Rohit Prajapati', 'Present', 'On', ''),
(3726, 'STD018', '2025-12-02', 'B028', 'Aditya Yadav', 'Present', 'On', ''),
(3727, 'STD098', '2025-12-02', 'B028', 'Shruti Jethlia', 'Present', 'On', ''),
(3728, 'STD104', '2025-12-02', 'B028', 'Rahul Sahu', 'Present', 'On', ''),
(3729, 'STD201', '2025-12-02', 'B028', 'Harsh  Raj', 'Present', 'On', ''),
(3730, 'STD212', '2025-12-02', 'B028', 'Shriram Harishchandra Darunte', 'Absent', 'Off', 'Going to home for exam & farming '),
(3731, 'STD228', '2025-12-02', 'B028', 'Sunil Choudhary', 'Present', 'On', ''),
(3732, 'STD229', '2025-12-02', 'B028', 'Rakesh Kumar', 'Absent', 'Off', 'No response'),
(3733, 'STD230', '2025-12-02', 'B028', 'Darshan Shidenur', 'Absent', 'Off', 'Due to Army Exams & other works On Leave'),
(3734, 'STD231', '2025-12-02', 'B028', 'Vinit Kumar', 'Present', 'On', ''),
(3735, 'STD232', '2025-12-02', 'B028', 'Mohit Kumawat', 'Absent', 'Off', 'Exam'),
(3736, 'STD233', '2025-12-02', 'B028', 'Mahesh Kumawat', 'Absent', 'Off', 'Exam'),
(3737, 'STD234', '2025-12-02', 'B028', 'Keval Fatkure', 'Present', 'On', ''),
(3738, 'STD235', '2025-12-02', 'B028', 'Krishankant Suman', 'Present', 'On', ''),
(3739, 'STD004', '2025-12-03', 'B028', 'Mohit Yadav', 'Present', 'On', ''),
(3740, 'STD009', '2025-12-03', 'B028', 'Himanshu Saini', 'Present', 'On', ''),
(3741, 'STD011', '2025-12-03', 'B028', 'Rohit Prajapati', 'Present', 'On', ''),
(3742, 'STD018', '2025-12-03', 'B028', 'Aditya Yadav', 'Present', 'On', ''),
(3743, 'STD098', '2025-12-03', 'B028', 'Shruti Jethlia', 'Present', 'On', ''),
(3744, 'STD104', '2025-12-03', 'B028', 'Rahul Sahu', 'Present', 'On', ''),
(3745, 'STD201', '2025-12-03', 'B028', 'Harsh  Raj', 'Present', 'On', ''),
(3746, 'STD212', '2025-12-03', 'B028', 'Shriram Harishchandra Darunte', 'Absent', 'Off', ''),
(3747, 'STD228', '2025-12-03', 'B028', 'Sunil Choudhary', 'Present', 'On', ''),
(3748, 'STD229', '2025-12-03', 'B028', 'Rakesh Kumar', 'Absent', 'Off', ''),
(3749, 'STD230', '2025-12-03', 'B028', 'Darshan Shidenur', 'Absent', 'Off', ''),
(3750, 'STD231', '2025-12-03', 'B028', 'Vinit Kumar', 'Present', 'On', ''),
(3751, 'STD232', '2025-12-03', 'B028', 'Mohit Kumawat', 'Absent', 'Off', ''),
(3752, 'STD233', '2025-12-03', 'B028', 'Mahesh Kumawat', 'Absent', 'Off', ''),
(3753, 'STD234', '2025-12-03', 'B028', 'Keval Fatkure', 'Present', 'On', ''),
(3754, 'STD235', '2025-12-03', 'B028', 'Krishankant Suman', 'Present', 'On', ''),
(3755, 'STD004', '2025-12-04', 'B028', 'Mohit Yadav', 'Present', 'On', ''),
(3756, 'STD009', '2025-12-04', 'B028', 'Himanshu Saini', 'Present', 'On', ''),
(3757, 'STD011', '2025-12-04', 'B028', 'Rohit Prajapati', 'Present', 'On', ''),
(3758, 'STD018', '2025-12-04', 'B028', 'Aditya Yadav', 'Present', 'On', ''),
(3759, 'STD098', '2025-12-04', 'B028', 'Shruti Jethlia', 'Present', 'On', ''),
(3760, 'STD104', '2025-12-04', 'B028', 'Rahul Sahu', 'Present', 'On', ''),
(3761, 'STD201', '2025-12-04', 'B028', 'Harsh  Raj', 'Present', 'On', ''),
(3762, 'STD212', '2025-12-04', 'B028', 'Shriram Harishchandra Darunte', 'Absent', 'Off', ''),
(3763, 'STD228', '2025-12-04', 'B028', 'Sunil Choudhary', 'Present', 'On', ''),
(3764, 'STD229', '2025-12-04', 'B028', 'Rakesh Kumar', 'Absent', 'Off', ''),
(3765, 'STD230', '2025-12-04', 'B028', 'Darshan Shidenur', 'Absent', 'Off', ''),
(3766, 'STD231', '2025-12-04', 'B028', 'Vinit Kumar', 'Present', 'On', ''),
(3767, 'STD232', '2025-12-04', 'B028', 'Mohit Kumawat', 'Present', 'On', ''),
(3768, 'STD233', '2025-12-04', 'B028', 'Mahesh Kumawat', 'Present', 'On', ''),
(3769, 'STD234', '2025-12-04', 'B028', 'Keval Fatkure', 'Present', 'On', ''),
(3770, 'STD235', '2025-12-04', 'B028', 'Krishankant Suman', 'Present', 'On', ''),
(3771, 'STD004', '2025-12-05', 'B028', 'Mohit Yadav', 'Present', 'On', ''),
(3772, 'STD009', '2025-12-05', 'B028', 'Himanshu Saini', 'Present', 'On', ''),
(3773, 'STD011', '2025-12-05', 'B028', 'Rohit Prajapati', 'Present', 'On', ''),
(3774, 'STD018', '2025-12-05', 'B028', 'Aditya Yadav', 'Absent', 'Off', ''),
(3775, 'STD098', '2025-12-05', 'B028', 'Shruti Jethlia', 'Present', 'On', ''),
(3776, 'STD104', '2025-12-05', 'B028', 'Rahul Sahu', 'Present', 'On', ''),
(3777, 'STD201', '2025-12-05', 'B028', 'Harsh  Raj', 'Present', 'On', ''),
(3778, 'STD212', '2025-12-05', 'B028', 'Shriram Harishchandra Darunte', 'Absent', 'Off', ''),
(3779, 'STD228', '2025-12-05', 'B028', 'Sunil Choudhary', 'Present', 'On', ''),
(3780, 'STD229', '2025-12-05', 'B028', 'Rakesh Kumar', 'Absent', 'Off', ''),
(3781, 'STD230', '2025-12-05', 'B028', 'Darshan Shidenur', 'Absent', 'Off', ''),
(3782, 'STD231', '2025-12-05', 'B028', 'Vinit Kumar', 'Present', 'On', ''),
(3783, 'STD232', '2025-12-05', 'B028', 'Mohit Kumawat', 'Present', 'On', ''),
(3784, 'STD233', '2025-12-05', 'B028', 'Mahesh Kumawat', 'Present', 'On', ''),
(3785, 'STD234', '2025-12-05', 'B028', 'Keval Fatkure', 'Present', 'On', ''),
(3786, 'STD235', '2025-12-05', 'B028', 'Krishankant Suman', 'Present', 'On', ''),
(3787, 'STD019', '2025-12-04', 'B018', 'Bhavya Wade', 'Present', 'Off', ''),
(3788, 'STD020', '2025-12-04', 'B018', 'Kavya Wade', 'Present', 'Off', ''),
(3789, 'STD021', '2025-12-04', 'B018', 'Amar Singh', 'Present', 'Off', ''),
(3790, 'STD022', '2025-12-04', 'B018', 'Shardha Jadhav', 'Present', 'Off', ''),
(3791, 'STD023', '2025-12-04', 'B018', 'Ananad Mishra', 'Absent', 'Off', ''),
(3792, 'STD024', '2025-12-04', 'B018', 'Anshu Kushwaha', 'Absent', 'Off', ''),
(3793, 'STD025', '2025-12-04', 'B018', 'Chandan Kumar', 'Present', 'Off', ''),
(3794, 'STD026', '2025-12-04', 'B018', 'Melvin Babu', 'Present', 'Off', ''),
(3795, 'STD027', '2025-12-04', 'B018', 'Kanishk Bhardwaj', 'Absent', 'Off', ''),
(3796, 'STD028', '2025-12-04', 'B018', 'Sidharth Bhanot', 'Absent', 'Off', ''),
(3797, 'STD029', '2025-12-04', 'B018', 'Harvinder Singh', 'Absent', 'Off', ''),
(3798, 'STD030', '2025-12-04', 'B018', 'Abhishek Sah', 'Present', 'Off', ''),
(3799, 'STD031', '2025-12-04', 'B018', 'Rahul Vinod Devkar', 'Present', 'Off', ''),
(3800, 'STD032', '2025-12-04', 'B018', 'Vishal Kumar', 'Absent', 'Off', ''),
(3801, 'STD033', '2025-12-04', 'B018', 'Aman Singh', 'Absent', 'Off', ''),
(3802, 'STD034', '2025-12-04', 'B018', 'Sangam Kumar Patel', 'Absent', 'Off', ''),
(3803, 'STD035', '2025-12-04', 'B018', 'Guru Prasad Yadav', 'Present', 'Off', ''),
(3804, 'STD036', '2025-12-04', 'B018', 'Sawyam Dhar', 'Absent', 'Off', ''),
(3805, 'STD038', '2025-12-04', 'B018', 'Ajay Kumar', 'Present', 'Off', ''),
(3806, 'STD039', '2025-12-04', 'B018', 'Parth Miruiya', 'Absent', 'Off', ''),
(3807, 'STD040', '2025-12-04', 'B018', 'Rahul Lad', 'Absent', 'Off', ''),
(3808, 'STD041', '2025-12-04', 'B018', 'Takshil Patel', 'Present', 'Off', ''),
(3809, 'STD042', '2025-12-04', 'B018', 'Prem Tejash Patil', 'Absent', 'Off', ''),
(3810, 'STD043', '2025-12-04', 'B018', 'Suraj Kumar', 'Present', 'Off', ''),
(3811, 'STD044', '2025-12-04', 'B018', 'Aditya Pratap Singh', 'Present', 'Off', ''),
(3812, 'STD224', '2025-12-04', 'B018', 'Subrat  Sahoo', 'Present', 'Off', ''),
(3813, 'STD225', '2025-12-04', 'B018', 'Subrat  Sahoo', 'Present', 'Off', ''),
(3814, 'STD226', '2025-12-04', 'B018', 'Ankit  Mogha ', 'Absent', 'Off', ''),
(3815, 'STD227', '2025-12-04', 'B018', 'Lakshay  Singh Shekawat', 'Absent', 'Off', ''),
(3866, 'STD009', '2025-11-04', 'B028', 'Himanshu Saini', 'Present', 'On', ''),
(3867, 'STD011', '2025-11-04', 'B028', 'Rohit Prajapati', 'Present', 'On', ''),
(3868, 'STD098', '2025-11-04', 'B028', 'Shruti Jethlia', 'Present', 'On', ''),
(3869, 'STD104', '2025-11-04', 'B028', 'Rahul Sahu', 'Present', 'On', ''),
(3870, 'STD201', '2025-11-04', 'B028', 'Harsh  Raj', 'Present', 'On', ''),
(3871, 'STD212', '2025-11-04', 'B028', 'Shriram Harishchandra Darunte', 'Present', 'On', ''),
(3872, 'STD228', '2025-11-04', 'B028', 'Sunil Choudhary', 'Present', 'On', ''),
(3873, 'STD229', '2025-11-04', 'B028', 'Rakesh Kumar', 'Absent', 'Off', ''),
(3874, 'STD230', '2025-11-04', 'B028', 'Darshan Shidenur', 'Present', 'On', ''),
(3875, 'STD231', '2025-11-04', 'B028', 'Vinit Kumar', 'Present', 'On', ''),
(3876, 'STD232', '2025-11-04', 'B028', 'Mohit Kumawat', 'Present', 'On', ''),
(3877, 'STD233', '2025-11-04', 'B028', 'Mahesh Kumawat', 'Absent', 'Off', ''),
(3878, 'STD009', '2025-11-05', 'B028', 'Himanshu Saini', 'Absent', 'Off', ''),
(3879, 'STD011', '2025-11-05', 'B028', 'Rohit Prajapati', 'Absent', 'Off', ''),
(3880, 'STD098', '2025-11-05', 'B028', 'Shruti Jethlia', 'Present', 'On', ''),
(3881, 'STD104', '2025-11-05', 'B028', 'Rahul Sahu', 'Present', 'On', ''),
(3882, 'STD201', '2025-11-05', 'B028', 'Harsh  Raj', 'Absent', 'Off', ''),
(3883, 'STD212', '2025-11-05', 'B028', 'Shriram Harishchandra Darunte', 'Present', 'On', ''),
(3884, 'STD228', '2025-11-05', 'B028', 'Sunil Choudhary', 'Present', 'On', ''),
(3885, 'STD229', '2025-11-05', 'B028', 'Rakesh Kumar', 'Absent', 'Off', ''),
(3886, 'STD230', '2025-11-05', 'B028', 'Darshan Shidenur', 'Present', 'On', ''),
(3887, 'STD231', '2025-11-05', 'B028', 'Vinit Kumar', 'Present', 'On', ''),
(3888, 'STD232', '2025-11-05', 'B028', 'Mohit Kumawat', 'Present', 'On', ''),
(3889, 'STD233', '2025-11-05', 'B028', 'Mahesh Kumawat', 'Absent', 'Off', ''),
(3890, 'STD009', '2025-11-06', 'B028', 'Himanshu Saini', 'Present', 'On', ''),
(3891, 'STD011', '2025-11-06', 'B028', 'Rohit Prajapati', 'Absent', 'Off', ''),
(3892, 'STD098', '2025-11-06', 'B028', 'Shruti Jethlia', 'Present', 'On', ''),
(3893, 'STD104', '2025-11-06', 'B028', 'Rahul Sahu', 'Present', 'On', ''),
(3894, 'STD201', '2025-11-06', 'B028', 'Harsh  Raj', 'Present', 'On', ''),
(3895, 'STD212', '2025-11-06', 'B028', 'Shriram Harishchandra Darunte', 'Present', 'On', ''),
(3896, 'STD228', '2025-11-06', 'B028', 'Sunil Choudhary', 'Present', 'On', ''),
(3897, 'STD229', '2025-11-06', 'B028', 'Rakesh Kumar', 'Absent', 'Off', ''),
(3898, 'STD230', '2025-11-06', 'B028', 'Darshan Shidenur', 'Present', 'On', ''),
(3899, 'STD231', '2025-11-06', 'B028', 'Vinit Kumar', 'Present', 'On', ''),
(3900, 'STD232', '2025-11-06', 'B028', 'Mohit Kumawat', 'Present', 'On', ''),
(3901, 'STD233', '2025-11-06', 'B028', 'Mahesh Kumawat', 'Absent', 'Off', ''),
(3902, 'STD009', '2025-11-08', 'B028', 'Himanshu Saini', 'Present', 'On', ''),
(3903, 'STD011', '2025-11-08', 'B028', 'Rohit Prajapati', 'Present', 'On', ''),
(3904, 'STD098', '2025-11-08', 'B028', 'Shruti Jethlia', 'Present', 'On', ''),
(3905, 'STD104', '2025-11-08', 'B028', 'Rahul Sahu', 'Present', 'On', ''),
(3906, 'STD201', '2025-11-08', 'B028', 'Harsh  Raj', 'Present', 'On', ''),
(3907, 'STD212', '2025-11-08', 'B028', 'Shriram Harishchandra Darunte', 'Present', 'On', ''),
(3908, 'STD228', '2025-11-08', 'B028', 'Sunil Choudhary', 'Present', 'On', ''),
(3909, 'STD229', '2025-11-08', 'B028', 'Rakesh Kumar', 'Absent', 'Off', ''),
(3910, 'STD230', '2025-11-08', 'B028', 'Darshan Shidenur', 'Present', 'On', ''),
(3911, 'STD231', '2025-11-08', 'B028', 'Vinit Kumar', 'Present', 'On', ''),
(3912, 'STD232', '2025-11-08', 'B028', 'Mohit Kumawat', 'Present', 'On', ''),
(3913, 'STD233', '2025-11-08', 'B028', 'Mahesh Kumawat', 'Present', 'On', ''),
(3926, 'STD009', '2025-11-10', 'B028', 'Himanshu Saini', 'Present', 'On', ''),
(3927, 'STD011', '2025-11-10', 'B028', 'Rohit Prajapati', 'Absent', 'Off', ''),
(3928, 'STD098', '2025-11-10', 'B028', 'Shruti Jethlia', 'Present', 'On', ''),
(3929, 'STD104', '2025-11-10', 'B028', 'Rahul Sahu', 'Present', 'On', ''),
(3930, 'STD201', '2025-11-10', 'B028', 'Harsh  Raj', 'Absent', 'Off', ''),
(3931, 'STD212', '2025-11-10', 'B028', 'Shriram Harishchandra Darunte', 'Present', 'On', ''),
(3932, 'STD228', '2025-11-10', 'B028', 'Sunil Choudhary', 'Present', 'On', ''),
(3933, 'STD229', '2025-11-10', 'B028', 'Rakesh Kumar', 'Absent', 'Off', ''),
(3934, 'STD230', '2025-11-10', 'B028', 'Darshan Shidenur', 'Present', 'On', ''),
(3935, 'STD231', '2025-11-10', 'B028', 'Vinit Kumar', 'Present', 'On', ''),
(3936, 'STD232', '2025-11-10', 'B028', 'Mohit Kumawat', 'Absent', 'Off', ''),
(3937, 'STD233', '2025-11-10', 'B028', 'Mahesh Kumawat', 'Present', 'On', ''),
(3938, 'STD009', '2025-11-12', 'B028', 'Himanshu Saini', 'Present', 'On', ''),
(3939, 'STD011', '2025-11-12', 'B028', 'Rohit Prajapati', 'Present', 'On', ''),
(3940, 'STD018', '2025-11-12', 'B028', 'Aditya Yadav', 'Present', 'On', ''),
(3941, 'STD098', '2025-11-12', 'B028', 'Shruti Jethlia', 'Present', 'On', ''),
(3942, 'STD104', '2025-11-12', 'B028', 'Rahul Sahu', 'Present', 'On', ''),
(3943, 'STD201', '2025-11-12', 'B028', 'Harsh  Raj', 'Present', 'On', ''),
(3944, 'STD212', '2025-11-12', 'B028', 'Shriram Harishchandra Darunte', 'Absent', 'Off', ''),
(3945, 'STD228', '2025-11-12', 'B028', 'Sunil Choudhary', 'Present', 'On', ''),
(3946, 'STD229', '2025-11-12', 'B028', 'Rakesh Kumar', 'Present', 'On', ''),
(3947, 'STD230', '2025-11-12', 'B028', 'Darshan Shidenur', 'Absent', 'Off', ''),
(3948, 'STD231', '2025-11-12', 'B028', 'Vinit Kumar', 'Present', 'On', ''),
(3949, 'STD232', '2025-11-12', 'B028', 'Mohit Kumawat', 'Absent', 'Off', ''),
(3950, 'STD233', '2025-11-12', 'B028', 'Mahesh Kumawat', 'Absent', 'Off', ''),
(3951, 'STD009', '2025-11-13', 'B028', 'Himanshu Saini', 'Present', 'On', ''),
(3952, 'STD011', '2025-11-13', 'B028', 'Rohit Prajapati', 'Present', 'On', ''),
(3953, 'STD018', '2025-11-13', 'B028', 'Aditya Yadav', 'Present', 'On', ''),
(3954, 'STD098', '2025-11-13', 'B028', 'Shruti Jethlia', 'Present', 'On', ''),
(3955, 'STD104', '2025-11-13', 'B028', 'Rahul Sahu', 'Present', 'On', ''),
(3956, 'STD201', '2025-11-13', 'B028', 'Harsh  Raj', 'Present', 'On', ''),
(3957, 'STD212', '2025-11-13', 'B028', 'Shriram Harishchandra Darunte', 'Absent', 'Off', ''),
(3958, 'STD228', '2025-11-13', 'B028', 'Sunil Choudhary', 'Present', 'On', ''),
(3959, 'STD229', '2025-11-13', 'B028', 'Rakesh Kumar', 'Absent', 'Off', ''),
(3960, 'STD230', '2025-11-13', 'B028', 'Darshan Shidenur', 'Absent', 'Off', ''),
(3961, 'STD231', '2025-11-13', 'B028', 'Vinit Kumar', 'Present', 'On', ''),
(3962, 'STD009', '2025-11-14', 'B028', 'Himanshu Saini', 'Present', 'On', ''),
(3963, 'STD011', '2025-11-14', 'B028', 'Rohit Prajapati', 'Present', 'On', ''),
(3964, 'STD018', '2025-11-14', 'B028', 'Aditya Yadav', 'Present', 'On', ''),
(3965, 'STD098', '2025-11-14', 'B028', 'Shruti Jethlia', 'Present', 'On', ''),
(3966, 'STD104', '2025-11-14', 'B028', 'Rahul Sahu', 'Present', 'On', ''),
(3967, 'STD201', '2025-11-14', 'B028', 'Harsh  Raj', 'Present', 'On', ''),
(3968, 'STD212', '2025-11-14', 'B028', 'Shriram Harishchandra Darunte', 'Absent', 'Off', ''),
(3969, 'STD228', '2025-11-14', 'B028', 'Sunil Choudhary', 'Present', 'On', ''),
(3970, 'STD229', '2025-11-14', 'B028', 'Rakesh Kumar', 'Present', 'On', ''),
(3971, 'STD230', '2025-11-14', 'B028', 'Darshan Shidenur', 'Absent', 'Off', ''),
(3972, 'STD231', '2025-11-14', 'B028', 'Vinit Kumar', 'Present', 'On', ''),
(3973, 'STD009', '2025-11-15', 'B028', 'Himanshu Saini', 'Absent', 'Off', ''),
(3974, 'STD011', '2025-11-15', 'B028', 'Rohit Prajapati', 'Absent', 'Off', ''),
(3975, 'STD018', '2025-11-15', 'B028', 'Aditya Yadav', 'Present', 'Off', ''),
(3976, 'STD098', '2025-11-15', 'B028', 'Shruti Jethlia', 'Present', 'Off', ''),
(3977, 'STD104', '2025-11-15', 'B028', 'Rahul Sahu', 'Present', 'Off', ''),
(3978, 'STD201', '2025-11-15', 'B028', 'Harsh  Raj', 'Present', 'Off', ''),
(3979, 'STD212', '2025-11-15', 'B028', 'Shriram Harishchandra Darunte', 'Absent', 'Off', ''),
(3980, 'STD228', '2025-11-15', 'B028', 'Sunil Choudhary', 'Present', 'Off', ''),
(3981, 'STD229', '2025-11-15', 'B028', 'Rakesh Kumar', 'Absent', 'Off', ''),
(3982, 'STD230', '2025-11-15', 'B028', 'Darshan Shidenur', 'Absent', 'Off', ''),
(3983, 'STD231', '2025-11-15', 'B028', 'Vinit Kumar', 'Present', 'Off', ''),
(3984, 'STD009', '2025-11-17', 'B028', 'Himanshu Saini', 'Present', 'On', ''),
(3985, 'STD011', '2025-11-17', 'B028', 'Rohit Prajapati', 'Present', 'On', ''),
(3986, 'STD018', '2025-11-17', 'B028', 'Aditya Yadav', 'Present', 'On', ''),
(3987, 'STD098', '2025-11-17', 'B028', 'Shruti Jethlia', 'Present', 'On', ''),
(3988, 'STD104', '2025-11-17', 'B028', 'Rahul Sahu', 'Present', 'On', ''),
(3989, 'STD201', '2025-11-17', 'B028', 'Harsh  Raj', 'Present', 'On', ''),
(3990, 'STD212', '2025-11-17', 'B028', 'Shriram Harishchandra Darunte', 'Absent', 'Off', ''),
(3991, 'STD228', '2025-11-17', 'B028', 'Sunil Choudhary', 'Present', 'On', ''),
(3992, 'STD229', '2025-11-17', 'B028', 'Rakesh Kumar', 'Absent', 'Off', ''),
(3993, 'STD230', '2025-11-17', 'B028', 'Darshan Shidenur', 'Absent', 'Off', ''),
(3994, 'STD231', '2025-11-17', 'B028', 'Vinit Kumar', 'Present', 'On', ''),
(3995, 'STD009', '2025-11-18', 'B028', 'Himanshu Saini', 'Present', 'On', ''),
(3996, 'STD011', '2025-11-18', 'B028', 'Rohit Prajapati', 'Present', 'On', ''),
(3997, 'STD018', '2025-11-18', 'B028', 'Aditya Yadav', 'Present', 'On', ''),
(3998, 'STD098', '2025-11-18', 'B028', 'Shruti Jethlia', 'Present', 'On', ''),
(3999, 'STD104', '2025-11-18', 'B028', 'Rahul Sahu', 'Present', 'On', ''),
(4000, 'STD201', '2025-11-18', 'B028', 'Harsh  Raj', 'Present', 'On', ''),
(4001, 'STD212', '2025-11-18', 'B028', 'Shriram Harishchandra Darunte', 'Absent', 'Off', ''),
(4002, 'STD228', '2025-11-18', 'B028', 'Sunil Choudhary', 'Present', 'On', ''),
(4003, 'STD229', '2025-11-18', 'B028', 'Rakesh Kumar', 'Present', 'On', ''),
(4004, 'STD230', '2025-11-18', 'B028', 'Darshan Shidenur', 'Absent', 'Off', ''),
(4005, 'STD231', '2025-11-18', 'B028', 'Vinit Kumar', 'Present', 'On', ''),
(4006, 'STD009', '2025-11-19', 'B028', 'Himanshu Saini', 'Present', 'On', ''),
(4007, 'STD011', '2025-11-19', 'B028', 'Rohit Prajapati', 'Present', 'On', ''),
(4008, 'STD018', '2025-11-19', 'B028', 'Aditya Yadav', 'Present', 'On', ''),
(4009, 'STD098', '2025-11-19', 'B028', 'Shruti Jethlia', 'Present', 'On', ''),
(4010, 'STD104', '2025-11-19', 'B028', 'Rahul Sahu', 'Present', 'On', ''),
(4011, 'STD201', '2025-11-19', 'B028', 'Harsh  Raj', 'Present', 'On', ''),
(4012, 'STD212', '2025-11-19', 'B028', 'Shriram Harishchandra Darunte', 'Absent', 'Off', ''),
(4013, 'STD228', '2025-11-19', 'B028', 'Sunil Choudhary', 'Present', 'On', ''),
(4014, 'STD229', '2025-11-19', 'B028', 'Rakesh Kumar', 'Present', 'On', ''),
(4015, 'STD230', '2025-11-19', 'B028', 'Darshan Shidenur', 'Absent', 'Off', ''),
(4016, 'STD231', '2025-11-19', 'B028', 'Vinit Kumar', 'Present', 'On', ''),
(4017, 'STD009', '2025-11-21', 'B028', 'Himanshu Saini', 'Present', 'On', ''),
(4018, 'STD011', '2025-11-21', 'B028', 'Rohit Prajapati', 'Present', 'On', ''),
(4019, 'STD018', '2025-11-21', 'B028', 'Aditya Yadav', 'Absent', 'Off', ''),
(4020, 'STD098', '2025-11-21', 'B028', 'Shruti Jethlia', 'Present', 'On', ''),
(4021, 'STD104', '2025-11-21', 'B028', 'Rahul Sahu', 'Present', 'On', ''),
(4022, 'STD201', '2025-11-21', 'B028', 'Harsh  Raj', 'Present', 'On', ''),
(4023, 'STD212', '2025-11-21', 'B028', 'Shriram Harishchandra Darunte', 'Absent', 'Off', ''),
(4024, 'STD228', '2025-11-21', 'B028', 'Sunil Choudhary', 'Present', 'On', ''),
(4025, 'STD229', '2025-11-21', 'B028', 'Rakesh Kumar', 'Absent', 'Off', ''),
(4026, 'STD230', '2025-11-21', 'B028', 'Darshan Shidenur', 'Absent', 'Off', ''),
(4027, 'STD231', '2025-11-21', 'B028', 'Vinit Kumar', 'Present', 'On', ''),
(4028, 'STD004', '2025-11-22', 'B028', 'Mohit Yadav', 'Present', 'On', ''),
(4029, 'STD009', '2025-11-22', 'B028', 'Himanshu Saini', 'Present', 'On', ''),
(4030, 'STD011', '2025-11-22', 'B028', 'Rohit Prajapati', 'Present', 'On', ''),
(4031, 'STD018', '2025-11-22', 'B028', 'Aditya Yadav', 'Absent', 'Off', ''),
(4032, 'STD098', '2025-11-22', 'B028', 'Shruti Jethlia', 'Present', 'On', ''),
(4033, 'STD104', '2025-11-22', 'B028', 'Rahul Sahu', 'Present', 'On', ''),
(4034, 'STD201', '2025-11-22', 'B028', 'Harsh  Raj', 'Present', 'On', ''),
(4035, 'STD212', '2025-11-22', 'B028', 'Shriram Harishchandra Darunte', 'Absent', 'Off', ''),
(4036, 'STD228', '2025-11-22', 'B028', 'Sunil Choudhary', 'Present', 'On', ''),
(4037, 'STD229', '2025-11-22', 'B028', 'Rakesh Kumar', 'Absent', 'Off', ''),
(4038, 'STD230', '2025-11-22', 'B028', 'Darshan Shidenur', 'Absent', 'Off', ''),
(4039, 'STD231', '2025-11-22', 'B028', 'Vinit Kumar', 'Present', 'On', ''),
(4040, 'STD004', '2025-11-24', 'B028', 'Mohit Yadav', 'Present', 'On', ''),
(4041, 'STD009', '2025-11-24', 'B028', 'Himanshu Saini', 'Present', 'On', ''),
(4042, 'STD011', '2025-11-24', 'B028', 'Rohit Prajapati', 'Present', 'On', ''),
(4043, 'STD018', '2025-11-24', 'B028', 'Aditya Yadav', 'Absent', 'Off', ''),
(4044, 'STD098', '2025-11-24', 'B028', 'Shruti Jethlia', 'Present', 'On', ''),
(4045, 'STD104', '2025-11-24', 'B028', 'Rahul Sahu', 'Present', 'On', ''),
(4046, 'STD201', '2025-11-24', 'B028', 'Harsh  Raj', 'Present', 'On', ''),
(4047, 'STD212', '2025-11-24', 'B028', 'Shriram Harishchandra Darunte', 'Absent', 'Off', ''),
(4048, 'STD228', '2025-11-24', 'B028', 'Sunil Choudhary', 'Present', 'On', ''),
(4049, 'STD229', '2025-11-24', 'B028', 'Rakesh Kumar', 'Absent', 'Off', ''),
(4050, 'STD230', '2025-11-24', 'B028', 'Darshan Shidenur', 'Absent', 'Off', ''),
(4051, 'STD231', '2025-11-24', 'B028', 'Vinit Kumar', 'Present', 'On', ''),
(4052, 'STD004', '2025-11-25', 'B028', 'Mohit Yadav', 'Present', 'On', ''),
(4053, 'STD009', '2025-11-25', 'B028', 'Himanshu Saini', 'Absent', 'Off', ''),
(4054, 'STD011', '2025-11-25', 'B028', 'Rohit Prajapati', 'Present', 'On', ''),
(4055, 'STD018', '2025-11-25', 'B028', 'Aditya Yadav', 'Absent', 'Off', ''),
(4056, 'STD098', '2025-11-25', 'B028', 'Shruti Jethlia', 'Present', 'On', ''),
(4057, 'STD104', '2025-11-25', 'B028', 'Rahul Sahu', 'Present', 'On', ''),
(4058, 'STD201', '2025-11-25', 'B028', 'Harsh  Raj', 'Present', 'On', ''),
(4059, 'STD212', '2025-11-25', 'B028', 'Shriram Harishchandra Darunte', 'Absent', 'Off', ''),
(4060, 'STD228', '2025-11-25', 'B028', 'Sunil Choudhary', 'Present', 'On', ''),
(4061, 'STD229', '2025-11-25', 'B028', 'Rakesh Kumar', 'Absent', 'Off', ''),
(4062, 'STD230', '2025-11-25', 'B028', 'Darshan Shidenur', 'Absent', 'Off', ''),
(4063, 'STD231', '2025-11-25', 'B028', 'Vinit Kumar', 'Present', 'On', ''),
(4064, 'STD232', '2025-11-25', 'B028', 'Mohit Kumawat', 'Present', 'On', ''),
(4065, 'STD233', '2025-11-25', 'B028', 'Mahesh Kumawat', 'Present', 'On', ''),
(4066, 'STD004', '2025-11-26', 'B028', 'Mohit Yadav', 'Present', 'On', ''),
(4067, 'STD009', '2025-11-26', 'B028', 'Himanshu Saini', 'Present', 'On', ''),
(4068, 'STD011', '2025-11-26', 'B028', 'Rohit Prajapati', 'Present', 'On', ''),
(4069, 'STD018', '2025-11-26', 'B028', 'Aditya Yadav', 'Absent', 'Off', ''),
(4070, 'STD098', '2025-11-26', 'B028', 'Shruti Jethlia', 'Present', 'On', ''),
(4071, 'STD104', '2025-11-26', 'B028', 'Rahul Sahu', 'Present', 'On', ''),
(4072, 'STD201', '2025-11-26', 'B028', 'Harsh  Raj', 'Present', 'On', ''),
(4073, 'STD212', '2025-11-26', 'B028', 'Shriram Harishchandra Darunte', 'Absent', 'Off', ''),
(4074, 'STD228', '2025-11-26', 'B028', 'Sunil Choudhary', 'Present', 'On', ''),
(4075, 'STD229', '2025-11-26', 'B028', 'Rakesh Kumar', 'Absent', 'Off', ''),
(4076, 'STD230', '2025-11-26', 'B028', 'Darshan Shidenur', 'Absent', 'Off', ''),
(4077, 'STD231', '2025-11-26', 'B028', 'Vinit Kumar', 'Present', 'On', ''),
(4078, 'STD232', '2025-11-26', 'B028', 'Mohit Kumawat', 'Present', 'On', ''),
(4079, 'STD233', '2025-11-26', 'B028', 'Mahesh Kumawat', 'Present', 'On', ''),
(4080, 'STD004', '2025-11-28', 'B028', 'Mohit Yadav', 'Present', 'Off', ''),
(4081, 'STD009', '2025-11-28', 'B028', 'Himanshu Saini', 'Absent', 'Off', ''),
(4082, 'STD011', '2025-11-28', 'B028', 'Rohit Prajapati', 'Absent', 'Off', ''),
(4083, 'STD018', '2025-11-28', 'B028', 'Aditya Yadav', 'Absent', 'Off', ''),
(4084, 'STD098', '2025-11-28', 'B028', 'Shruti Jethlia', 'Absent', 'Off', ''),
(4085, 'STD104', '2025-11-28', 'B028', 'Rahul Sahu', 'Present', 'Off', ''),
(4086, 'STD201', '2025-11-28', 'B028', 'Harsh  Raj', 'Present', 'Off', ''),
(4087, 'STD212', '2025-11-28', 'B028', 'Shriram Harishchandra Darunte', 'Absent', 'Off', ''),
(4088, 'STD228', '2025-11-28', 'B028', 'Sunil Choudhary', 'Absent', 'Off', ''),
(4089, 'STD229', '2025-11-28', 'B028', 'Rakesh Kumar', 'Absent', 'Off', ''),
(4090, 'STD230', '2025-11-28', 'B028', 'Darshan Shidenur', 'Absent', 'Off', ''),
(4091, 'STD231', '2025-11-28', 'B028', 'Vinit Kumar', 'Present', 'Off', ''),
(4092, 'STD232', '2025-11-28', 'B028', 'Mohit Kumawat', 'Present', 'Off', ''),
(4093, 'STD233', '2025-11-28', 'B028', 'Mahesh Kumawat', 'Present', 'Off', ''),
(4094, 'STD017', '2025-12-06', 'B008', 'Virendra Sharma', 'Absent', 'Off', NULL),
(4095, 'STD045', '2025-12-06', 'B008', 'Surajit Ghosh', 'Absent', 'Off', NULL),
(4096, 'STD046', '2025-12-06', 'B008', 'Anurag Shrivastav', 'Absent', 'Off', NULL),
(4097, 'STD051', '2025-12-06', 'B008', 'Adil Khan', 'Absent', 'Off', NULL),
(4098, 'STD052', '2025-12-06', 'B008', 'Gunjan Tak', 'Absent', 'Off', NULL),
(4099, 'STD056', '2025-12-06', 'B008', 'Shaik abubakrsiddiq', 'Absent', 'Off', NULL),
(4100, 'STD057', '2025-12-06', 'B008', 'Lalit Dagur', 'Absent', 'Off', NULL),
(4101, 'STD058', '2025-12-06', 'B008', 'Arambakam Nanda Kishore', 'Absent', 'Off', NULL),
(4102, 'STD059', '2025-12-06', 'B008', 'Sharon Joshi', 'Absent', 'Off', NULL),
(4103, 'STD060', '2025-12-06', 'B008', 'Gitanshu -', 'Absent', 'Off', NULL),
(4104, 'STD061', '2025-12-06', 'B008', 'Atharv Bhandari', 'Absent', 'Off', NULL),
(4105, 'STD062', '2025-12-06', 'B008', 'Vishal Ashokan', 'Absent', 'Off', NULL),
(4106, 'STD063', '2025-12-06', 'B008', 'Deepak Jindal', 'Absent', 'Off', NULL),
(4107, 'STD086', '2025-12-06', 'B008', 'Mominul Hoque', 'Absent', 'Off', NULL),
(4108, 'STD088', '2025-12-06', 'B008', 'Nishant Sharma', 'Absent', 'Off', NULL),
(4109, 'STD089', '2025-12-06', 'B008', 'Sanika More', 'Absent', 'Off', NULL),
(4110, 'STD090', '2025-12-06', 'B008', 'Prince Kalal', 'Absent', 'Off', NULL),
(4111, 'STD091', '2025-12-06', 'B008', 'Venkanta Srilakshmi', 'Absent', 'Off', NULL),
(4112, 'STD170', '2025-12-06', 'B008', 'Rudraksh Kedar', 'Absent', 'Off', NULL),
(4113, 'STD185', '2025-12-06', 'B008', 'Nilesh Jain', 'Absent', 'Off', NULL),
(4114, 'STD208', '2025-12-06', 'B008', 'Mubin Mujwar', 'Absent', 'Off', NULL),
(4115, 'STD217', '2025-12-06', 'B008', 'Sudarshan    Patole', 'Absent', 'Off', NULL),
(4116, 'STD004', '2025-12-06', 'B028', 'Mohit Yadav', 'Present', 'On', ''),
(4117, 'STD009', '2025-12-06', 'B028', 'Himanshu Saini', 'Present', 'On', 'Online'),
(4118, 'STD011', '2025-12-06', 'B028', 'Rohit Prajapati', 'Present', 'On', 'Online'),
(4119, 'STD018', '2025-12-06', 'B028', 'Aditya Yadav', 'Present', 'On', ''),
(4120, 'STD098', '2025-12-06', 'B028', 'Shruti Jethlia', 'Present', 'On', ''),
(4121, 'STD104', '2025-12-06', 'B028', 'Rahul Sahu', 'Present', 'On', ''),
(4122, 'STD201', '2025-12-06', 'B028', 'Harsh  Raj', 'Present', 'On', ''),
(4123, 'STD212', '2025-12-06', 'B028', 'Shriram Harishchandra Darunte', 'Absent', 'Off', ''),
(4124, 'STD228', '2025-12-06', 'B028', 'Sunil Choudhary', 'Present', 'On', ''),
(4125, 'STD229', '2025-12-06', 'B028', 'Rakesh Kumar', 'Absent', 'Off', ''),
(4126, 'STD230', '2025-12-06', 'B028', 'Darshan Shidenur', 'Absent', 'Off', ''),
(4127, 'STD231', '2025-12-06', 'B028', 'Vinit Kumar', 'Present', 'On', ''),
(4128, 'STD232', '2025-12-06', 'B028', 'Mohit Kumawat', 'Present', 'On', ''),
(4129, 'STD233', '2025-12-06', 'B028', 'Mahesh Kumawat', 'Present', 'On', ''),
(4130, 'STD234', '2025-12-06', 'B028', 'Keval Fatkure', 'Present', 'On', ''),
(4131, 'STD235', '2025-12-06', 'B028', 'Krishankant Suman', 'Present', 'On', ''),
(4132, 'STD004', '2025-12-08', 'B028', 'Mohit Yadav', 'Absent', 'Off', 'late due to family issues'),
(4133, 'STD009', '2025-12-08', 'B028', 'Himanshu Saini', 'Present', 'On', ''),
(4134, 'STD011', '2025-12-08', 'B028', 'Rohit Prajapati', 'Present', 'On', ''),
(4135, 'STD018', '2025-12-08', 'B028', 'Aditya Yadav', 'Present', 'On', ''),
(4136, 'STD098', '2025-12-08', 'B028', 'Shruti Jethlia', 'Present', 'On', ''),
(4137, 'STD104', '2025-12-08', 'B028', 'Rahul Sahu', 'Present', 'On', ''),
(4138, 'STD201', '2025-12-08', 'B028', 'Harsh  Raj', 'Present', 'On', ''),
(4139, 'STD212', '2025-12-08', 'B028', 'Shriram Harishchandra Darunte', 'Absent', 'Off', ''),
(4140, 'STD228', '2025-12-08', 'B028', 'Sunil Choudhary', 'Present', 'On', ''),
(4141, 'STD229', '2025-12-08', 'B028', 'Rakesh Kumar', 'Absent', 'Off', 'Not response'),
(4142, 'STD230', '2025-12-08', 'B028', 'Darshan Shidenur', 'Absent', 'Off', 'On leave'),
(4143, 'STD231', '2025-12-08', 'B028', 'Vinit Kumar', 'Present', 'On', ''),
(4144, 'STD232', '2025-12-08', 'B028', 'Mohit Kumawat', 'Absent', 'Off', 'On leave - Home Wedding '),
(4145, 'STD233', '2025-12-08', 'B028', 'Mahesh Kumawat', 'Present', 'On', ''),
(4146, 'STD234', '2025-12-08', 'B028', 'Keval Fatkure', 'Present', 'On', ''),
(4147, 'STD235', '2025-12-08', 'B028', 'Krishankant Suman', 'Absent', 'Off', 'going to outside'),
(4148, 'STD004', '2025-12-09', 'B028', 'Mohit Yadav', 'Present', 'On', ''),
(4149, 'STD009', '2025-12-09', 'B028', 'Himanshu Saini', 'Present', 'On', ''),
(4150, 'STD011', '2025-12-09', 'B028', 'Rohit Prajapati', 'Present', 'On', ''),
(4151, 'STD018', '2025-12-09', 'B028', 'Aditya Yadav', 'Present', 'On', ''),
(4152, 'STD098', '2025-12-09', 'B028', 'Shruti Jethlia', 'Present', 'On', ''),
(4153, 'STD104', '2025-12-09', 'B028', 'Rahul Sahu', 'Present', 'On', ''),
(4154, 'STD201', '2025-12-09', 'B028', 'Harsh  Raj', 'Present', 'On', ''),
(4155, 'STD212', '2025-12-09', 'B028', 'Shriram Harishchandra Darunte', 'Absent', 'Off', ''),
(4156, 'STD228', '2025-12-09', 'B028', 'Sunil Choudhary', 'Present', 'On', ''),
(4157, 'STD229', '2025-12-09', 'B028', 'Rakesh Kumar', 'Absent', 'Off', ''),
(4158, 'STD230', '2025-12-09', 'B028', 'Darshan Shidenur', 'Present', 'On', ''),
(4159, 'STD231', '2025-12-09', 'B028', 'Vinit Kumar', 'Present', 'On', ''),
(4160, 'STD232', '2025-12-09', 'B028', 'Mohit Kumawat', 'Absent', 'Off', ''),
(4161, 'STD233', '2025-12-09', 'B028', 'Mahesh Kumawat', 'Present', 'On', ''),
(4162, 'STD234', '2025-12-09', 'B028', 'Keval Fatkure', 'Present', 'On', ''),
(4163, 'STD235', '2025-12-09', 'B028', 'Krishankant Suman', 'Present', 'On', ''),
(4164, 'STD199', '2025-12-08', 'B014', 'Pradeep Sharma', 'Absent', 'Off', ''),
(4165, 'STD200', '2025-12-08', 'B014', 'Shyam Sunder Jangid', 'Present', 'Off', ''),
(4166, 'STD202', '2025-12-08', 'B014', 'Om Shukla', 'Absent', 'Off', ''),
(4167, 'STD203', '2025-12-08', 'B014', 'Nitin Bhabhor', 'Absent', 'Off', ''),
(4168, 'STD205', '2025-12-08', 'B014', 'Sudip Mundal', 'Present', 'Off', ''),
(4169, 'STD206', '2025-12-08', 'B014', 'Mohd  AijazuddinObaid', 'Present', 'Off', ''),
(4170, 'STD207', '2025-12-08', 'B014', 'Rakesh  Mewada', 'Absent', 'Off', ''),
(4171, 'STD209', '2025-12-08', 'B014', 'Priyanshu Sharma', 'Absent', 'Off', ''),
(4172, 'STD210', '2025-12-08', 'B014', 'ABU TALAH M BAGWAN', 'Absent', 'Off', ''),
(4173, 'STD218', '2025-12-08', 'B014', 'Navneet  Singh', 'Absent', 'Off', ''),
(4174, 'STD219', '2025-12-08', 'B014', 'Rameshwar  Patil', 'Present', 'Off', ''),
(4175, 'STD220', '2025-12-08', 'B014', 'Aditya  Kumar', 'Present', 'Off', ''),
(4176, 'STD221', '2025-12-08', 'B014', 'Garvit  Mathur', 'Present', 'Off', ''),
(4177, 'STD222', '2025-12-08', 'B014', 'Sandeep  Kumar', 'Absent', 'Off', ''),
(4178, 'STD223', '2025-12-08', 'B014', 'Pryank  kashyap', 'Present', 'Off', ''),
(4212, 'STD019', '2025-11-27', 'B018', 'Bhavya Wade', 'Present', 'On', ''),
(4213, 'STD020', '2025-11-27', 'B018', 'Kavya Wade', 'Present', 'On', ''),
(4214, 'STD021', '2025-11-27', 'B018', 'Amar Singh', 'Present', 'On', ''),
(4215, 'STD022', '2025-11-27', 'B018', 'Shardha Jadhav', 'Present', 'On', ''),
(4216, 'STD023', '2025-11-27', 'B018', 'Ananad Mishra', 'Present', 'On', ''),
(4217, 'STD024', '2025-11-27', 'B018', 'Anshu Kushwaha', 'Present', 'On', ''),
(4218, 'STD025', '2025-11-27', 'B018', 'Chandan Kumar', 'Present', 'On', ''),
(4219, 'STD026', '2025-11-27', 'B018', 'Melvin Babu', 'Present', 'On', ''),
(4220, 'STD027', '2025-11-27', 'B018', 'Kanishk Bhardwaj', 'Absent', 'Off', 'Jitendra Pal - present '),
(4221, 'STD028', '2025-11-27', 'B018', 'Sidharth Bhanot', 'Absent', 'Off', ''),
(4222, 'STD029', '2025-11-27', 'B018', 'Harvinder Singh', 'Present', 'On', ''),
(4223, 'STD030', '2025-11-27', 'B018', 'Abhishek Sah', 'Present', 'On', ''),
(4224, 'STD031', '2025-11-27', 'B018', 'Rahul Vinod Devkar', 'Present', 'On', ''),
(4225, 'STD032', '2025-11-27', 'B018', 'Vishal Kumar', 'Absent', 'Off', ''),
(4226, 'STD033', '2025-11-27', 'B018', 'Aman Singh', 'Absent', 'Off', ''),
(4227, 'STD034', '2025-11-27', 'B018', 'Sangam Kumar Patel', 'Absent', 'Off', ''),
(4228, 'STD035', '2025-11-27', 'B018', 'Guru Prasad Yadav', 'Present', 'On', 'Gulshan - Present '),
(4229, 'STD036', '2025-11-27', 'B018', 'Sawyam Dhar', 'Absent', 'Off', ''),
(4230, 'STD038', '2025-11-27', 'B018', 'Ajay Kumar', 'Present', 'On', ''),
(4231, 'STD039', '2025-11-27', 'B018', 'Parth Miruiya', 'Absent', 'Off', ''),
(4232, 'STD040', '2025-11-27', 'B018', 'Rahul Lad', 'Absent', 'Off', ''),
(4233, 'STD041', '2025-11-27', 'B018', 'Takshil Patel', 'Present', 'On', ''),
(4234, 'STD042', '2025-11-27', 'B018', 'Prem Tejash Patil', 'Present', 'On', ''),
(4235, 'STD043', '2025-11-27', 'B018', 'Suraj Kumar', 'Present', 'On', ''),
(4236, 'STD044', '2025-11-27', 'B018', 'Aditya Pratap Singh', 'Present', 'On', ''),
(4237, 'STD224', '2025-11-27', 'B018', 'Subrat  Sahoo', 'Present', 'On', ''),
(4238, 'STD225', '2025-11-27', 'B018', 'Subrat  Sahoo', 'Present', 'On', ''),
(4239, 'STD226', '2025-11-27', 'B018', 'Ankit  Mogha ', 'Present', 'On', ''),
(4240, 'STD227', '2025-11-27', 'B018', 'Lakshay  Singh Shekawat', 'Present', 'On', ''),
(4241, 'STD236', '2025-11-27', 'B016', 'Sudesh  Devadhe', 'Absent', 'Off', ''),
(4242, 'STD237', '2025-11-27', 'B016', 'Ritesh  Kumar', 'Absent', 'Off', ''),
(4243, 'STD238', '2025-11-27', 'B016', 'Shivaraj   samgonda Patil ', 'Absent', 'Off', ''),
(4244, 'STD239', '2025-11-27', 'B016', 'Sai Kalyan  Mundlur', 'Absent', 'Off', ''),
(4245, 'STD019', '2025-11-28', 'B018', 'Bhavya Wade', 'Present', 'On', ''),
(4246, 'STD020', '2025-11-28', 'B018', 'Kavya Wade', 'Present', 'On', ''),
(4247, 'STD021', '2025-11-28', 'B018', 'Amar Singh', 'Present', 'On', ''),
(4248, 'STD022', '2025-11-28', 'B018', 'Shardha Jadhav', 'Absent', 'Off', ''),
(4249, 'STD023', '2025-11-28', 'B018', 'Ananad Mishra', 'Present', 'On', ''),
(4250, 'STD024', '2025-11-28', 'B018', 'Anshu Kushwaha', 'Present', 'On', ''),
(4251, 'STD025', '2025-11-28', 'B018', 'Chandan Kumar', 'Present', 'On', 'Gulshan present '),
(4252, 'STD026', '2025-11-28', 'B018', 'Melvin Babu', 'Present', 'On', ''),
(4253, 'STD027', '2025-11-28', 'B018', 'Kanishk Bhardwaj', 'Present', 'On', ''),
(4254, 'STD028', '2025-11-28', 'B018', 'Sidharth Bhanot', 'Absent', 'Off', ''),
(4255, 'STD029', '2025-11-28', 'B018', 'Harvinder Singh', 'Present', 'On', ''),
(4256, 'STD030', '2025-11-28', 'B018', 'Abhishek Sah', 'Present', 'Off', ''),
(4257, 'STD031', '2025-11-28', 'B018', 'Rahul Vinod Devkar', 'Present', 'On', ''),
(4258, 'STD032', '2025-11-28', 'B018', 'Vishal Kumar', 'Absent', 'Off', ''),
(4259, 'STD033', '2025-11-28', 'B018', 'Aman Singh', 'Absent', 'Off', ''),
(4260, 'STD034', '2025-11-28', 'B018', 'Sangam Kumar Patel', 'Absent', 'Off', ''),
(4261, 'STD035', '2025-11-28', 'B018', 'Guru Prasad Yadav', 'Present', 'Off', ''),
(4262, 'STD036', '2025-11-28', 'B018', 'Sawyam Dhar', 'Absent', 'Off', 'already mailed '),
(4263, 'STD038', '2025-11-28', 'B018', 'Ajay Kumar', 'Present', 'On', ''),
(4264, 'STD039', '2025-11-28', 'B018', 'Parth Miruiya', 'Absent', 'Off', ''),
(4265, 'STD040', '2025-11-28', 'B018', 'Rahul Lad', 'Absent', 'Off', ''),
(4266, 'STD041', '2025-11-28', 'B018', 'Takshil Patel', 'Present', 'On', ''),
(4267, 'STD042', '2025-11-28', 'B018', 'Prem Tejash Patil', 'Present', 'On', ''),
(4268, 'STD043', '2025-11-28', 'B018', 'Suraj Kumar', 'Present', 'On', ''),
(4269, 'STD044', '2025-11-28', 'B018', 'Aditya Pratap Singh', 'Present', 'On', ''),
(4270, 'STD224', '2025-11-28', 'B018', 'Subrat  Sahoo', 'Present', 'On', ''),
(4271, 'STD225', '2025-11-28', 'B018', 'Subrat  Sahoo', 'Present', 'On', ''),
(4272, 'STD226', '2025-11-28', 'B018', 'Ankit  Mogha ', 'Absent', 'Off', ''),
(4273, 'STD227', '2025-11-28', 'B018', 'Lakshay  Singh Shekawat', 'Present', 'On', ''),
(4274, 'STD236', '2025-11-28', 'B016', 'Sudesh  Devadhe', 'Absent', 'Off', ''),
(4275, 'STD237', '2025-11-28', 'B016', 'Ritesh  Kumar', 'Absent', 'Off', ''),
(4276, 'STD238', '2025-11-28', 'B016', 'Shivaraj   samgonda Patil ', 'Absent', 'Off', ''),
(4277, 'STD239', '2025-11-28', 'B016', 'Sai Kalyan  Mundlur', 'Absent', 'Off', ''),
(4278, 'STD240', '2025-11-28', 'B018', 'Jitendra  Singh Pal', 'Present', 'On', ''),
(4279, 'STD019', '2025-12-01', 'B018', 'Bhavya Wade', 'Present', 'On', ''),
(4280, 'STD020', '2025-12-01', 'B018', 'Kavya Wade', 'Present', 'On', ''),
(4281, 'STD021', '2025-12-01', 'B018', 'Amar Singh', 'Present', 'On', ''),
(4282, 'STD022', '2025-12-01', 'B018', 'Shardha Jadhav', 'Present', 'On', ''),
(4283, 'STD023', '2025-12-01', 'B018', 'Ananad Mishra', 'Present', 'On', ''),
(4284, 'STD024', '2025-12-01', 'B018', 'Anshu Kushwaha', 'Absent', 'Off', ''),
(4285, 'STD025', '2025-12-01', 'B018', 'Chandan Kumar', 'Absent', 'Off', 'Gulashan present '),
(4286, 'STD026', '2025-12-01', 'B018', 'Melvin Babu', 'Present', 'On', ''),
(4287, 'STD027', '2025-12-01', 'B018', 'Kanishk Bhardwaj', 'Present', 'On', ''),
(4288, 'STD028', '2025-12-01', 'B018', 'Sidharth Bhanot', 'Absent', 'Off', ''),
(4289, 'STD029', '2025-12-01', 'B018', 'Harvinder Singh', 'Absent', 'Off', ''),
(4290, 'STD030', '2025-12-01', 'B018', 'Abhishek Sah', 'Present', 'On', ''),
(4291, 'STD031', '2025-12-01', 'B018', 'Rahul Vinod Devkar', 'Absent', 'Off', ''),
(4292, 'STD032', '2025-12-01', 'B018', 'Vishal Kumar', 'Absent', 'Off', ''),
(4293, 'STD033', '2025-12-01', 'B018', 'Aman Singh', 'Absent', 'Off', ''),
(4294, 'STD034', '2025-12-01', 'B018', 'Sangam Kumar Patel', 'Absent', 'Off', ''),
(4295, 'STD035', '2025-12-01', 'B018', 'Guru Prasad Yadav', 'Present', 'On', ''),
(4296, 'STD036', '2025-12-01', 'B018', 'Sawyam Dhar', 'Absent', 'Off', ''),
(4297, 'STD038', '2025-12-01', 'B018', 'Ajay Kumar', 'Present', 'On', ''),
(4298, 'STD039', '2025-12-01', 'B018', 'Parth Miruiya', 'Absent', 'Off', ''),
(4299, 'STD040', '2025-12-01', 'B018', 'Rahul Lad', 'Absent', 'Off', ''),
(4300, 'STD041', '2025-12-01', 'B018', 'Takshil Patel', 'Present', 'On', ''),
(4301, 'STD042', '2025-12-01', 'B018', 'Prem Tejash Patil', 'Absent', 'Off', ''),
(4302, 'STD043', '2025-12-01', 'B018', 'Suraj Kumar', 'Present', 'On', ''),
(4303, 'STD044', '2025-12-01', 'B018', 'Aditya Pratap Singh', 'Present', 'On', ''),
(4304, 'STD224', '2025-12-01', 'B018', 'Subrat  Sahoo', 'Present', 'On', ''),
(4305, 'STD225', '2025-12-01', 'B018', 'Subrat  Sahoo', 'Present', 'On', ''),
(4306, 'STD226', '2025-12-01', 'B018', 'Ankit  Mogha ', 'Absent', 'Off', ''),
(4307, 'STD227', '2025-12-01', 'B018', 'Lakshay  Singh Shekawat', 'Absent', 'Off', ''),
(4312, 'STD240', '2025-12-01', 'B018', 'Jitendra  Singh Pal', 'Present', 'On', ''),
(4313, 'STD004', '2025-12-10', 'B028', 'Mohit Yadav', 'Present', 'On', ''),
(4314, 'STD009', '2025-12-10', 'B028', 'Himanshu Saini', 'Present', 'On', ''),
(4315, 'STD011', '2025-12-10', 'B028', 'Rohit Prajapati', 'Present', 'On', ''),
(4316, 'STD018', '2025-12-10', 'B028', 'Aditya Yadav', 'Present', 'On', '');
INSERT INTO `attendance` (`id`, `student_id`, `date`, `batch_id`, `student_name`, `status`, `camera_status`, `remarks`) VALUES
(4317, 'STD098', '2025-12-10', 'B028', 'Shruti Jethlia', 'Present', 'On', ''),
(4318, 'STD104', '2025-12-10', 'B028', 'Rahul Sahu', 'Present', 'On', ''),
(4319, 'STD201', '2025-12-10', 'B028', 'Harsh  Raj', 'Present', 'On', ''),
(4320, 'STD212', '2025-12-10', 'B028', 'Shriram Harishchandra Darunte', 'Absent', 'Off', ''),
(4321, 'STD228', '2025-12-10', 'B028', 'Sunil Choudhary', 'Present', 'On', ''),
(4322, 'STD229', '2025-12-10', 'B028', 'Rakesh Kumar', 'Absent', 'Off', ''),
(4323, 'STD230', '2025-12-10', 'B028', 'Darshan Shidenur', 'Absent', 'Off', ''),
(4324, 'STD231', '2025-12-10', 'B028', 'Vinit Kumar', 'Present', 'On', ''),
(4325, 'STD232', '2025-12-10', 'B028', 'Mohit Kumawat', 'Absent', 'Off', ''),
(4326, 'STD233', '2025-12-10', 'B028', 'Mahesh Kumawat', 'Present', 'On', ''),
(4327, 'STD234', '2025-12-10', 'B028', 'Keval Fatkure', 'Present', 'On', ''),
(4328, 'STD235', '2025-12-10', 'B028', 'Krishankant Suman', 'Present', 'On', ''),
(4329, 'STD019', '2025-12-02', 'B018', 'Bhavya Wade', 'Present', 'On', ''),
(4330, 'STD020', '2025-12-02', 'B018', 'Kavya Wade', 'Present', 'On', ''),
(4331, 'STD021', '2025-12-02', 'B018', 'Amar Singh', 'Present', 'On', ''),
(4332, 'STD022', '2025-12-02', 'B018', 'Shardha Jadhav', 'Present', 'On', ''),
(4333, 'STD023', '2025-12-02', 'B018', 'Ananad Mishra', 'Absent', 'Off', ''),
(4334, 'STD024', '2025-12-02', 'B018', 'Anshu Kushwaha', 'Absent', 'Off', ''),
(4335, 'STD025', '2025-12-02', 'B018', 'Chandan Kumar', 'Present', 'On', ''),
(4336, 'STD026', '2025-12-02', 'B018', 'Melvin Babu', 'Present', 'On', ''),
(4337, 'STD027', '2025-12-02', 'B018', 'Kanishk Bhardwaj', 'Absent', 'Off', ''),
(4338, 'STD028', '2025-12-02', 'B018', 'Sidharth Bhanot', 'Absent', 'Off', ''),
(4339, 'STD029', '2025-12-02', 'B018', 'Harvinder Singh', 'Absent', 'Off', ''),
(4340, 'STD030', '2025-12-02', 'B018', 'Abhishek Sah', 'Present', 'On', ''),
(4341, 'STD031', '2025-12-02', 'B018', 'Rahul Vinod Devkar', 'Absent', 'Off', ''),
(4342, 'STD032', '2025-12-02', 'B018', 'Vishal Kumar', 'Absent', 'Off', ''),
(4343, 'STD033', '2025-12-02', 'B018', 'Aman Singh', 'Absent', 'Off', ''),
(4344, 'STD034', '2025-12-02', 'B018', 'Sangam Kumar Patel', 'Absent', 'Off', ''),
(4345, 'STD035', '2025-12-02', 'B018', 'Guru Prasad Yadav', 'Absent', 'Off', ''),
(4346, 'STD036', '2025-12-02', 'B018', 'Sawyam Dhar', 'Absent', 'Off', ''),
(4347, 'STD038', '2025-12-02', 'B018', 'Ajay Kumar', 'Absent', 'Off', ''),
(4348, 'STD039', '2025-12-02', 'B018', 'Parth Miruiya', 'Absent', 'Off', ''),
(4349, 'STD040', '2025-12-02', 'B018', 'Rahul Lad', 'Absent', 'Off', ''),
(4350, 'STD041', '2025-12-02', 'B018', 'Takshil Patel', 'Absent', 'Off', ''),
(4351, 'STD042', '2025-12-02', 'B018', 'Prem Tejash Patil', 'Present', 'On', ''),
(4352, 'STD043', '2025-12-02', 'B018', 'Suraj Kumar', 'Present', 'On', ''),
(4353, 'STD044', '2025-12-02', 'B018', 'Aditya Pratap Singh', 'Absent', 'Off', ''),
(4354, 'STD176', '2025-12-02', 'B018', 'Gulshan Kumar', 'Present', 'On', ''),
(4355, 'STD224', '2025-12-02', 'B018', 'Subrat  Sahoo', 'Present', 'On', ''),
(4356, 'STD225', '2025-12-02', 'B018', 'Subrat  Sahoo', 'Present', 'On', ''),
(4357, 'STD226', '2025-12-02', 'B018', 'Ankit  Mogha ', 'Absent', 'Off', ''),
(4358, 'STD227', '2025-12-02', 'B018', 'Lakshay  Singh Shekawat', 'Absent', 'Off', ''),
(4363, 'STD240', '2025-12-02', 'B018', 'Jitendra  Singh Pal', 'Absent', 'Off', ''),
(4364, 'STD019', '2025-12-03', 'B018', 'Bhavya Wade', 'Present', 'On', ''),
(4365, 'STD020', '2025-12-03', 'B018', 'Kavya Wade', 'Present', 'On', ''),
(4366, 'STD021', '2025-12-03', 'B018', 'Amar Singh', 'Present', 'On', ''),
(4367, 'STD022', '2025-12-03', 'B018', 'Shardha Jadhav', 'Present', 'On', ''),
(4368, 'STD023', '2025-12-03', 'B018', 'Ananad Mishra', 'Present', 'On', ''),
(4369, 'STD024', '2025-12-03', 'B018', 'Anshu Kushwaha', 'Absent', 'Off', ''),
(4370, 'STD025', '2025-12-03', 'B018', 'Chandan Kumar', 'Present', 'On', ''),
(4371, 'STD026', '2025-12-03', 'B018', 'Melvin Babu', 'Present', 'On', ''),
(4372, 'STD027', '2025-12-03', 'B018', 'Kanishk Bhardwaj', 'Present', 'On', ''),
(4373, 'STD028', '2025-12-03', 'B018', 'Sidharth Bhanot', 'Absent', 'Off', ''),
(4374, 'STD029', '2025-12-03', 'B018', 'Harvinder Singh', 'Present', 'On', ''),
(4375, 'STD030', '2025-12-03', 'B018', 'Abhishek Sah', 'Present', 'On', ''),
(4376, 'STD031', '2025-12-03', 'B018', 'Rahul Vinod Devkar', 'Present', 'On', ''),
(4377, 'STD032', '2025-12-03', 'B018', 'Vishal Kumar', 'Absent', 'Off', ''),
(4378, 'STD033', '2025-12-03', 'B018', 'Aman Singh', 'Absent', 'Off', ''),
(4379, 'STD034', '2025-12-03', 'B018', 'Sangam Kumar Patel', 'Absent', 'Off', ''),
(4380, 'STD035', '2025-12-03', 'B018', 'Guru Prasad Yadav', 'Present', 'On', ''),
(4381, 'STD036', '2025-12-03', 'B018', 'Sawyam Dhar', 'Absent', 'Off', ''),
(4382, 'STD038', '2025-12-03', 'B018', 'Ajay Kumar', 'Absent', 'Off', ''),
(4383, 'STD039', '2025-12-03', 'B018', 'Parth Miruiya', 'Present', 'On', ''),
(4384, 'STD040', '2025-12-03', 'B018', 'Rahul Lad', 'Absent', 'Off', ''),
(4385, 'STD041', '2025-12-03', 'B018', 'Takshil Patel', 'Present', 'On', ''),
(4386, 'STD042', '2025-12-03', 'B018', 'Prem Tejash Patil', 'Present', 'On', ''),
(4387, 'STD043', '2025-12-03', 'B018', 'Suraj Kumar', 'Present', 'On', ''),
(4388, 'STD044', '2025-12-03', 'B018', 'Aditya Pratap Singh', 'Present', 'On', ''),
(4389, 'STD176', '2025-12-03', 'B018', 'Gulshan Kumar', 'Present', 'On', ''),
(4390, 'STD224', '2025-12-03', 'B018', 'Subrat  Sahoo', 'Present', 'On', ''),
(4391, 'STD225', '2025-12-03', 'B018', 'Subrat  Sahoo', 'Present', 'On', ''),
(4392, 'STD226', '2025-12-03', 'B018', 'Ankit  Mogha ', 'Absent', 'Off', ''),
(4393, 'STD227', '2025-12-03', 'B018', 'Lakshay  Singh Shekawat', 'Present', 'Off', ''),
(4394, 'STD240', '2025-12-03', 'B018', 'Jitendra  Singh Pal', 'Absent', 'Off', ''),
(4395, 'STD019', '2025-12-05', 'B018', 'Bhavya Wade', 'Present', 'On', ''),
(4396, 'STD020', '2025-12-05', 'B018', 'Kavya Wade', 'Present', 'On', ''),
(4397, 'STD021', '2025-12-05', 'B018', 'Amar Singh', 'Absent', 'Off', ''),
(4398, 'STD022', '2025-12-05', 'B018', 'Shardha Jadhav', 'Absent', 'Off', ''),
(4399, 'STD023', '2025-12-05', 'B018', 'Ananad Mishra', 'Present', 'On', ''),
(4400, 'STD024', '2025-12-05', 'B018', 'Anshu Kushwaha', 'Present', 'On', ''),
(4401, 'STD025', '2025-12-05', 'B018', 'Chandan Kumar', 'Present', 'On', ''),
(4402, 'STD026', '2025-12-05', 'B018', 'Melvin Babu', 'Present', 'On', ''),
(4403, 'STD027', '2025-12-05', 'B018', 'Kanishk Bhardwaj', 'Present', 'On', ''),
(4404, 'STD028', '2025-12-05', 'B018', 'Sidharth Bhanot', 'Absent', 'Off', ''),
(4405, 'STD029', '2025-12-05', 'B018', 'Harvinder Singh', 'Absent', 'Off', ''),
(4406, 'STD030', '2025-12-05', 'B018', 'Abhishek Sah', 'Present', 'On', ''),
(4407, 'STD031', '2025-12-05', 'B018', 'Rahul Vinod Devkar', 'Absent', 'Off', ''),
(4408, 'STD032', '2025-12-05', 'B018', 'Vishal Kumar', 'Absent', 'Off', ''),
(4409, 'STD033', '2025-12-05', 'B018', 'Aman Singh', 'Absent', 'Off', ''),
(4410, 'STD034', '2025-12-05', 'B018', 'Sangam Kumar Patel', 'Absent', 'Off', ''),
(4411, 'STD035', '2025-12-05', 'B018', 'Guru Prasad Yadav', 'Absent', 'Off', ''),
(4412, 'STD036', '2025-12-05', 'B018', 'Sawyam Dhar', 'Absent', 'Off', ''),
(4413, 'STD038', '2025-12-05', 'B018', 'Ajay Kumar', 'Absent', 'Off', ''),
(4414, 'STD039', '2025-12-05', 'B018', 'Parth Miruiya', 'Absent', 'Off', ''),
(4415, 'STD040', '2025-12-05', 'B018', 'Rahul Lad', 'Absent', 'Off', ''),
(4416, 'STD041', '2025-12-05', 'B018', 'Takshil Patel', 'Absent', 'Off', ''),
(4417, 'STD042', '2025-12-05', 'B018', 'Prem Tejash Patil', 'Absent', 'Off', ''),
(4418, 'STD043', '2025-12-05', 'B018', 'Suraj Kumar', 'Present', 'On', ''),
(4419, 'STD044', '2025-12-05', 'B018', 'Aditya Pratap Singh', 'Present', 'On', ''),
(4420, 'STD176', '2025-12-05', 'B018', 'Gulshan Kumar', 'Present', 'On', ''),
(4421, 'STD224', '2025-12-05', 'B018', 'Subrat  Sahoo', 'Present', 'On', ''),
(4422, 'STD225', '2025-12-05', 'B018', 'Subrat  Sahoo', 'Present', 'On', ''),
(4423, 'STD226', '2025-12-05', 'B018', 'Ankit  Mogha ', 'Absent', 'Off', ''),
(4424, 'STD227', '2025-12-05', 'B018', 'Lakshay  Singh Shekawat', 'Absent', 'Off', ''),
(4425, 'STD240', '2025-12-05', 'B018', 'Jitendra  Singh Pal', 'Absent', 'Off', ''),
(4426, 'STD019', '2025-12-09', 'B018', 'Bhavya Wade', 'Present', 'On', ''),
(4427, 'STD020', '2025-12-09', 'B018', 'Kavya Wade', 'Present', 'On', ''),
(4428, 'STD021', '2025-12-09', 'B018', 'Amar Singh', 'Present', 'On', ''),
(4429, 'STD022', '2025-12-09', 'B018', 'Shardha Jadhav', 'Present', 'On', ''),
(4430, 'STD023', '2025-12-09', 'B018', 'Ananad Mishra', 'Present', 'On', ''),
(4431, 'STD024', '2025-12-09', 'B018', 'Anshu Kushwaha', 'Present', 'On', ''),
(4432, 'STD025', '2025-12-09', 'B018', 'Chandan Kumar', 'Present', 'On', ''),
(4433, 'STD026', '2025-12-09', 'B018', 'Melvin Babu', 'Present', 'On', ''),
(4434, 'STD027', '2025-12-09', 'B018', 'Kanishk Bhardwaj', 'Present', 'On', ''),
(4435, 'STD029', '2025-12-09', 'B018', 'Harvinder Singh', 'Present', 'On', ''),
(4436, 'STD030', '2025-12-09', 'B018', 'Abhishek Sah', 'Present', 'On', ''),
(4437, 'STD031', '2025-12-09', 'B018', 'Rahul Vinod Devkar', 'Present', 'On', ''),
(4438, 'STD032', '2025-12-09', 'B018', 'Vishal Kumar', 'Absent', 'Off', ''),
(4439, 'STD033', '2025-12-09', 'B018', 'Aman Singh', 'Absent', 'Off', ''),
(4440, 'STD034', '2025-12-09', 'B018', 'Sangam Kumar Patel', 'Absent', 'Off', ''),
(4441, 'STD035', '2025-12-09', 'B018', 'Guru Prasad Yadav', 'Present', 'On', ''),
(4442, 'STD036', '2025-12-09', 'B018', 'Sawyam Dhar', 'Absent', 'Off', ''),
(4443, 'STD038', '2025-12-09', 'B018', 'Ajay Kumar', 'Present', 'On', ''),
(4444, 'STD039', '2025-12-09', 'B018', 'Parth Miruiya', 'Absent', 'Off', ''),
(4445, 'STD040', '2025-12-09', 'B018', 'Rahul Lad', 'Absent', 'Off', ''),
(4446, 'STD041', '2025-12-09', 'B018', 'Takshil Patel', 'Present', 'On', ''),
(4447, 'STD042', '2025-12-09', 'B018', 'Prem Tejash Patil', 'Present', 'On', 'semester exams goining on right now ( mailed alrady ) '),
(4448, 'STD043', '2025-12-09', 'B018', 'Suraj Kumar', 'Present', 'On', ''),
(4449, 'STD044', '2025-12-09', 'B018', 'Aditya Pratap Singh', 'Absent', 'Off', ''),
(4450, 'STD176', '2025-12-09', 'B018', 'Gulshan Kumar', 'Present', 'On', ''),
(4451, 'STD224', '2025-12-09', 'B018', 'Subrat  Sahoo', 'Present', 'On', ''),
(4452, 'STD225', '2025-12-09', 'B018', 'Subrat  Sahoo', 'Present', 'On', ''),
(4453, 'STD226', '2025-12-09', 'B018', 'Ankit  Mogha ', 'Absent', 'Off', ''),
(4454, 'STD227', '2025-12-09', 'B018', 'Lakshay  Singh Shekawat', 'Absent', 'Off', ''),
(4455, 'STD240', '2025-12-09', 'B018', 'Jitendra  Singh Pal', 'Absent', 'Off', 'have talked for shift in batch due to personal reasons '),
(4456, 'STD019', '2025-12-10', 'B018', 'Bhavya Wade', 'Present', 'On', ''),
(4457, 'STD020', '2025-12-10', 'B018', 'Kavya Wade', 'Present', 'On', ''),
(4458, 'STD021', '2025-12-10', 'B018', 'Amar Singh', 'Present', 'On', ''),
(4459, 'STD022', '2025-12-10', 'B018', 'Shardha Jadhav', 'Present', 'On', ''),
(4460, 'STD023', '2025-12-10', 'B018', 'Ananad Mishra', 'Present', 'On', ''),
(4461, 'STD024', '2025-12-10', 'B018', 'Anshu Kushwaha', 'Present', 'On', ''),
(4462, 'STD025', '2025-12-10', 'B018', 'Chandan Kumar', 'Present', 'On', ''),
(4463, 'STD026', '2025-12-10', 'B018', 'Melvin Babu', 'Present', 'On', ''),
(4464, 'STD027', '2025-12-10', 'B018', 'Kanishk Bhardwaj', 'Present', 'On', ''),
(4465, 'STD029', '2025-12-10', 'B018', 'Harvinder Singh', 'Absent', 'Off', 'fever'),
(4466, 'STD030', '2025-12-10', 'B018', 'Abhishek Sah', 'Absent', 'Off', 'Mother - unaware, will discuss '),
(4467, 'STD031', '2025-12-10', 'B018', 'Rahul Vinod Devkar', 'Present', 'On', ''),
(4468, 'STD032', '2025-12-10', 'B018', 'Vishal Kumar', 'Present', 'On', 'have to call'),
(4469, 'STD033', '2025-12-10', 'B018', 'Aman Singh', 'Absent', 'Off', 'message dropoed '),
(4470, 'STD034', '2025-12-10', 'B018', 'Sangam Kumar Patel', 'Absent', 'Off', ''),
(4471, 'STD035', '2025-12-10', 'B018', 'Guru Prasad Yadav', 'Present', 'On', ''),
(4472, 'STD036', '2025-12-10', 'B018', 'Sawyam Dhar', 'Absent', 'Off', 'only online Recding '),
(4473, 'STD038', '2025-12-10', 'B018', 'Ajay Kumar', 'Present', 'On', ''),
(4474, 'STD039', '2025-12-10', 'B018', 'Parth Miruiya', 'Absent', 'Off', 'have to calll'),
(4475, 'STD040', '2025-12-10', 'B018', 'Rahul Lad', 'Present', 'Off', ''),
(4476, 'STD041', '2025-12-10', 'B018', 'Takshil Patel', 'Present', 'On', ''),
(4477, 'STD042', '2025-12-10', 'B018', 'Prem Tejash Patil', 'Present', 'On', 'Exams are gining on'),
(4478, 'STD043', '2025-12-10', 'B018', 'Suraj Kumar', 'Present', 'On', ''),
(4479, 'STD044', '2025-12-10', 'B018', 'Aditya Pratap Singh', 'Present', 'On', ''),
(4480, 'STD176', '2025-12-10', 'B018', 'Gulshan Kumar', 'Present', 'On', ''),
(4481, 'STD224', '2025-12-10', 'B018', 'Subrat  Sahoo', 'Present', 'On', ''),
(4482, 'STD225', '2025-12-10', 'B018', 'Subrat  Sahoo', 'Present', 'On', ''),
(4483, 'STD226', '2025-12-10', 'B018', 'Ankit  Mogha ', 'Absent', 'Off', 'CNA , Message drop'),
(4484, 'STD227', '2025-12-10', 'B018', 'Lakshay  Singh Shekawat', 'Absent', 'Off', 'CNA, message drop '),
(4485, 'STD240', '2025-12-10', 'B018', 'Jitendra  Singh Pal', 'Absent', 'Off', 'might shift the batch (have to call once) '),
(4486, 'STD199', '2025-11-28', 'B014', 'Pradeep Sharma', 'Absent', 'Off', ''),
(4487, 'STD200', '2025-11-28', 'B014', 'Shyam Sunder Jangid', 'Present', 'On', ''),
(4488, 'STD202', '2025-11-28', 'B014', 'Om Shukla', 'Present', 'On', ''),
(4489, 'STD203', '2025-11-28', 'B014', 'Nitin Bhabhor', 'Absent', 'Off', ''),
(4490, 'STD204', '2025-11-28', 'B014', 'Ayush Jha', 'Absent', 'Off', ''),
(4491, 'STD205', '2025-11-28', 'B014', 'Sudip Mundal', 'Present', 'On', ''),
(4492, 'STD206', '2025-11-28', 'B014', 'Mohd  AijazuddinObaid', 'Present', 'On', ''),
(4493, 'STD207', '2025-11-28', 'B014', 'Rakesh  Mewada', 'Absent', 'Off', ''),
(4494, 'STD209', '2025-11-28', 'B014', 'Priyanshu Sharma', 'Absent', 'Off', ''),
(4495, 'STD210', '2025-11-28', 'B014', 'ABU TALAH M BAGWAN', 'Present', 'On', ''),
(4496, 'STD218', '2025-11-28', 'B014', 'Navneet  Singh', 'Absent', 'Off', ''),
(4497, 'STD219', '2025-11-28', 'B014', 'Rameshwar  Patil', 'Present', 'On', ''),
(4498, 'STD220', '2025-11-28', 'B014', 'Aditya  Kumar', 'Present', 'On', ''),
(4499, 'STD221', '2025-11-28', 'B014', 'Garvit  Mathur', 'Present', 'On', ''),
(4500, 'STD222', '2025-11-28', 'B014', 'Sandeep  Kumar', 'Present', 'On', ''),
(4501, 'STD223', '2025-11-28', 'B014', 'Pryank  kashyap', 'Present', 'On', ''),
(4502, 'STD199', '2025-12-01', 'B014', 'Pradeep Sharma', 'Present', 'Off', ''),
(4503, 'STD200', '2025-12-01', 'B014', 'Shyam Sunder Jangid', 'Present', 'Off', ''),
(4504, 'STD202', '2025-12-01', 'B014', 'Om Shukla', 'Present', 'Off', ''),
(4505, 'STD203', '2025-12-01', 'B014', 'Nitin Bhabhor', 'Absent', 'Off', ''),
(4506, 'STD204', '2025-12-01', 'B014', 'Ayush Jha', 'Absent', 'Off', ''),
(4507, 'STD205', '2025-12-01', 'B014', 'Sudip Mundal', 'Present', 'Off', ''),
(4508, 'STD206', '2025-12-01', 'B014', 'Mohd  AijazuddinObaid', 'Present', 'Off', ''),
(4509, 'STD207', '2025-12-01', 'B014', 'Rakesh  Mewada', 'Absent', 'Off', ''),
(4510, 'STD209', '2025-12-01', 'B014', 'Priyanshu Sharma', 'Absent', 'Off', ''),
(4511, 'STD210', '2025-12-01', 'B014', 'ABU TALAH M BAGWAN', 'Absent', 'Off', ''),
(4512, 'STD218', '2025-12-01', 'B014', 'Navneet  Singh', 'Absent', 'Off', ''),
(4513, 'STD219', '2025-12-01', 'B014', 'Rameshwar  Patil', 'Present', 'Off', ''),
(4514, 'STD220', '2025-12-01', 'B014', 'Aditya  Kumar', 'Present', 'Off', ''),
(4515, 'STD221', '2025-12-01', 'B014', 'Garvit  Mathur', 'Absent', 'Off', ''),
(4516, 'STD222', '2025-12-01', 'B014', 'Sandeep  Kumar', 'Present', 'Off', ''),
(4517, 'STD223', '2025-12-01', 'B014', 'Pryank  kashyap', 'Present', 'Off', ''),
(4518, 'STD199', '2025-12-02', 'B014', 'Pradeep Sharma', 'Present', 'Off', ''),
(4519, 'STD200', '2025-12-02', 'B014', 'Shyam Sunder Jangid', 'Present', 'Off', ''),
(4520, 'STD202', '2025-12-02', 'B014', 'Om Shukla', 'Present', 'Off', ''),
(4521, 'STD203', '2025-12-02', 'B014', 'Nitin Bhabhor', 'Absent', 'Off', ''),
(4522, 'STD204', '2025-12-02', 'B014', 'Ayush Jha', 'Absent', 'Off', ''),
(4523, 'STD205', '2025-12-02', 'B014', 'Sudip Mundal', 'Present', 'Off', ''),
(4524, 'STD206', '2025-12-02', 'B014', 'Mohd  AijazuddinObaid', 'Present', 'Off', ''),
(4525, 'STD207', '2025-12-02', 'B014', 'Rakesh  Mewada', 'Absent', 'Off', ''),
(4526, 'STD209', '2025-12-02', 'B014', 'Priyanshu Sharma', 'Absent', 'Off', ''),
(4527, 'STD210', '2025-12-02', 'B014', 'ABU TALAH M BAGWAN', 'Absent', 'Off', ''),
(4528, 'STD218', '2025-12-02', 'B014', 'Navneet  Singh', 'Absent', 'Off', ''),
(4529, 'STD219', '2025-12-02', 'B014', 'Rameshwar  Patil', 'Absent', 'Off', ''),
(4530, 'STD220', '2025-12-02', 'B014', 'Aditya  Kumar', 'Present', 'Off', ''),
(4531, 'STD221', '2025-12-02', 'B014', 'Garvit  Mathur', 'Present', 'Off', ''),
(4532, 'STD222', '2025-12-02', 'B014', 'Sandeep  Kumar', 'Present', 'Off', ''),
(4533, 'STD223', '2025-12-02', 'B014', 'Pryank  kashyap', 'Present', 'Off', ''),
(4534, 'STD199', '2025-12-04', 'B014', 'Pradeep Sharma', 'Present', 'Off', ''),
(4535, 'STD200', '2025-12-04', 'B014', 'Shyam Sunder Jangid', 'Absent', 'Off', ''),
(4536, 'STD202', '2025-12-04', 'B014', 'Om Shukla', 'Present', 'Off', ''),
(4537, 'STD203', '2025-12-04', 'B014', 'Nitin Bhabhor', 'Absent', 'Off', ''),
(4538, 'STD204', '2025-12-04', 'B014', 'Ayush Jha', 'Absent', 'Off', ''),
(4539, 'STD205', '2025-12-04', 'B014', 'Sudip Mundal', 'Absent', 'Off', ''),
(4540, 'STD206', '2025-12-04', 'B014', 'Mohd  AijazuddinObaid', 'Present', 'Off', ''),
(4541, 'STD207', '2025-12-04', 'B014', 'Rakesh  Mewada', 'Absent', 'Off', ''),
(4542, 'STD209', '2025-12-04', 'B014', 'Priyanshu Sharma', 'Absent', 'Off', ''),
(4543, 'STD210', '2025-12-04', 'B014', 'ABU TALAH M BAGWAN', 'Absent', 'Off', ''),
(4544, 'STD218', '2025-12-04', 'B014', 'Navneet  Singh', 'Absent', 'Off', ''),
(4545, 'STD219', '2025-12-04', 'B014', 'Rameshwar  Patil', 'Present', 'Off', ''),
(4546, 'STD220', '2025-12-04', 'B014', 'Aditya  Kumar', 'Present', 'Off', ''),
(4547, 'STD221', '2025-12-04', 'B014', 'Garvit  Mathur', 'Present', 'Off', ''),
(4548, 'STD222', '2025-12-04', 'B014', 'Sandeep  Kumar', 'Present', 'Off', ''),
(4549, 'STD223', '2025-12-04', 'B014', 'Pryank  kashyap', 'Present', 'Off', ''),
(4550, 'STD199', '2025-12-05', 'B014', 'Pradeep Sharma', 'Absent', 'Off', ''),
(4551, 'STD200', '2025-12-05', 'B014', 'Shyam Sunder Jangid', 'Absent', 'Off', ''),
(4552, 'STD202', '2025-12-05', 'B014', 'Om Shukla', 'Absent', 'Off', ''),
(4553, 'STD203', '2025-12-05', 'B014', 'Nitin Bhabhor', 'Absent', 'Off', ''),
(4554, 'STD204', '2025-12-05', 'B014', 'Ayush Jha', 'Absent', 'Off', ''),
(4555, 'STD205', '2025-12-05', 'B014', 'Sudip Mundal', 'Present', 'Off', ''),
(4556, 'STD206', '2025-12-05', 'B014', 'Mohd  AijazuddinObaid', 'Present', 'Off', ''),
(4557, 'STD207', '2025-12-05', 'B014', 'Rakesh  Mewada', 'Absent', 'Off', ''),
(4558, 'STD209', '2025-12-05', 'B014', 'Priyanshu Sharma', 'Present', 'Off', ''),
(4559, 'STD210', '2025-12-05', 'B014', 'ABU TALAH M BAGWAN', 'Absent', 'Off', ''),
(4560, 'STD218', '2025-12-05', 'B014', 'Navneet  Singh', 'Absent', 'Off', ''),
(4561, 'STD219', '2025-12-05', 'B014', 'Rameshwar  Patil', 'Present', 'Off', ''),
(4562, 'STD220', '2025-12-05', 'B014', 'Aditya  Kumar', 'Absent', 'Off', ''),
(4563, 'STD221', '2025-12-05', 'B014', 'Garvit  Mathur', 'Present', 'Off', ''),
(4564, 'STD222', '2025-12-05', 'B014', 'Sandeep  Kumar', 'Present', 'Off', ''),
(4565, 'STD223', '2025-12-05', 'B014', 'Pryank  kashyap', 'Absent', 'Off', ''),
(4566, 'STD004', '2025-12-11', 'B028', 'Mohit Yadav', 'Present', 'On', ''),
(4567, 'STD009', '2025-12-11', 'B028', 'Himanshu Saini', 'Present', 'On', ''),
(4568, 'STD011', '2025-12-11', 'B028', 'Rohit Prajapati', 'Present', 'On', ''),
(4569, 'STD018', '2025-12-11', 'B028', 'Aditya Yadav', 'Present', 'On', ''),
(4570, 'STD098', '2025-12-11', 'B028', 'Shruti Jethlia', 'Present', 'On', ''),
(4571, 'STD104', '2025-12-11', 'B028', 'Rahul Sahu', 'Present', 'On', ''),
(4572, 'STD201', '2025-12-11', 'B028', 'Harsh  Raj', 'Present', 'On', ''),
(4573, 'STD212', '2025-12-11', 'B028', 'Shriram Harishchandra Darunte', 'Absent', 'Off', ''),
(4574, 'STD228', '2025-12-11', 'B028', 'Sunil Choudhary', 'Present', 'On', ''),
(4575, 'STD229', '2025-12-11', 'B028', 'Rakesh Kumar', 'Absent', 'Off', ''),
(4576, 'STD230', '2025-12-11', 'B028', 'Darshan Shidenur', 'Absent', 'Off', ''),
(4577, 'STD231', '2025-12-11', 'B028', 'Vinit Kumar', 'Present', 'On', ''),
(4578, 'STD232', '2025-12-11', 'B028', 'Mohit Kumawat', 'Absent', 'Off', ''),
(4579, 'STD233', '2025-12-11', 'B028', 'Mahesh Kumawat', 'Present', 'On', ''),
(4580, 'STD234', '2025-12-11', 'B028', 'Keval Fatkure', 'Present', 'On', ''),
(4581, 'STD235', '2025-12-11', 'B028', 'Krishankant Suman', 'Present', 'On', ''),
(4582, 'STD127', '2025-12-01', 'B016', 'Vishal Kumar', 'Present', 'On', ''),
(4583, 'STD130', '2025-12-01', 'B016', 'Krishna Sahu', 'Present', 'On', ''),
(4584, 'STD134', '2025-12-01', 'B016', 'Pawan Tanwar', 'Absent', 'Off', ''),
(4585, 'STD135', '2025-12-01', 'B016', 'Sanjeev Kumar Yadav', 'Present', 'On', ''),
(4586, 'STD139', '2025-12-01', 'B016', 'Ruchika -', 'Absent', 'Off', ''),
(4587, 'STD140', '2025-12-01', 'B016', 'Mahesh Kumar Dayal', 'Absent', 'Off', ''),
(4588, 'STD142', '2025-12-01', 'B016', 'Harushikesh Nehete', 'Present', 'On', ''),
(4589, 'STD143', '2025-12-01', 'B016', 'Praveen Kumar Kashyap', 'Present', 'On', ''),
(4590, 'STD144', '2025-12-01', 'B016', 'Sandeep Kumar', 'Present', 'On', ''),
(4591, 'STD145', '2025-12-01', 'B016', 'Abhishek Mahato', 'Absent', 'Off', ''),
(4592, 'STD146', '2025-12-01', 'B016', 'Uttam Nishad', 'Present', 'On', ''),
(4593, 'STD149', '2025-12-01', 'B016', 'Pankaj Kewat', 'Present', 'On', ''),
(4594, 'STD150', '2025-12-01', 'B016', 'Ayush Sahu', 'Present', 'On', ''),
(4595, 'STD151', '2025-12-01', 'B016', 'Ashish Kumar', 'Absent', 'Off', ''),
(4596, 'STD152', '2025-12-01', 'B016', 'Lakshay Parashar', 'Absent', 'Off', ''),
(4597, 'STD153', '2025-12-01', 'B016', 'Ronit Hazra', 'Present', 'On', ''),
(4598, 'STD154', '2025-12-01', 'B016', 'Prachi Dahiya', 'Absent', 'Off', ''),
(4599, 'STD155', '2025-12-01', 'B016', 'Harshit Rathore', 'Absent', 'Off', ''),
(4600, 'STD158', '2025-12-01', 'B012', 'Vinit Kumar', 'Absent', 'Off', ''),
(4601, 'STD197', '2025-12-01', 'B016', 'Muhammed Feroz', 'Absent', 'Off', ''),
(4602, 'STD198', '2025-12-01', 'B016', 'Jasmail  Online', 'Present', 'On', ''),
(4603, 'STD211', '2025-12-01', 'B016', 'Aarti Patil', 'Present', 'On', ''),
(4604, 'STD213', '2025-12-01', 'B016', 'Vivek Pal', 'Absent', 'Off', ''),
(4605, 'STD236', '2025-12-01', 'B016', 'Sudesh  Devadhe', 'Absent', 'Off', ''),
(4606, 'STD237', '2025-12-01', 'B016', 'Ritesh  Kumar', 'Present', 'On', ''),
(4607, 'STD238', '2025-12-01', 'B016', 'Shivaraj   samgonda Patil ', 'Present', 'On', ''),
(4608, 'STD239', '2025-12-01', 'B016', 'Sai Kalyan  Mundlur', 'Present', 'Off', ''),
(4609, 'STD127', '2025-12-04', 'B016', 'Vishal Kumar', 'Present', 'On', ''),
(4610, 'STD130', '2025-12-04', 'B016', 'Krishna Sahu', 'Absent', 'Off', ''),
(4611, 'STD134', '2025-12-04', 'B016', 'Pawan Tanwar', 'Absent', 'Off', ''),
(4612, 'STD135', '2025-12-04', 'B016', 'Sanjeev Kumar Yadav', 'Present', 'On', ''),
(4613, 'STD139', '2025-12-04', 'B016', 'Ruchika -', 'Present', 'On', ''),
(4614, 'STD140', '2025-12-04', 'B016', 'Mahesh Kumar Dayal', 'Absent', 'Off', ''),
(4615, 'STD142', '2025-12-04', 'B016', 'Harushikesh Nehete', 'Absent', 'Off', ''),
(4616, 'STD143', '2025-12-04', 'B016', 'Praveen Kumar Kashyap', 'Present', 'On', ''),
(4617, 'STD144', '2025-12-04', 'B016', 'Sandeep Kumar', 'Present', 'On', ''),
(4618, 'STD145', '2025-12-04', 'B016', 'Abhishek Mahato', 'Absent', 'Off', ''),
(4619, 'STD146', '2025-12-04', 'B016', 'Uttam Nishad', 'Present', 'On', ''),
(4620, 'STD149', '2025-12-04', 'B016', 'Pankaj Kewat', 'Present', 'On', ''),
(4621, 'STD150', '2025-12-04', 'B016', 'Ayush Sahu', 'Present', 'On', ''),
(4622, 'STD151', '2025-12-04', 'B016', 'Ashish Kumar', 'Absent', 'Off', ''),
(4623, 'STD152', '2025-12-04', 'B016', 'Lakshay Parashar', 'Absent', 'Off', ''),
(4624, 'STD153', '2025-12-04', 'B016', 'Ronit Hazra', 'Present', 'On', 'sahil and saiyad '),
(4625, 'STD154', '2025-12-04', 'B016', 'Prachi Dahiya', 'Absent', 'Off', ''),
(4626, 'STD155', '2025-12-04', 'B016', 'Harshit Rathore', 'Absent', 'Off', ''),
(4627, 'STD158', '2025-12-04', 'B012', 'Vinit Kumar', 'Absent', 'Off', ''),
(4628, 'STD197', '2025-12-04', 'B016', 'Muhammed Feroz', 'Absent', 'Off', ''),
(4629, 'STD198', '2025-12-04', 'B016', 'Jasmail  Online', 'Present', 'On', ''),
(4630, 'STD211', '2025-12-04', 'B016', 'Aarti Patil', 'Present', 'On', ''),
(4631, 'STD213', '2025-12-04', 'B016', 'Vivek Pal', 'Present', 'On', ''),
(4632, 'STD236', '2025-12-04', 'B016', 'Sudesh  Devadhe', 'Absent', 'Off', ''),
(4633, 'STD237', '2025-12-04', 'B016', 'Ritesh  Kumar', 'Present', 'On', ''),
(4634, 'STD238', '2025-12-04', 'B016', 'Shivaraj   samgonda Patil ', 'Present', 'Off', 'samuya '),
(4635, 'STD239', '2025-12-04', 'B016', 'Sai Kalyan  Mundlur', 'Present', 'On', ''),
(4636, 'STD127', '2025-12-05', 'B016', 'Vishal Kumar', 'Present', 'On', ''),
(4637, 'STD130', '2025-12-05', 'B016', 'Krishna Sahu', 'Absent', 'Off', ''),
(4638, 'STD134', '2025-12-05', 'B016', 'Pawan Tanwar', 'Absent', 'Off', ''),
(4639, 'STD135', '2025-12-05', 'B016', 'Sanjeev Kumar Yadav', 'Absent', 'Off', ''),
(4640, 'STD139', '2025-12-05', 'B016', 'Ruchika -', 'Present', 'On', ''),
(4641, 'STD140', '2025-12-05', 'B016', 'Mahesh Kumar Dayal', 'Absent', 'Off', ''),
(4642, 'STD142', '2025-12-05', 'B016', 'Harushikesh Nehete', 'Present', 'On', ''),
(4643, 'STD143', '2025-12-05', 'B016', 'Praveen Kumar Kashyap', 'Present', 'On', ''),
(4644, 'STD144', '2025-12-05', 'B016', 'Sandeep Kumar', 'Absent', 'Off', ''),
(4645, 'STD145', '2025-12-05', 'B016', 'Abhishek Mahato', 'Absent', 'Off', ''),
(4646, 'STD146', '2025-12-05', 'B016', 'Uttam Nishad', 'Present', 'On', ''),
(4647, 'STD149', '2025-12-05', 'B016', 'Pankaj Kewat', 'Present', 'On', ''),
(4648, 'STD150', '2025-12-05', 'B016', 'Ayush Sahu', 'Present', 'On', ''),
(4649, 'STD151', '2025-12-05', 'B016', 'Ashish Kumar', 'Absent', 'Off', ''),
(4650, 'STD152', '2025-12-05', 'B016', 'Lakshay Parashar', 'Absent', 'Off', ''),
(4651, 'STD153', '2025-12-05', 'B016', 'Ronit Hazra', 'Present', 'On', ''),
(4652, 'STD154', '2025-12-05', 'B016', 'Prachi Dahiya', 'Absent', 'Off', ''),
(4653, 'STD155', '2025-12-05', 'B016', 'Harshit Rathore', 'Absent', 'Off', ''),
(4654, 'STD175', '2025-12-05', 'B016', 'Saiyed Mohammed Sahil', 'Present', 'On', ''),
(4655, 'STD192', '2025-12-05', 'B016', 'Sahil -', 'Present', 'On', ''),
(4656, 'STD197', '2025-12-05', 'B016', 'Muhammed Feroz', 'Absent', 'Off', ''),
(4657, 'STD198', '2025-12-05', 'B016', 'Jasmail  Online', 'Present', 'On', ''),
(4658, 'STD211', '2025-12-05', 'B016', 'Aarti Patil', 'Present', 'On', ''),
(4659, 'STD213', '2025-12-05', 'B016', 'Vivek Pal', 'Present', 'On', ''),
(4660, 'STD236', '2025-12-05', 'B016', 'Sudesh  Devadhe', 'Present', 'On', ''),
(4661, 'STD237', '2025-12-05', 'B016', 'Ritesh  Kumar', 'Present', 'On', ''),
(4662, 'STD238', '2025-12-05', 'B016', 'Shivaraj   samgonda Patil ', 'Absent', 'Off', ''),
(4663, 'STD239', '2025-12-05', 'B016', 'Sai Kalyan  Mundlur', 'Present', 'On', ''),
(4664, 'STD127', '2025-12-09', 'B016', 'Vishal Kumar', 'Present', 'On', ''),
(4665, 'STD130', '2025-12-09', 'B016', 'Krishna Sahu', 'Present', 'On', ''),
(4666, 'STD134', '2025-12-09', 'B016', 'Pawan Tanwar', 'Present', 'On', ''),
(4667, 'STD135', '2025-12-09', 'B016', 'Sanjeev Kumar Yadav', 'Absent', 'Off', ''),
(4668, 'STD139', '2025-12-09', 'B016', 'Ruchika -', 'Absent', 'Off', ''),
(4669, 'STD140', '2025-12-09', 'B016', 'Mahesh Kumar Dayal', 'Absent', 'Off', 'raza present '),
(4670, 'STD142', '2025-12-09', 'B016', 'Harushikesh Nehete', 'Present', 'On', ''),
(4671, 'STD143', '2025-12-09', 'B016', 'Praveen Kumar Kashyap', 'Present', 'On', ''),
(4672, 'STD144', '2025-12-09', 'B016', 'Sandeep Kumar', 'Absent', 'Off', ''),
(4673, 'STD145', '2025-12-09', 'B016', 'Abhishek Mahato', 'Absent', 'Off', ''),
(4674, 'STD146', '2025-12-09', 'B016', 'Uttam Nishad', 'Present', 'On', ''),
(4675, 'STD149', '2025-12-09', 'B016', 'Pankaj Kewat', 'Present', 'On', ''),
(4676, 'STD150', '2025-12-09', 'B016', 'Ayush Sahu', 'Present', 'On', ''),
(4677, 'STD151', '2025-12-09', 'B016', 'Ashish Kumar', 'Absent', 'Off', ''),
(4678, 'STD152', '2025-12-09', 'B016', 'Lakshay Parashar', 'Absent', 'Off', ''),
(4679, 'STD153', '2025-12-09', 'B016', 'Ronit Hazra', 'Present', 'On', ''),
(4680, 'STD154', '2025-12-09', 'B016', 'Prachi Dahiya', 'Absent', 'Off', ''),
(4681, 'STD155', '2025-12-09', 'B016', 'Harshit Rathore', 'Absent', 'Off', ''),
(4682, 'STD175', '2025-12-09', 'B016', 'Saiyed Mohammed Sahil', 'Present', 'On', ''),
(4683, 'STD192', '2025-12-09', 'B016', 'Sahil -', 'Absent', 'Off', ''),
(4684, 'STD197', '2025-12-09', 'B016', 'Muhammed Feroz', 'Absent', 'Off', ''),
(4685, 'STD198', '2025-12-09', 'B016', 'Jasmail  Online', 'Present', 'On', ''),
(4686, 'STD211', '2025-12-09', 'B016', 'Aarti Patil', 'Present', 'On', ''),
(4687, 'STD213', '2025-12-09', 'B016', 'Vivek Pal', 'Absent', 'Off', ''),
(4688, 'STD236', '2025-12-09', 'B016', 'Sudesh  Devadhe', 'Absent', 'Off', ''),
(4689, 'STD237', '2025-12-09', 'B016', 'Ritesh  Kumar', 'Present', 'On', ''),
(4690, 'STD238', '2025-12-09', 'B016', 'Shivaraj   samgonda Patil ', 'Absent', 'Off', ''),
(4691, 'STD239', '2025-12-09', 'B016', 'Sai Kalyan  Mundlur', 'Present', 'On', ''),
(4692, 'STD241', '2025-12-09', 'B016', 'Saumya Bari', 'Present', 'On', ''),
(4693, 'STD127', '2025-12-10', 'B016', 'Vishal Kumar', 'Present', 'On', ''),
(4694, 'STD130', '2025-12-10', 'B016', 'Krishna Sahu', 'Absent', 'Off', 'raza'),
(4695, 'STD134', '2025-12-10', 'B016', 'Pawan Tanwar', 'Absent', 'Off', ''),
(4696, 'STD135', '2025-12-10', 'B016', 'Sanjeev Kumar Yadav', 'Present', 'On', ''),
(4697, 'STD139', '2025-12-10', 'B016', 'Ruchika -', 'Present', 'On', ''),
(4698, 'STD140', '2025-12-10', 'B016', 'Mahesh Kumar Dayal', 'Absent', 'Off', ''),
(4699, 'STD142', '2025-12-10', 'B016', 'Harushikesh Nehete', 'Absent', 'Off', ''),
(4700, 'STD143', '2025-12-10', 'B016', 'Praveen Kumar Kashyap', 'Present', 'On', ''),
(4701, 'STD144', '2025-12-10', 'B016', 'Sandeep Kumar', 'Absent', 'Off', ''),
(4702, 'STD145', '2025-12-10', 'B016', 'Abhishek Mahato', 'Absent', 'Off', ''),
(4703, 'STD146', '2025-12-10', 'B016', 'Uttam Nishad', 'Present', 'On', ''),
(4704, 'STD149', '2025-12-10', 'B016', 'Pankaj Kewat', 'Absent', 'Off', ''),
(4705, 'STD150', '2025-12-10', 'B016', 'Ayush Sahu', 'Absent', 'Off', ''),
(4706, 'STD151', '2025-12-10', 'B016', 'Ashish Kumar', 'Absent', 'Off', ''),
(4707, 'STD152', '2025-12-10', 'B016', 'Lakshay Parashar', 'Absent', 'Off', ''),
(4708, 'STD153', '2025-12-10', 'B016', 'Ronit Hazra', 'Present', 'On', ''),
(4709, 'STD154', '2025-12-10', 'B016', 'Prachi Dahiya', 'Absent', 'Off', ''),
(4710, 'STD155', '2025-12-10', 'B016', 'Harshit Rathore', 'Absent', 'Off', ''),
(4711, 'STD175', '2025-12-10', 'B016', 'Saiyed Mohammed Sahil', 'Present', 'On', ''),
(4712, 'STD192', '2025-12-10', 'B016', 'Sahil -', 'Absent', 'Off', ''),
(4713, 'STD197', '2025-12-10', 'B016', 'Muhammed Feroz', 'Absent', 'Off', ''),
(4714, 'STD198', '2025-12-10', 'B016', 'Jasmail  Online', 'Present', 'On', ''),
(4715, 'STD211', '2025-12-10', 'B016', 'Aarti Patil', 'Present', 'On', ''),
(4716, 'STD213', '2025-12-10', 'B016', 'Vivek Pal', 'Present', 'On', ''),
(4717, 'STD236', '2025-12-10', 'B016', 'Sudesh  Devadhe', 'Absent', 'Off', ''),
(4718, 'STD237', '2025-12-10', 'B016', 'Ritesh  Kumar', 'Present', 'On', ''),
(4719, 'STD238', '2025-12-10', 'B016', 'Shivaraj   samgonda Patil ', 'Present', 'On', ''),
(4720, 'STD239', '2025-12-10', 'B016', 'Sai Kalyan  Mundlur', 'Present', 'On', ''),
(4721, 'STD241', '2025-12-10', 'B016', 'Saumya Bari', 'Present', 'On', '');

-- --------------------------------------------------------

--
-- Table structure for table `batches`
--

CREATE TABLE `batches` (
  `batch_id` varchar(10) NOT NULL,
  `batch_name` varchar(59) DEFAULT NULL,
  `start_date` date DEFAULT NULL,
  `end_date` date DEFAULT NULL,
  `time_slot` varchar(50) DEFAULT NULL,
  `platform` varchar(100) DEFAULT NULL,
  `meeting_link` varchar(2083) DEFAULT NULL,
  `max_students` int(11) DEFAULT NULL,
  `current_enrollment` int(11) DEFAULT 0,
  `academic_year` varchar(20) DEFAULT NULL,
  `batch_mentor_id` int(11) DEFAULT NULL,
  `mode` enum('online','offline') DEFAULT 'online',
  `status` enum('upcoming','ongoing','completed','cancelled') DEFAULT 'upcoming',
  `created_at` timestamp NOT NULL DEFAULT current_timestamp(),
  `created_by` int(11) DEFAULT NULL
) ENGINE=InnoDB DEFAULT CHARSET=utf8mb4 COLLATE=utf8mb4_general_ci;

--
-- Dumping data for table `batches`
--

INSERT INTO `batches` (`batch_id`, `batch_name`, `start_date`, `end_date`, `time_slot`, `platform`, `meeting_link`, `max_students`, `current_enrollment`, `academic_year`, `batch_mentor_id`, `mode`, `status`, `created_at`, `created_by`) VALUES
('B001', 'Offline Windows Server', '2025-09-22', '2025-10-24', '10:30 AM -12:00 PM', 'Zoom', 'https://zoom.us/j/1234567890', 19, 18, '2025-2026', 17, 'offline', 'ongoing', '2024-11-30 18:30:00', 1),
('B002', 'VAPT (Cyber Security)', '2025-09-01', '2025-09-18', '08:00-09:00 ', 'Google Meet', 'https://meet.google.com/eiq-hjjn-ngo', 31, 28, '2025-2026', 2, 'online', 'completed', '2025-09-05 09:13:33', 1),
('B003', 'Python ', '2025-08-04', '2025-09-12', '09:00-10:00', 'Google Meet', 'https://meet.google.com/kfq-kerk-usd', 45, 3, '2025-2026', 3, 'online', 'completed', '2025-09-05 09:18:24', 1),
('B004', 'Networking', '2025-08-25', '2025-10-15', '09:00-10:00', 'Google Meet', 'https://meet.google.com/mso-yvye-ump', 34, 6, '2025-2026', 15, 'online', 'completed', '2025-09-05 09:20:57', 1),
('B005', 'CEH Academy', '2025-09-30', '2025-11-15', '08:30-10:00 ', 'Google Meet', 'https://meet.google.com/kdb-iqkd-zwy', 26, 19, '2025-2026', 16, 'online', 'completed', '2025-09-05 09:24:29', 1),
('B006', 'P - SOC', '2025-10-07', '2025-11-11', '09:00 - 10:30 PM', 'Google Meet', 'https://meet.google.com/hzg-anoo-xdg', 26, 0, '2025-2026', 18, 'online', 'completed', '2025-09-05 09:27:20', 1),
('B007', 'CEH July Batch', '2025-08-18', '2025-10-04', '08:00-09:00 PM', 'Google Meet', 'https://meet.google.com/icb-oouu-gxo', 14, 13, '2025-2026', 2, 'online', 'completed', '2025-09-05 09:29:28', 1),
('B008', '(W) SOC BATCH ', '2025-09-24', '2025-10-25', '08:00-09:00 ', 'Google Meet', 'https://meet.google.com/bvv-tocn-kdd', 23, 0, '2025-2026', 18, 'online', 'ongoing', '2025-09-25 07:22:38', 1),
('B009', 'Networking Sept.', '2025-09-23', '2025-11-04', '08:00-09:00 PM', 'Google Meet', 'https://meet.google.com/tsz-radd-ofv', 33, 0, '2025-2026', 15, 'online', 'completed', '2025-09-25 07:23:48', 1),
('B010', 'Python - J1', '2025-10-22', '2025-11-30', '08:30 PM -09:30 PM', 'Google Meet', '', 26, 23, '2025-2026', 3, 'online', 'completed', '2025-10-10 09:40:10', 1),
('B011', 'WIndows Server - E2', '2025-10-22', '2025-11-30', '08:00 PM - 10:00 PM', 'Google Meet', '', 37, 36, '2025-2026', 19, 'online', 'completed', '2025-10-17 07:24:25', 1),
('B012', 'SOC', '2025-11-04', '2025-12-09', '08:00-09:00 PM', '', '', 30, 0, '2025-2026', 19, 'online', 'upcoming', '2025-10-17 07:31:06', 1),
('B013', 'July VAPT', '2025-11-04', '2025-12-20', '08:00-09:00 PM', 'Google Meet', '', 20, 0, '2025-2026', 19, 'online', 'completed', '2025-10-17 07:34:52', 1),
('B014', 'Python Nov ( veshali)', '2025-11-25', '2026-01-27', '08:30-10:00 PM', 'Google Meet', 'https://meet.google.com/trq-dnxa-ccy', 20, 14, '2025-2026', 19, 'online', 'ongoing', '2025-10-17 07:37:07', 1),
('B015', 'Linux Fundamental', '2025-11-19', '2025-12-21', '08:00-09:00 PM', 'Google Meet', '', 33, 0, '2025-2026', 19, 'online', 'ongoing', '2025-10-17 07:39:16', 1),
('B016', 'VAPT (R01/12)', '2025-12-01', '2026-01-12', '08:00-09:00 PM', 'Google Meet', 'https://meet.google.com/oso-tcpm-xvk', 30, 23, '2025-2026', 8, 'online', 'ongoing', '2025-10-17 07:43:31', 1),
('B017', 'WIndows Server ', '2025-12-01', '2025-12-31', '08:00-09:00 PM', 'Google Meet', '', 43, 0, '2025-2026', 19, 'online', 'upcoming', '2025-10-17 07:46:08', 1),
('B018', 'Linux Fundamental (27/11)', '2025-11-27', '2025-12-28', '09:00-10:00 PM', 'Google Meet', 'https://meet.google.com/ske-yaok-duj', 40, 33, '2025-2026', 16, 'online', 'ongoing', '2025-10-17 07:49:40', 1),
('B019', 'CEH', '2025-12-23', '2026-02-05', '08:00-09:00 PM', 'Google Meet', '', 30, 0, '2025-2026', 19, 'online', 'upcoming', '2025-10-17 07:52:23', 1),
('B020', 'Mobile App Testing', '2025-12-23', '2026-01-17', '08:00-09:00 PM', 'Google Meet', '', 15, 0, '2025-2026', 19, 'online', 'upcoming', '2025-10-17 07:56:20', 1),
('B021', 'API Testing', '2026-01-19', '2026-02-12', '08:00-09:00 PM', 'Google Meet', '', 15, 0, '2025-2026', 19, 'online', 'upcoming', '2025-10-17 07:58:31', 1),
('B022', 'VAPT', '2026-02-06', '2026-03-29', '08:00-09:00 PM', 'Google Meet', '', 33, 0, '2025-2026', 19, 'online', 'upcoming', '2025-10-17 08:00:20', 1),
('B023', 'Source Code Review', '0026-02-13', '2026-05-04', '08:00-09:00 PM', 'Google Meet', '', 15, 0, '2025-2026', 19, 'online', 'upcoming', '2025-10-17 08:01:47', 1),
('B024', 'WIndows Server- P Batch', '2026-01-01', '2026-01-31', '08:00-09:00 PM', 'Google Meet', '', 25, 0, '2025-2026', 19, 'online', 'upcoming', '2025-10-17 08:04:32', 1),
('B025', 'CEH - F1 Batch', '2026-01-22', '2026-03-12', '08:00-09:00 PM', '', '', 30, 0, '2025-2026', 19, 'online', 'upcoming', '2025-10-17 08:10:52', 1),
('B026', 'VAPT - D Batch', '2026-02-06', '2026-03-29', '08:00-09:00 PM', 'Google Meet', '', 33, 0, '2025-2026', 19, 'online', 'upcoming', '2025-10-17 08:12:24', 1),
('B027', 'VAPT - F1 Batch', '2026-03-13', '2026-05-05', '08:00-09:00 PM', 'Google Meet', '', 30, 0, '2025-2026', 19, 'online', 'upcoming', '2025-10-17 08:13:25', 1),
('B028', 'Offline Academy - B Batch (Networking)', '2025-10-04', '2026-01-10', '02:30 PM - 4:00 PM', 'Google Meet', 'https://meet.google.com/hzg-anoo-xdg', 20, 0, '2025-2026', 1, 'online', 'ongoing', '2025-12-05 08:16:31', 1);

-- --------------------------------------------------------

--
-- Table structure for table `batch_uploads`
--

CREATE TABLE `batch_uploads` (
  `id` int(11) NOT NULL,
  `upload_id` int(11) NOT NULL,
  `batch_id` varchar(10) NOT NULL
) ENGINE=InnoDB DEFAULT CHARSET=utf8mb4 COLLATE=utf8mb4_general_ci;

--
-- Dumping data for table `batch_uploads`
--

INSERT INTO `batch_uploads` (`id`, `upload_id`, `batch_id`) VALUES
(16, 16, 'B028'),
(17, 17, 'B028'),
(18, 18, 'B028');

-- --------------------------------------------------------

--
-- Table structure for table `certificate_templates`
--

CREATE TABLE `certificate_templates` (
  `id` int(11) NOT NULL,
  `workshop_id` varchar(10) NOT NULL,
  `template_path` varchar(255) NOT NULL,
  `created_at` timestamp NOT NULL DEFAULT current_timestamp(),
  `created_by` int(11) NOT NULL
) ENGINE=InnoDB DEFAULT CHARSET=utf8mb4 COLLATE=utf8mb4_general_ci;

-- --------------------------------------------------------

--
-- Table structure for table `chat_attachments`
--

CREATE TABLE `chat_attachments` (
  `id` int(11) NOT NULL,
  `message_id` int(11) NOT NULL,
  `file_name` varchar(255) NOT NULL,
  `file_path` varchar(255) NOT NULL,
  `file_size` int(11) NOT NULL,
  `file_type` varchar(100) NOT NULL,
  `created_at` timestamp NOT NULL DEFAULT current_timestamp()
) ENGINE=InnoDB DEFAULT CHARSET=utf8mb4 COLLATE=utf8mb4_general_ci;

-- --------------------------------------------------------

--
-- Table structure for table `chat_conversations`
--

CREATE TABLE `chat_conversations` (
  `id` int(11) NOT NULL,
  `conversation_type` enum('admin_student','admin_batch') NOT NULL,
  `admin_id` int(11) NOT NULL,
  `student_id` varchar(50) DEFAULT NULL,
  `batch_id` varchar(10) DEFAULT NULL,
  `created_at` timestamp NOT NULL DEFAULT current_timestamp(),
  `updated_at` timestamp NOT NULL DEFAULT current_timestamp() ON UPDATE current_timestamp(),
  `is_active` tinyint(1) DEFAULT 1
) ENGINE=InnoDB DEFAULT CHARSET=utf8mb4 COLLATE=utf8mb4_general_ci;

--
-- Dumping data for table `chat_conversations`
--

INSERT INTO `chat_conversations` (`id`, `conversation_type`, `admin_id`, `student_id`, `batch_id`, `created_at`, `updated_at`, `is_active`) VALUES
(1, 'admin_student', 1, 'STD001', NULL, '2025-08-20 15:54:16', '2025-09-08 13:04:38', 0),
(2, 'admin_student', 1, 'STD002', NULL, '2025-09-01 17:39:39', '2025-09-08 13:04:38', 0),
(3, 'admin_batch', 1, NULL, 'B001', '2025-09-01 17:40:42', '2025-10-13 07:17:22', 1),
(4, 'admin_student', 1, 'STD099', NULL, '2025-09-27 07:52:07', '2025-09-27 07:54:25', 1),
(5, 'admin_student', 1, 'STD116', NULL, '2025-10-03 09:33:47', '2025-10-03 09:33:55', 1),
(6, 'admin_student', 1, 'STD160', NULL, '2025-10-03 12:33:59', '2025-10-03 12:34:07', 1),
(7, 'admin_student', 1, 'STD228', NULL, '2025-12-05 10:38:08', '2025-12-05 10:38:14', 1);

-- --------------------------------------------------------

--
-- Table structure for table `chat_messages`
--

CREATE TABLE `chat_messages` (
  `id` int(11) NOT NULL,
  `conversation_id` int(11) NOT NULL,
  `sender_id` int(11) NOT NULL,
  `message` text NOT NULL,
  `is_read` tinyint(1) NOT NULL DEFAULT 0,
  `sent_at` timestamp NOT NULL DEFAULT current_timestamp(),
  `has_attachments` tinyint(1) DEFAULT 0
) ENGINE=InnoDB DEFAULT CHARSET=utf8mb4 COLLATE=utf8mb4_general_ci;

--
-- Dumping data for table `chat_messages`
--

INSERT INTO `chat_messages` (`id`, `conversation_id`, `sender_id`, `message`, `is_read`, `sent_at`, `has_attachments`) VALUES
(1, 0, 1, 'Hello', 1, '2025-09-01 17:40:49', 0),
(2, 0, 1, 'hello', 0, '2025-09-08 13:04:38', 0),
(3, 4, 124, 'Hi', 0, '2025-09-27 07:52:19', 0),
(4, 4, 124, 'pk', 0, '2025-09-27 07:52:36', 0),
(5, 4, 124, 'demo', 0, '2025-09-27 07:54:25', 0),
(6, 5, 1, 'uytrdsz', 0, '2025-10-03 09:33:55', 0),
(7, 6, 185, 'hi sir', 0, '2025-10-03 12:34:07', 0),
(8, 3, 32, 'Hello', 1, '2025-10-09 07:14:36', 0),
(9, 3, 13, 'hi sir', 0, '2025-10-09 09:15:43', 0),
(10, 3, 13, 'exam result pz', 0, '2025-10-09 09:15:48', 0),
(11, 3, 13, 'Hi', 0, '2025-10-13 07:17:22', 0),
(12, 7, 258, 'hi', 0, '2025-12-05 10:38:14', 0);

-- --------------------------------------------------------

--
-- Table structure for table `chat_participants`
--

CREATE TABLE `chat_participants` (
  `id` int(11) NOT NULL,
  `conversation_id` int(11) NOT NULL,
  `user_id` int(11) NOT NULL,
  `joined_at` timestamp NOT NULL DEFAULT current_timestamp(),
  `is_active` tinyint(1) DEFAULT 1
) ENGINE=InnoDB DEFAULT CHARSET=utf8mb4 COLLATE=utf8mb4_general_ci;

--
-- Dumping data for table `chat_participants`
--

INSERT INTO `chat_participants` (`id`, `conversation_id`, `user_id`, `joined_at`, `is_active`) VALUES
(1, 0, 1, '2025-08-20 15:54:16', 0),
(2, 0, 1, '2025-09-01 17:39:39', 0),
(3, 0, 1, '2025-09-01 17:40:42', 1),
(4, 0, 0, '2025-09-01 17:40:42', 1),
(5, 0, 0, '2025-09-01 17:40:42', 1),
(6, 5, 1, '2025-10-03 09:33:47', 1),
(7, 5, 141, '2025-10-03 09:33:47', 1);

-- --------------------------------------------------------

--
-- Table structure for table `content_categories`
--

CREATE TABLE `content_categories` (
  `id` int(11) NOT NULL,
  `name` varchar(50) NOT NULL,
  `icon` varchar(50) DEFAULT NULL,
  `color` varchar(20) DEFAULT NULL
) ENGINE=InnoDB DEFAULT CHARSET=utf8mb4 COLLATE=utf8mb4_general_ci;

-- --------------------------------------------------------

--
-- Table structure for table `courses`
--

CREATE TABLE `courses` (
  `id` int(11) NOT NULL,
  `name` varchar(255) NOT NULL
) ENGINE=InnoDB DEFAULT CHARSET=utf8mb4 COLLATE=utf8mb4_general_ci;

--
-- Dumping data for table `courses`
--

INSERT INTO `courses` (`id`, `name`) VALUES
(1, 'Super 30'),
(2, 'Let\'s Win'),
(3, 'Specialization'),
(4, 'Super 30 Offline'),
(5, 'CSMD Super 30'),
(6, 'CEH'),
(7, 'VAPT + Internship'),
(8, 'SOC'),
(9, 'CEH & VAPT'),
(10, 'Python');

-- --------------------------------------------------------

--
-- Table structure for table `exams`
--

CREATE TABLE `exams` (
  `exam_id` varchar(12) NOT NULL,
  `exam_name` varchar(100) NOT NULL,
  `batch_id` varchar(10) NOT NULL,
  `subject` varchar(50) NOT NULL,
  `exam_date` date NOT NULL,
  `total_marks` decimal(5,2) NOT NULL,
  `passing_marks` decimal(5,2) NOT NULL,
  `exam_type` enum('quarterly','half-yearly','final','unit_test','practice') NOT NULL,
  `description` text DEFAULT NULL,
  `created_by` int(11) NOT NULL,
  `created_at` timestamp NOT NULL DEFAULT current_timestamp(),
  `enrollment_status` enum('all_students','selected_students') DEFAULT 'all_students',
  `exam_components` set('mcq','project','viva') DEFAULT 'mcq',
  `mcq_marks` decimal(5,2) DEFAULT 0.00,
  `project_marks` decimal(5,2) DEFAULT 0.00,
  `viva_marks` decimal(5,2) DEFAULT 0.00,
  `is_back_schedule` tinyint(1) DEFAULT 0
) ENGINE=InnoDB DEFAULT CHARSET=utf8mb4 COLLATE=utf8mb4_general_ci;

--
-- Dumping data for table `exams`
--

INSERT INTO `exams` (`exam_id`, `exam_name`, `batch_id`, `subject`, `exam_date`, `total_marks`, `passing_marks`, `exam_type`, `description`, `created_by`, `created_at`, `enrollment_status`, `exam_components`, `mcq_marks`, `project_marks`, `viva_marks`, `is_back_schedule`) VALUES
('EXAM25121170', 'Weekly Test', 'B028', 'Networking', '2025-12-31', 50.00, 36.00, 'practice', '', 1, '2025-12-11 10:03:34', 'all_students', 'mcq', 0.00, 0.00, 0.00, 0),
('EXM175990950', 'Coding Final Exam', 'B001', 'HTML - CSS', '2025-08-04', 200.00, 120.00, 'final', '', 1, '2025-10-08 07:45:04', 'all_students', 'mcq,project,viva', 100.00, 50.00, 50.00, 0),
('EXM175990970', 'Linux Final Exam - Nitish', 'B005', 'Linux', '2025-09-28', 256.00, 153.60, 'final', '', 1, '2025-10-08 07:48:24', 'all_students', 'mcq,project,viva', 166.00, 60.00, 30.00, 0),
('EXM175991986', 'Python', 'B001', 'Python', '2025-09-27', 200.00, 100.00, 'final', '', 1, '2025-10-08 10:37:43', 'all_students', 'mcq,project,viva', 100.00, 50.00, 50.00, 0),
('EXM175992139', 'Networking', 'B001', 'Networking', '2025-06-13', 200.00, 150.00, 'final', '', 1, '2025-10-08 11:03:12', 'all_students', 'mcq,project,viva', 100.00, 50.00, 50.00, 0),
('EXM176007721', 'Windows Server Final Exam - Mani', 'B006', 'Windows Server ', '2025-10-05', 300.00, 150.00, 'final', '', 1, '2025-10-10 06:20:13', 'all_students', 'mcq,project,viva', 200.00, 50.00, 50.00, 0),
('EXM176042794', 'Final exam Networking August Batch ', 'B004', 'Networking ', '2025-10-17', 200.00, 100.00, 'final', '', 1, '2025-10-14 07:45:49', 'all_students', 'mcq,project,viva', 100.00, 50.00, 50.00, 0),
('EXM176042801', 'Final Exam VAPT Batch ', 'B002', 'VAPT', '2025-10-17', 200.00, 80.00, 'final', '', 1, '2025-10-14 07:46:51', 'all_students', 'mcq,project,viva', 100.00, 50.00, 50.00, 0),
('EXM176130643', 'CEH Final Exam May batch', 'B002', 'CEH', '2025-08-31', 300.00, 200.00, 'final', '', 1, '2025-10-24 11:47:10', 'all_students', 'mcq,project,viva', 200.00, 50.00, 50.00, 0),
('EXM176131000', 'Kotlin Final Exam ', 'B002', 'Kotlin', '2025-10-23', 100.00, 60.00, 'final', '', 1, '2025-10-24 12:46:40', 'all_students', 'mcq,project,viva', 50.00, 30.00, 20.00, 0),
('EXM176191196', 'Website Development Final Exam', 'B002', 'Website Development', '2025-10-31', 300.00, 180.00, 'final', '', 1, '2025-10-31 11:59:26', 'all_students', 'mcq,project', 200.00, 100.00, 0.00, 0),
('EXM176275701', 'CEH Final Exam July batch', 'B007', 'CEH', '2025-11-04', 300.00, 180.00, 'final', '', 1, '2025-11-10 06:43:37', 'all_students', 'mcq,project,viva', 200.00, 50.00, 50.00, 0),
('EXM176433295', 'SOC Final Exam - Melvin', 'B006', 'SOC  FInal Exam ', '2025-11-20', 100.00, 50.00, 'final', '', 1, '2025-11-28 12:29:12', 'all_students', 'mcq,project,viva', 50.00, 30.00, 20.00, 0),
('EXM176466798', 'Networking', 'B009', 'Networking Final Exam', '2025-11-24', 200.00, 100.00, 'final', '', 1, '2025-12-02 09:33:02', 'all_students', 'mcq,project,viva', 100.00, 50.00, 50.00, 0),
('EXM176467713', 'Sept. CEH Final Exam', 'B005', 'Sept. CEH Final Exam', '2025-12-02', 250.00, 175.00, 'final', '', 1, '2025-12-02 12:05:34', 'all_students', 'mcq,project,viva', 160.00, 50.00, 40.00, 0),
('EXM176467862', 'Windows Server Final Exam ', 'B001', 'Windows Server Final Exam ', '2025-11-19', 100.00, 50.00, 'final', '', 1, '2025-12-02 12:30:25', 'all_students', 'mcq,project,viva', 50.00, 30.00, 20.00, 0),
('EXM176493018', 'Windows Server Final Exam E2', 'B011', 'Windows Server ', '2025-12-06', 100.00, 50.00, 'final', '', 1, '2025-12-05 10:23:00', 'all_students', 'mcq,project,viva', 50.00, 30.00, 20.00, 0);

-- --------------------------------------------------------

--
-- Table structure for table `exam_enrollments`
--

CREATE TABLE `exam_enrollments` (
  `id` int(11) NOT NULL,
  `exam_id` varchar(12) NOT NULL,
  `student_id` varchar(50) NOT NULL,
  `enrolled_at` timestamp NOT NULL DEFAULT current_timestamp(),
  `enrolled_by` int(11) NOT NULL
) ENGINE=InnoDB DEFAULT CHARSET=utf8mb4 COLLATE=utf8mb4_general_ci;

-- --------------------------------------------------------

--
-- Table structure for table `exam_results`
--

CREATE TABLE `exam_results` (
  `id` int(11) NOT NULL,
  `exam_id` varchar(12) NOT NULL,
  `student_id` varchar(50) NOT NULL,
  `obtained_marks` decimal(5,2) NOT NULL,
  `grade` varchar(2) DEFAULT NULL,
  `remarks` text DEFAULT NULL,
  `uploaded_by` int(11) NOT NULL,
  `uploaded_at` timestamp NOT NULL DEFAULT current_timestamp(),
  `mcq_marks` decimal(5,2) DEFAULT NULL,
  `project_marks` decimal(5,2) DEFAULT NULL,
  `viva_marks` decimal(5,2) DEFAULT NULL
) ENGINE=InnoDB DEFAULT CHARSET=utf8mb4 COLLATE=utf8mb4_general_ci;

--
-- Dumping data for table `exam_results`
--

INSERT INTO `exam_results` (`id`, `exam_id`, `student_id`, `obtained_marks`, `grade`, `remarks`, `uploaded_by`, `uploaded_at`, `mcq_marks`, `project_marks`, `viva_marks`) VALUES
(1, 'EXM175834272', 'STD027', 55.32, 'C', 'Average', 1, '2025-09-20 10:42:12', NULL, NULL, NULL),
(2, 'EXM175834272', 'STD028', 88.56, 'A', 'Good', 1, '2025-09-20 10:43:04', NULL, NULL, NULL),
(3, 'EXM175834272', 'STD029', 95.00, 'A+', 'Excellent', 1, '2025-09-20 10:43:25', NULL, NULL, NULL),
(4, 'EXM175878434', 'STD009', 67.00, 'B', 'good', 1, '2025-09-25 07:14:49', NULL, NULL, NULL),
(5, 'EXM175878434', 'STD010', 88.00, 'A', 'good', 1, '2025-09-25 07:15:00', NULL, NULL, NULL),
(9, 'EXM175990950', 'STD005', 166.00, 'A', '166', 1, '2025-10-08 09:55:28', 86.00, 30.00, 50.00),
(10, 'EXM175991986', 'STD001', 172.00, 'A+', '172', 1, '2025-10-08 10:39:40', 72.00, 50.00, 50.00),
(11, 'EXM175992139', 'STD001', 194.00, 'A+', '194', 1, '2025-10-08 11:04:23', 94.00, 50.00, 50.00),
(12, 'EXM175990950', 'STD001', 185.00, 'A+', '185', 1, '2025-10-08 11:07:22', 87.00, 48.00, 50.00),
(13, 'EXM175992139', 'STD004', 73.00, 'F', '73', 1, '2025-10-09 10:11:03', 73.00, 0.00, 0.00),
(14, 'EXM175992139', 'STD002', 72.00, 'F', '72', 1, '2025-10-09 10:22:42', 55.00, 5.00, 12.00),
(15, 'EXM175992139', 'STD003', 153.00, 'B+', '153', 1, '2025-10-09 10:24:44', 68.00, 50.00, 35.00),
(16, 'EXM175992139', 'STD005', 151.00, 'B+', '151', 1, '2025-10-09 10:29:02', 90.00, 25.00, 36.00),
(17, 'EXM175990950', 'STD012', 185.00, 'A+', '185', 234, '2025-11-27 07:41:34', 86.00, 47.00, 50.00),
(18, 'EXM175990950', 'STD003', 148.00, 'B+', '148', 1, '2025-10-09 10:33:09', 59.00, 42.00, 47.00),
(19, 'EXM175990950', 'STD002', 137.00, 'B', '137', 1, '2025-10-09 10:34:05', 53.00, 44.00, 40.00),
(20, 'EXM175990950', 'STD010', 129.00, 'B', '129', 1, '2025-10-09 10:35:28', 55.00, 44.00, 30.00),
(21, 'EXM175990950', 'STD008', 122.00, 'B', '122', 1, '2025-10-09 10:36:41', 57.00, 20.00, 45.00),
(22, 'EXM175990950', 'STD004', 123.00, 'B', '123', 1, '2025-10-09 10:38:40', 83.00, 10.00, 30.00),
(23, 'EXM175990950', 'STD007', 161.00, 'A', '161', 1, '2025-10-09 10:41:24', 86.00, 35.00, 40.00),
(24, 'EXM175990950', 'STD013', 119.00, 'C', '119', 1, '2025-10-09 10:44:01', 54.00, 30.00, 35.00),
(25, 'EXM175991986', 'STD012', 154.00, 'B+', '154', 1, '2025-10-09 10:52:49', 73.00, 40.00, 41.00),
(27, 'EXM175991986', 'STD005', 99.00, 'D', '99', 1, '2025-10-09 10:56:27', 56.00, 0.00, 43.00),
(28, 'EXM175991986', 'STD016', 95.00, 'D', '95', 1, '2025-10-09 10:57:54', 56.00, 0.00, 39.00),
(31, 'EXM175991986', 'STD007', 161.00, 'A', '', 1, '2025-10-09 11:08:04', 68.00, 48.00, 45.00),
(32, 'EXM175991986', 'STD017', 75.00, 'F', '', 1, '2025-10-09 11:09:39', 49.00, 0.00, 26.00),
(33, 'EXM175991986', 'STD014', 104.00, 'C', '104', 1, '2025-10-09 11:12:11', 45.00, 35.00, 24.00),
(34, 'EXM175991986', 'STD018', 114.00, 'C', '114', 1, '2025-10-09 11:13:23', 42.00, 45.00, 27.00),
(35, 'EXM175991986', 'STD004', 58.00, 'F', '58', 1, '2025-10-09 11:14:07', 39.00, 0.00, 19.00),
(36, 'EXM175991986', 'STD002', 98.00, 'D', '98', 1, '2025-10-09 11:17:04', 37.00, 43.00, 18.00),
(37, 'EXM175991986', 'STD013', 91.00, 'D', '91', 1, '2025-10-09 11:18:47', 48.00, 38.00, 5.00),
(38, 'EXM175991986', 'STD008', 96.00, 'D', '96', 1, '2025-10-09 11:19:39', 48.00, 48.00, 0.00),
(39, 'EXM175991986', 'STD003', 95.00, 'D', '95', 1, '2025-10-09 11:20:43', 40.00, 50.00, 5.00),
(40, 'EXM175991986', 'STD010', 37.00, 'F', '37', 1, '2025-10-09 11:21:33', 32.00, 0.00, 5.00),
(41, 'EXM176007721', 'STD030', 174.00, 'C', '174', 1, '2025-10-10 06:47:11', 174.00, 0.00, 0.00),
(42, 'EXM176007721', 'STD044', 250.00, 'A', '250', 1, '2025-10-10 06:47:11', 180.00, 40.00, 30.00),
(43, 'EXM176007721', 'STD038', 100.00, 'F', '100', 1, '2025-10-10 06:47:11', 100.00, 0.00, 0.00),
(44, 'EXM176007721', 'STD033', 128.00, 'D', '128', 1, '2025-10-10 06:47:11', 128.00, 0.00, 0.00),
(45, 'EXM176007721', 'STD021', 60.00, 'F', '60', 1, '2025-10-10 06:47:11', 60.00, 0.00, 0.00),
(46, 'EXM176007721', 'STD023', 200.00, 'B', '200', 1, '2025-10-10 06:47:11', 120.00, 50.00, 30.00),
(47, 'EXM176007721', 'STD024', 213.00, 'B+', '213', 1, '2025-10-10 06:47:11', 188.00, 0.00, 25.00),
(48, 'EXM176007721', 'STD019', 40.00, 'F', '40', 1, '2025-10-10 06:47:11', 0.00, 25.00, 15.00),
(49, 'EXM176007721', 'STD025', 74.00, 'F', '74', 1, '2025-10-10 06:47:11', 74.00, 0.00, 0.00),
(50, 'EXM176007721', 'STD035', 143.00, 'D', '143', 1, '2025-10-10 06:47:11', 128.00, 0.00, 15.00),
(51, 'EXM176007721', 'STD037', 0.00, 'F', '0', 1, '2025-10-10 06:47:11', 0.00, 0.00, 0.00),
(52, 'EXM176007721', 'STD029', 240.00, 'A', '240', 1, '2025-10-10 06:47:11', 170.00, 50.00, 20.00),
(53, 'EXM176007721', 'STD027', 218.00, 'B+', '218', 1, '2025-10-10 06:47:11', 178.00, 0.00, 40.00),
(54, 'EXM176007721', 'STD020', 55.00, 'F', '55', 1, '2025-10-10 06:47:11', 0.00, 25.00, 30.00),
(55, 'EXM176007721', 'STD026', 262.00, 'A', '262', 1, '2025-10-10 06:47:11', 172.00, 40.00, 50.00),
(56, 'EXM176007721', 'STD039', 0.00, 'F', '0', 1, '2025-10-10 06:47:11', 0.00, 0.00, 0.00),
(57, 'EXM176007721', 'STD042', 0.00, 'F', '0', 1, '2025-10-10 06:47:11', 0.00, 0.00, 0.00),
(58, 'EXM176007721', 'STD040', 188.00, 'B', '188', 1, '2025-10-10 06:47:11', 168.00, 0.00, 20.00),
(59, 'EXM176007721', 'STD031', 30.00, 'F', '30', 1, '2025-10-14 06:37:04', 30.00, 0.00, 0.00),
(60, 'EXM176007721', 'STD034', 0.00, 'F', '0', 1, '2025-10-10 06:47:11', 0.00, 0.00, 0.00),
(61, 'EXM176007721', 'STD036', 140.00, 'D', '140', 1, '2025-10-10 06:47:11', 140.00, 0.00, 0.00),
(62, 'EXM176007721', 'STD022', 0.00, 'F', '0', 1, '2025-10-10 06:47:11', 0.00, 0.00, 0.00),
(63, 'EXM176007721', 'STD028', 0.00, 'F', '0', 1, '2025-10-10 06:47:11', 0.00, 0.00, 0.00),
(64, 'EXM176007721', 'STD043', 180.00, 'B', '180', 1, '2025-10-10 06:47:11', 180.00, 0.00, 0.00),
(65, 'EXM176007721', 'STD041', 182.00, 'B', '182', 1, '2025-10-10 06:47:11', 182.00, 0.00, 0.00),
(66, 'EXM176007721', 'STD032', 0.00, 'F', '0', 1, '2025-10-10 06:47:11', 0.00, 0.00, 0.00),
(67, 'EXM175990970', 'STD145', 144.00, 'C', '144', 1, '2025-10-10 07:23:01', 144.00, 0.00, 0.00),
(68, 'EXM175990970', 'STD151', 217.00, 'A', '217', 1, '2025-10-10 07:23:01', 142.00, 50.00, 25.00),
(69, 'EXM175990970', 'STD150', 232.00, 'A+', '232', 1, '2025-10-10 07:23:01', 156.00, 49.00, 27.00),
(70, 'EXM175990970', 'STD142', 216.00, 'A', '216', 1, '2025-10-10 07:23:01', 138.00, 50.00, 28.00),
(71, 'EXM175990970', 'STD198', 217.00, 'A', '217', 1, '2025-10-10 07:23:01', 140.00, 48.00, 29.00),
(72, 'EXM175990970', 'STD140', 134.00, 'C', '134', 1, '2025-10-10 07:23:01', 134.00, 0.00, 0.00),
(73, 'EXM175990970', 'STD149', 228.00, 'A', '228', 1, '2025-10-10 07:23:01', 152.00, 48.00, 28.00),
(74, 'EXM175990970', 'STD154', 158.00, 'B', '158', 1, '2025-10-10 07:23:01', 158.00, 0.00, 0.00),
(75, 'EXM175990970', 'STD143', 213.00, 'A', '213', 1, '2025-10-10 07:23:01', 136.00, 48.00, 29.00),
(76, 'EXM175990970', 'STD153', 208.00, 'A', '208', 1, '2025-10-10 07:23:01', 148.00, 60.00, 0.00),
(77, 'EXM175990970', 'STD139', 188.00, 'B+', '', 1, '2025-11-14 12:14:21', 138.00, 50.00, 0.00),
(78, 'EXM175990970', 'STD144', 146.00, 'C', '146', 1, '2025-10-10 07:23:01', 146.00, 0.00, 0.00),
(79, 'EXM175990970', 'STD146', 152.00, 'C', '152', 1, '2025-10-10 07:23:01', 152.00, 0.00, 0.00),
(81, 'EXM176042801', 'STD183', 92.00, 'D', '50', 1, '2025-11-20 07:57:05', 42.00, 40.00, 10.00),
(82, 'EXM176042801', 'STD167', 64.00, 'F', '64', 1, '2025-11-20 07:40:12', 44.00, 0.00, 20.00),
(83, 'EXM176042801', 'STD164', 98.00, 'D', '98', 1, '2025-10-23 07:14:05', 48.00, 30.00, 20.00),
(84, 'EXM176042801', 'STD166', 136.00, 'B', '136', 1, '2025-10-23 07:14:05', 76.00, 45.00, 15.00),
(85, 'EXM176042801', 'STD163', 44.00, 'F', '44', 1, '2025-10-23 07:14:05', 44.00, 0.00, 0.00),
(86, 'EXM176042801', 'STD190', 68.00, 'F', '68', 1, '2025-11-15 08:18:54', 68.00, 0.00, 0.00),
(87, 'EXM176042801', 'STD160', 163.00, 'A', '163', 1, '2025-10-23 07:14:05', 88.00, 45.00, 30.00),
(88, 'EXM176042801', 'STD184', 30.00, 'F', '30', 1, '2025-10-23 07:14:05', 0.00, 0.00, 30.00),
(89, 'EXM176042801', 'STD186', 120.00, 'B', '120', 1, '2025-10-29 10:27:54', 80.00, 20.00, 20.00),
(90, 'EXM176042801', 'STD185', 55.00, 'F', '55', 1, '2025-10-23 07:14:05', 0.00, 35.00, 20.00),
(91, 'EXM176042801', 'STD194', 117.00, 'C', '117', 1, '2025-10-23 07:14:05', 72.00, 25.00, 20.00),
(92, 'EXM176042801', 'STD162', 60.00, 'F', '60', 1, '2025-10-23 07:14:05', 60.00, 0.00, 0.00),
(93, 'EXM176042801', 'STD170', 131.00, 'B', '131', 1, '2025-10-23 07:14:05', 86.00, 30.00, 15.00),
(94, 'EXM176042801', 'STD169', 99.00, 'D', '99', 1, '2025-10-23 07:14:05', 74.00, 0.00, 25.00),
(95, 'EXM176042801', 'STD192', 68.00, 'F', '68', 1, '2025-10-23 07:14:05', 68.00, 0.00, 0.00),
(96, 'EXM176042801', 'STD171', 145.00, 'B+', '145', 1, '2025-10-23 07:14:05', 90.00, 30.00, 25.00),
(97, 'EXM176042801', 'STD165', 84.00, 'D', '84', 1, '2025-10-23 07:14:05', 84.00, 0.00, 0.00),
(98, 'EXM176042801', 'STD187', 119.00, 'C', '119', 1, '2025-10-23 07:14:05', 64.00, 25.00, 30.00),
(99, 'EXM176042794', 'STD099', 152.00, 'B+', '', 1, '2025-10-23 10:45:19', 86.00, 41.00, 25.00),
(100, 'EXM176042794', 'STD103', 97.00, 'D', '', 1, '2025-10-23 10:45:19', 97.00, 0.00, 0.00),
(101, 'EXM176042794', 'STD125', 122.00, 'B', '', 1, '2025-10-23 10:45:19', 57.00, 40.00, 25.00),
(102, 'EXM176042794', 'STD116', 25.00, 'F', '', 1, '2025-10-23 10:45:19', 0.00, 0.00, 25.00),
(103, 'EXM176042794', 'STD118', 151.00, 'B+', '', 1, '2025-10-23 10:45:19', 68.00, 43.00, 40.00),
(104, 'EXM176042794', 'STD114', 143.00, 'B+', '', 1, '2025-10-23 10:45:19', 73.00, 42.00, 28.00),
(105, 'EXM176042794', 'STD112', 178.00, 'A', '', 1, '2025-10-23 10:45:19', 91.00, 42.00, 45.00),
(106, 'EXM176042794', 'STD109', 146.00, 'B+', '', 1, '2025-10-23 10:45:19', 71.00, 45.00, 30.00),
(107, 'EXM176042794', 'STD106', 119.00, 'C', '', 1, '2025-11-14 09:12:40', 69.00, 25.00, 25.00),
(108, 'EXM176042794', 'STD120', 122.00, 'B', '', 1, '2025-10-23 10:45:19', 54.00, 43.00, 25.00),
(109, 'EXM176042794', 'STD101', 46.00, 'F', '', 1, '2025-10-23 10:45:19', 46.00, 0.00, 0.00),
(110, 'EXM176042794', 'STD113', 75.00, 'F', '', 1, '2025-10-23 10:45:19', 75.00, 0.00, 0.00),
(111, 'EXM176042794', 'STD117', 123.00, 'B', '', 1, '2025-10-23 10:45:19', 55.00, 43.00, 25.00),
(112, 'EXM176042794', 'STD097', 67.00, 'F', '', 1, '2025-10-23 10:45:19', 0.00, 42.00, 25.00),
(113, 'EXM176042794', 'STD093', 35.00, 'F', '', 1, '2025-10-23 10:45:19', 0.00, 0.00, 35.00),
(114, 'EXM176042794', 'STD111', 130.00, 'B', '', 1, '2025-11-14 09:08:19', 76.00, 30.00, 24.00),
(115, 'EXM176042794', 'STD098', 150.00, 'B+', '', 1, '2025-10-23 10:45:19', 77.00, 40.00, 33.00),
(116, 'EXM176042794', 'STD124', 36.00, 'F', '', 1, '2025-10-23 10:45:19', 36.00, 0.00, 0.00),
(117, 'EXM176042794', 'STD121', 165.00, 'A', '', 1, '2025-10-23 10:45:19', 87.00, 43.00, 35.00),
(118, 'EXM176042794', 'STD094', 53.00, 'F', '', 1, '2025-10-23 10:45:19', 53.00, 0.00, 0.00),
(119, 'EXM176042794', 'STD115', 90.00, 'D', '', 1, '2025-10-23 10:45:19', 90.00, 0.00, 0.00),
(120, 'EXM176130643', 'STD160', 289.00, 'A+', '289', 1, '2025-10-24 11:49:13', 194.00, 50.00, 45.00),
(121, 'EXM176130643', 'STD183', 264.00, 'A', '264', 1, '2025-10-24 11:50:06', 184.00, 40.00, 40.00),
(122, 'EXM176130643', 'STD166', 253.00, 'A', '253', 1, '2025-10-24 11:51:03', 168.00, 40.00, 45.00),
(123, 'EXM176130643', 'STD161', 223.00, 'B+', '223', 1, '2025-10-24 11:51:48', 188.00, 0.00, 35.00),
(124, 'EXM176130643', 'STD169', 223.00, 'B+', '223', 1, '2025-10-24 12:00:42', 168.00, 10.00, 45.00),
(125, 'EXM176130643', 'STD192', 197.00, 'B', '197', 1, '2025-10-24 12:01:42', 142.00, 25.00, 30.00),
(126, 'EXM176130643', 'STD178', 192.00, 'B', '192', 1, '2025-10-24 12:02:47', 162.00, 0.00, 30.00),
(127, 'EXM176130643', 'STD165', 182.00, 'B', '182', 1, '2025-10-24 12:03:32', 182.00, 0.00, 0.00),
(128, 'EXM176130643', 'STD164', 143.00, 'D', '143', 1, '2025-10-24 12:04:29', 88.00, 25.00, 30.00),
(129, 'EXM176130643', 'STD167', 140.00, 'D', '140', 1, '2025-10-24 12:05:06', 0.00, 0.00, 0.00),
(130, 'EXM176130643', 'STD163', 62.00, 'F', '62', 1, '2025-10-24 12:05:37', 62.00, 0.00, 0.00),
(131, 'EXM176131000', 'STD166', 86.00, 'A', '86', 1, '2025-10-24 12:47:58', 40.00, 29.00, 17.00),
(132, 'EXM176131000', 'STD160', 87.00, 'A', '87', 1, '2025-10-24 12:48:50', 44.00, 28.00, 15.00),
(133, 'EXM176131000', 'STD169', 82.00, 'A', '82', 1, '2025-10-24 12:49:47', 42.00, 24.00, 16.00),
(134, 'EXM176131000', 'STD186', 78.00, 'B+', '78', 1, '2025-10-24 12:50:47', 40.00, 25.00, 13.00),
(135, 'EXM176131000', 'STD162', 64.00, 'B', '64', 1, '2025-10-24 12:53:00', 34.00, 19.00, 11.00),
(136, 'EXM176131000', 'STD161', 70.00, 'B+', '70', 1, '2025-10-24 12:54:19', 34.00, 25.00, 11.00),
(137, 'EXM176131000', 'STD167', 70.00, 'B+', '70', 1, '2025-10-24 12:55:05', 26.00, 29.00, 15.00),
(138, 'EXM176131000', 'STD192', 70.00, 'B+', '70', 1, '2025-10-24 12:56:15', 34.00, 23.00, 13.00),
(139, 'EXM176131000', 'STD165', 40.00, 'D', '40', 1, '2025-10-24 12:56:59', 40.00, 0.00, 0.00),
(140, 'EXM176131000', 'STD164', 39.00, 'F', '39', 1, '2025-10-24 12:57:38', 0.00, 24.00, 15.00),
(141, 'EXM176131000', 'STD163', 14.00, 'F', '14', 1, '2025-10-24 12:58:07', 14.00, 0.00, 0.00),
(142, 'EXM176275701', 'STD128', 185.00, 'B', '185', 1, '2025-11-10 07:14:02', 140.00, 20.00, 25.00),
(143, 'EXM176275701', 'STD130', 232.00, 'B+', '232', 1, '2025-11-10 07:14:02', 182.00, 20.00, 30.00),
(144, 'EXM176275701', 'STD134', 183.00, 'B', '183', 1, '2025-11-10 07:14:02', 138.00, 45.00, 0.00),
(145, 'EXM176275701', 'STD132', 265.00, 'A', '265', 1, '2025-11-10 07:14:02', 190.00, 35.00, 40.00),
(146, 'EXM176275701', 'STD137', 231.00, 'B+', '231', 1, '2025-11-10 07:14:02', 186.00, 20.00, 25.00),
(147, 'EXM176275701', 'STD131', 233.00, 'B+', '233', 1, '2025-11-10 07:14:02', 168.00, 40.00, 25.00),
(148, 'EXM176275701', 'STD127', 245.00, 'A', '245', 1, '2025-11-10 07:14:02', 160.00, 45.00, 40.00),
(149, 'EXM176042801', 'STD161', 43.00, 'F', '', 1, '2025-11-13 10:04:18', 43.00, 0.00, 0.00),
(150, 'EXM176275701', 'STD135', 188.00, 'B', '', 1, '2025-11-15 06:25:21', 188.00, 0.00, 0.00),
(151, 'EXM176130643', 'STD190', 0.00, 'F', '', 1, '2025-11-15 08:17:48', 0.00, 0.00, 0.00),
(152, 'EXM176130643', 'STD187', 0.00, 'F', '', 1, '2025-11-15 08:18:04', 0.00, 0.00, 0.00),
(153, 'EXM176466798', 'STD210', 158.00, 'B+', '158', 1, '2025-12-02 10:02:37', 88.00, 42.00, 28.00),
(154, 'EXM176466798', 'STD082', 63.00, 'F', '63', 1, '2025-12-02 10:02:37', 63.00, 0.00, 0.00),
(155, 'EXM176466798', 'STD073', 83.00, 'D', '83', 1, '2025-12-02 10:02:37', 83.00, 0.00, 0.00),
(156, 'EXM176466798', 'STD085', 71.00, 'F', '71', 1, '2025-12-02 10:02:37', 71.00, 0.00, 0.00),
(157, 'EXM176466798', 'STD075', 31.00, 'F', '31', 1, '2025-12-02 10:02:37', 31.00, 0.00, 0.00),
(158, 'EXM176466798', 'STD078', 77.00, 'F', '77', 1, '2025-12-02 10:02:37', 42.00, 35.00, 0.00),
(159, 'EXM176466798', 'STD066', 88.00, 'D', '88', 1, '2025-12-02 10:02:37', 88.00, 0.00, 0.00),
(160, 'EXM176466798', 'STD068', 64.00, 'F', '64', 1, '2025-12-02 10:02:37', 64.00, 0.00, 0.00),
(161, 'EXM176466798', 'STD206', 49.00, 'F', '49', 1, '2025-12-02 10:02:37', 49.00, 0.00, 0.00),
(162, 'EXM176466798', 'STD202', 81.00, 'D', '81', 1, '2025-12-02 10:02:37', 61.00, 0.00, 20.00),
(163, 'EXM176466798', 'STD199', 137.00, 'B', '137', 1, '2025-12-03 11:15:04', 69.00, 40.00, 28.00),
(164, 'EXM176466798', 'STD074', 123.00, 'B', '123', 1, '2025-12-04 05:37:51', 78.00, 25.00, 20.00),
(165, 'EXM176466798', 'STD083', 135.00, 'B', '135', 1, '2025-12-02 10:02:37', 75.00, 40.00, 20.00),
(166, 'EXM176466798', 'STD205', 87.00, 'D', '87', 1, '2025-12-02 10:02:37', 67.00, 0.00, 20.00),
(167, 'EXM176466798', 'STD069', 65.00, 'F', '65', 1, '2025-12-02 10:02:37', 65.00, 0.00, 0.00),
(168, 'EXM176466798', 'STD077', 165.00, 'A', '165', 1, '2025-12-02 10:02:37', 90.00, 45.00, 30.00),
(169, 'EXM176433295', 'STD030', 43.00, 'D', '43', 1, '2025-12-02 10:26:05', 28.00, 15.00, 0.00),
(170, 'EXM176433295', 'STD044', 47.00, 'D', '47', 1, '2025-12-02 10:26:05', 47.00, 0.00, 0.00),
(171, 'EXM176433295', 'STD038', 21.00, 'F', '21', 1, '2025-12-02 10:26:05', 21.00, 0.00, 0.00),
(172, 'EXM176433295', 'STD021', 21.00, 'F', '21', 1, '2025-12-02 10:26:05', 21.00, 0.00, 0.00),
(173, 'EXM176433295', 'STD023', 76.00, 'B+', '76', 1, '2025-12-02 10:26:05', 41.00, 21.00, 14.00),
(174, 'EXM176433295', 'STD024', 46.00, 'D', '46', 1, '2025-12-02 10:26:05', 46.00, 0.00, 0.00),
(175, 'EXM176433295', 'STD019', 64.00, 'B', '64', 1, '2025-12-02 10:26:05', 43.00, 21.00, 0.00),
(176, 'EXM176433295', 'STD025', 22.00, 'F', '22', 1, '2025-12-02 10:26:05', 22.00, 0.00, 0.00),
(177, 'EXM176433295', 'STD035', 45.00, 'D', '45', 1, '2025-12-02 10:26:05', 45.00, 0.00, 0.00),
(178, 'EXM176433295', 'STD029', 70.00, 'B+', '70', 1, '2025-12-02 10:26:05', 38.00, 18.00, 14.00),
(179, 'EXM176433295', 'STD020', 52.00, 'C', '52', 1, '2025-12-02 10:26:05', 23.00, 17.00, 12.00),
(180, 'EXM176433295', 'STD026', 75.00, 'B+', '75', 1, '2025-12-02 10:26:05', 46.00, 17.00, 12.00),
(181, 'EXM176433295', 'STD042', 27.00, 'F', '27', 1, '2025-12-02 10:26:05', 27.00, 0.00, 0.00),
(182, 'EXM176433295', 'STD040', 46.00, 'D', '46', 1, '2025-12-02 10:26:05', 46.00, 0.00, 0.00),
(183, 'EXM176433295', 'STD034', 37.00, 'F', '37', 1, '2025-12-02 10:26:05', 22.00, 9.00, 6.00),
(184, 'EXM176433295', 'STD022', 48.00, 'D', '48', 1, '2025-12-02 10:26:05', 33.00, 9.00, 6.00),
(185, 'EXM176433295', 'STD041', 55.00, 'C', '55', 1, '2025-12-02 10:26:05', 49.00, 0.00, 6.00),
(186, 'EXM176467713', 'STD211', 220.00, 'A', '220', 1, '2025-12-02 12:22:57', 140.00, 45.00, 35.00),
(187, 'EXM176467713', 'STD145', 155.00, 'B', '155', 1, '2025-12-02 12:22:57', 130.00, 25.00, 0.00),
(188, 'EXM176467713', 'STD150', 180.00, 'B+', '180', 1, '2025-12-02 12:22:57', 140.00, 40.00, 0.00),
(189, 'EXM176467713', 'STD142', 186.00, 'B+', '186', 1, '2025-12-02 12:22:57', 104.00, 47.00, 35.00),
(190, 'EXM176467713', 'STD198', 221.00, 'A', '221', 1, '2025-12-02 12:22:57', 138.00, 47.00, 36.00),
(191, 'EXM176467713', 'STD140', 173.00, 'B', '173', 1, '2025-12-02 12:22:57', 138.00, 35.00, 0.00),
(192, 'EXM176467713', 'STD149', 213.00, 'A', '213', 1, '2025-12-02 12:22:57', 134.00, 43.00, 36.00),
(193, 'EXM176467713', 'STD154', 181.00, 'B+', '181', 1, '2025-12-02 12:22:57', 138.00, 43.00, 0.00),
(194, 'EXM176467713', 'STD143', 205.00, 'A', '205', 1, '2025-12-02 12:22:57', 120.00, 48.00, 37.00),
(195, 'EXM176467713', 'STD153', 175.00, 'B+', '175', 1, '2025-12-02 12:22:57', 140.00, 35.00, 0.00),
(196, 'EXM176467713', 'STD139', 189.00, 'B+', '189', 1, '2025-12-02 12:22:57', 144.00, 45.00, 0.00),
(197, 'EXM176467713', 'STD144', 136.00, 'C', '136', 1, '2025-12-02 12:22:57', 136.00, 0.00, 0.00),
(198, 'EXM176467713', 'STD146', 25.00, 'F', '25', 1, '2025-12-02 12:22:57', 0.00, 25.00, 0.00),
(199, 'EXM176467713', 'STD213', 210.00, 'A', '210', 1, '2025-12-02 12:22:57', 130.00, 44.00, 36.00),
(200, 'EXM176467862', 'STD018', 65.00, 'B', '65', 1, '2025-12-02 13:01:05', 27.00, 24.00, 14.00),
(201, 'EXM176467862', 'STD003', 60.00, 'B', '60', 1, '2025-12-02 13:01:05', 27.00, 21.00, 12.00),
(202, 'EXM176467862', 'STD005', 79.00, 'B+', '79', 1, '2025-12-02 13:01:05', 39.00, 25.00, 15.00),
(203, 'EXM176467862', 'STD013', 56.00, 'C', '56', 1, '2025-12-02 13:01:05', 33.00, 21.00, 2.00),
(204, 'EXM176467862', 'STD002', 69.00, 'B', '69', 1, '2025-12-02 13:01:05', 33.00, 24.00, 12.00),
(205, 'EXM176467862', 'STD008', 79.00, 'B+', '79', 1, '2025-12-02 13:01:05', 35.00, 26.00, 18.00),
(206, 'EXM176467862', 'STD007', 87.00, 'A', '87', 1, '2025-12-02 13:01:05', 38.00, 29.00, 20.00);

-- --------------------------------------------------------

--
-- Table structure for table `exam_students`
--

CREATE TABLE `exam_students` (
  `exam_id` varchar(10) NOT NULL,
  `student_name` varchar(50) NOT NULL,
  `score` decimal(5,2) DEFAULT NULL,
  `is_malpractice` tinyint(1) DEFAULT 0,
  `notes` text DEFAULT NULL
) ENGINE=InnoDB DEFAULT CHARSET=utf8mb4 COLLATE=utf8mb4_general_ci;

-- --------------------------------------------------------

--
-- Table structure for table `feedback`
--

CREATE TABLE `feedback` (
  `id` int(11) NOT NULL,
  `date` date NOT NULL,
  `student_name` varchar(50) NOT NULL,
  `email` varchar(150) DEFAULT NULL,
  `batch_id` varchar(10) NOT NULL,
  `is_regular` enum('Yes','No') DEFAULT NULL,
  `class_rating` tinyint(1) DEFAULT NULL,
  `assignment_understanding` tinyint(1) DEFAULT NULL,
  `practical_understanding` tinyint(1) DEFAULT NULL,
  `satisfied` tinyint(1) DEFAULT NULL,
  `suggestions` text DEFAULT NULL,
  `course_name` varchar(50) NOT NULL,
  `rating` tinyint(1) DEFAULT NULL CHECK (`rating` between 1 and 5),
  `feedback_text` text DEFAULT NULL,
  `action_taken` text DEFAULT NULL
) ENGINE=InnoDB DEFAULT CHARSET=utf8mb4 COLLATE=utf8mb4_general_ci;

--
-- Dumping data for table `feedback`
--

INSERT INTO `feedback` (`id`, `date`, `student_name`, `email`, `batch_id`, `is_regular`, `class_rating`, `assignment_understanding`, `practical_understanding`, `satisfied`, `suggestions`, `course_name`, `rating`, `feedback_text`, `action_taken`) VALUES
(9, '2025-10-17', 'Topper Singh', 'jsb12011997@gmail.com', 'B001', 'Yes', 5, 5, 5, 1, 'Good ', 'Super 30', NULL, 'Good', 'Ok'),
(10, '2025-10-17', 'Gadde Bhanu Prasad', 'bhanu.g1243@gmail.com', 'B001', 'Yes', 2, 2, 3, 1, 'Yes', 'Super 30', NULL, 'Yes', 'OK'),
(12, '2025-12-05', 'Sunil Choudhary', 'sthory353@gmail.com', 'B028', 'Yes', 5, 5, 5, 1, 'Overall Good', 'Super 30 Offline', NULL, '', 'thanks'),
(13, '2025-12-11', 'Aditya Yadav', 'jiiadityayadav101@gmail.com', 'B028', 'Yes', 5, 5, 4, 1, 'All Good , No issues', 'Super 30 Offline', NULL, 'All Good , No issues', 'thanks'),
(14, '2025-12-11', 'Aditya Yadav', 'jiiadityayadav101@gmail.com', 'B028', 'Yes', 4, 5, 3, 1, 'Good Trainer', 'Super 30 Offline', NULL, 'Good Trainer', NULL),
(15, '2025-12-11', 'Abdur Rahman', 'abdurrahmanbinshaik@gmail.com', 'B011', 'Yes', 5, 5, 5, 1, '<script>alert(1)</script>', 'Super 30', NULL, '<script>alert(1)</script>', NULL),
(16, '2025-12-12', 'Abdur Rahman', 'abdurrahmanbinshaik@gmail.com', 'B011', 'Yes', 1, 1, 1, 0, '<script>alert(1)</script>', 'Super 30', NULL, '<script>alert(1)</script>', NULL),
(17, '2025-12-12', 'Abdur Rahman', 'abdurrahmanbinshaik@gmail.com', 'B011', 'No', 3, 3, 3, 0, 'Test message #', 'Super 30', NULL, 'Testing', NULL),
(18, '2025-12-12', 'Abdur Rahman', 'abdurrahmanbinshaik@gmail.com', 'B011', 'No', 1, 1, 1, 0, 'Testing !@#$%^&*(*', 'Super 30', NULL, 'Testing !@#$%^&*(*', NULL),
(19, '2025-12-12', 'Abdur Rahman', 'abdurrahmanbinshaik@gmail.com', 'B011', 'Yes', 5, 5, 5, 1, 'Testing !@#$%^&*(*', 'Super 30', NULL, 'Testing !@#$%^&*(*', NULL),
(20, '2025-12-12', 'Abdur Rahman', 'abdurrahmanbinshaik@gmail.com', 'B011', 'No', 1, 1, 1, 0, 'Testing !@#$%^&*(*', 'Super 30', NULL, 'Testing !@#$%^&*(*', NULL),
(21, '2025-12-12', 'Abdur Rahman', 'abdurrahmanbinshaik@gmail.com', 'B011', 'Yes', 5, 5, 5, 1, 'Testing !@#$%^&*(*', 'Super 30', NULL, 'Testing !@#$%^&*(*', NULL),
(22, '2025-12-12', 'Abdur Rahman', 'abdurrahmanbinshaik@gmail.com', 'B011', 'Yes', 1, 1, 1, 1, 'Testing @2', 'Super 30', NULL, 'Testing @2', NULL),
(23, '2025-12-12', 'Abdur Rahman', 'abdurrahmanbinshaik@gmail.com', 'B011', '', 2, 2, 2, 0, 'Just another testing', 'Super 30', NULL, 'Just another testing', NULL),
(24, '2025-12-12', 'Abdur Rahman', 'abdurrahmanbinshaik@gmail.com', 'B011', '', 2, 2, 2, 0, 'Just another testing', 'Super 30', NULL, 'Just another testing', NULL),
(25, '2025-12-12', 'Abdur Rahman', 'abdurrahmanbinshaik@gmail.com', 'B011', '', 2, 2, 2, 0, 'Just another testing', 'Super 30', NULL, 'Just another testing', NULL),
(26, '2025-12-12', 'Abdur Rahman', 'abdurrahmanbinshaik@gmail.com', 'B011', 'Yes', 4, 4, 4, 1, 'another account', 'Super 30', NULL, 'another account', NULL),
(27, '2025-12-12', 'Abdur Rahman', 'abdurrahmanbinshaik@gmail.com', 'B011', 'No', 1, 1, 1, 0, 'another account', 'Super 30', NULL, 'another account', NULL),
(28, '2025-12-12', 'Mohit Kumawat', 'mohit369663@gmail.com', 'B028', 'Yes', 4, 4, 4, 1, 'None at the moment', 'Super 30 Offline', NULL, 'None at the moment', NULL),
(29, '2025-12-12', 'Mohit Kumawat', 'mohit369663@gmail.com', 'B028', 'No', 1, 1, 1, 0, 'None at the moment', 'Super 30 Offline', NULL, 'None at the moment', NULL),
(30, '2025-12-12', 'Mohit Kumawat', 'mohit369663@gmail.com', 'B028', 'Yes', 1, 1, 1, 1, '<script>alert(1)</script>', 'Super 30 Offline', NULL, '<script>alert(1)</script>', NULL);

-- --------------------------------------------------------

--
-- Table structure for table `login_attempts`
--

CREATE TABLE `login_attempts` (
  `id` int(11) NOT NULL,
  `ip_address` varchar(45) NOT NULL,
  `attempt_time` datetime NOT NULL
) ENGINE=InnoDB DEFAULT CHARSET=utf8mb4 COLLATE=utf8mb4_general_ci;

--
-- Dumping data for table `login_attempts`
--

INSERT INTO `login_attempts` (`id`, `ip_address`, `attempt_time`) VALUES
(1, '2409:40d4:5000:410f:679f:78cb:4f92:2eff', '2025-08-17 14:50:27'),
(2, '2409:40d4:5000:410f:679f:78cb:4f92:2eff', '2025-08-17 14:50:37'),
(3, '2409:40d4:5000:410f:679f:78cb:4f92:2eff', '2025-08-17 14:51:00'),
(4, '2409:40d4:5000:410f:679f:78cb:4f92:2eff', '2025-08-17 14:51:19'),
(5, '103.167.194.40', '2025-08-26 09:44:50'),
(6, '103.167.194.40', '2025-08-26 09:46:31'),
(7, '103.167.194.40', '2025-08-26 09:47:46'),
(8, '103.167.194.40', '2025-08-26 10:08:00'),
(9, '103.167.194.40', '2025-08-26 10:08:42'),
(10, '103.170.68.234', '2025-08-27 05:25:58'),
(11, '116.72.141.90', '2025-08-27 13:38:41'),
(12, '2409:40d4:5081:616f:fdf2:6347:177:d655', '2025-08-27 16:57:44'),
(13, '2409:40d4:5081:616f:fdf2:6347:177:d655', '2025-08-27 16:58:33'),
(14, '103.157.220.98', '2025-08-28 09:08:24'),
(15, '103.157.220.98', '2025-08-28 09:08:54'),
(16, '103.157.220.98', '2025-08-28 09:09:15'),
(17, '103.157.220.98', '2025-08-28 09:09:32'),
(18, '103.157.220.98', '2025-08-28 09:10:25'),
(19, '2409:40d4:5059:7800:e138:4871:6182:bb69', '2025-08-28 18:36:04'),
(20, '2409:40d4:5059:7800:e138:4871:6182:bb69', '2025-08-28 18:36:34'),
(21, '2409:40d4:5059:7800:e138:4871:6182:bb69', '2025-08-28 18:41:37'),
(59, '2401:4900:a06e:fc40:2cc1:599:67ef:a91f', '2025-09-24 02:46:54'),
(90, '103.157.221.102', '2025-10-03 06:05:34'),
(91, '103.157.221.102', '2025-10-03 06:05:44'),
(125, '103.158.140.112', '2025-10-08 11:44:54'),
(127, '103.158.140.112', '2025-10-08 11:48:59'),
(129, '103.158.140.112', '2025-10-08 11:57:59'),
(134, '103.158.140.112', '2025-10-08 12:30:35'),
(244, '122.186.205.26', '2025-10-29 20:01:59'),
(341, '152.56.147.190', '2025-12-01 15:51:43');

-- --------------------------------------------------------

--
-- Table structure for table `main_topics`
--

CREATE TABLE `main_topics` (
  `id` int(11) NOT NULL,
  `batch_name` varchar(50) NOT NULL,
  `chapter` int(11) NOT NULL,
  `topic_name` varchar(255) NOT NULL,
  `created_at` timestamp NOT NULL DEFAULT current_timestamp()
) ENGINE=InnoDB DEFAULT CHARSET=utf8mb4 COLLATE=utf8mb4_general_ci;

--
-- Dumping data for table `main_topics`
--

INSERT INTO `main_topics` (`id`, `batch_name`, `chapter`, `topic_name`, `created_at`) VALUES
(7, 'B008', 1, 'Introduction to SOC & Cybersecurity + Job Description', '2025-11-28 12:01:32'),
(8, 'B008', 2, 'Networking & OS Basics for SOC', '2025-11-28 12:01:32'),
(9, 'B008', 3, 'Introduction to SIEM & Splunk', '2025-11-28 12:01:32'),
(10, 'B008', 4, 'Installing Splunk (Lab Setup)', '2025-11-28 12:01:32'),
(11, 'B008', 5, 'Forwarders & Data Onboarding', '2025-11-28 12:01:32'),
(12, 'B008', 6, 'Splunk SPL Basics – Part 1', '2025-11-28 12:01:32'),
(13, 'B008', 7, 'Splunk SPL Basics – Part 2', '2025-11-28 12:01:32'),
(14, 'B008', 8, 'Dashboards & Visualization', '2025-11-28 12:01:32'),
(15, 'B008', 9, 'Alert Monitoring & Triage (L1)', '2025-11-28 12:01:32'),
(16, 'B008', 10, 'Phishing & Malware Triage', '2025-11-28 12:01:32'),
(17, 'B008', 11, 'IOC Lookups & Threat Intel', '2025-11-28 12:01:32'),
(18, 'B008', 12, 'MITRE ATT&CK for L1', '2025-11-28 12:01:32'),
(19, 'B008', 13, 'Ticketing & Reporting (L1)', '2025-11-28 12:01:32'),
(20, 'B008', 14, 'Quiz + L1 Simulation Exercise + viva + written', '2025-11-28 12:01:32'),
(21, 'B008', 15, 'Advanced SPL for L2', '2025-11-28 12:01:32'),
(22, 'B008', 16, 'Detection Use Case Design', '2025-11-28 12:01:32'),
(23, 'B008', 17, 'Creating Custom Alerts', '2025-11-28 12:01:32'),
(24, 'B008', 18, 'Splunk Admin Tasks – Part 1', '2025-11-28 12:01:32'),
(25, 'B008', 19, 'Splunk Admin Tasks – Part 2', '2025-11-28 12:01:32'),
(26, 'B008', 20, 'Threat Hunting in Splunk', '2025-11-28 12:01:32'),
(27, 'B008', 21, 'Endpoint Log Analysis', '2025-11-28 12:01:32'),
(28, 'B008', 22, 'Network & Firewall Log Analysis', '2025-11-28 12:01:32'),
(29, 'B008', 23, 'RCA Report & Escalation Drill', '2025-11-28 12:01:32'),
(30, 'B008', 24, 'Capstone Project Day , Resume Building + Linkedin + Git Hub', '2025-11-28 12:01:32'),
(31, 'B010', 1, 'Introduction to Python Programming', '2025-12-02 12:49:47'),
(32, 'B010', 2, 'Variables and Data Types', '2025-12-02 12:49:47'),
(33, 'B010', 3, 'Operators in Python', '2025-12-02 12:49:47'),
(34, 'B010', 4, 'Control Flow and Conditional Statements', '2025-12-02 12:49:47'),
(35, 'B010', 5, 'Loops in Python', '2025-12-02 12:49:47'),
(36, 'B010', 6, 'Functions in Python', '2025-12-02 12:49:47'),
(37, 'B010', 7, 'File Handling', '2025-12-02 12:49:47'),
(38, 'B010', 8, 'Variables and Data Types', '2025-12-02 12:49:47'),
(39, 'B010', 9, 'Dictionaries', '2025-12-02 12:49:47'),
(40, 'B010', 10, 'Object-Oriented Programming (OOP)', '2025-12-02 12:49:47'),
(41, 'B010', 11, 'Working with APIs in Python', '2025-12-02 12:49:47'),
(42, 'B010', 12, 'Python for Automation', '2025-12-02 12:49:47'),
(43, 'B010', 13, 'Cryptography in Python', '2025-12-02 12:49:47'),
(44, 'B010', 14, 'Testing and Debugging in Python', '2025-12-02 12:49:47'),
(45, 'B010', 15, 'Building GUI Applications in Python', '2025-12-02 12:49:47'),
(46, 'B010', 16, 'Ethical Hacking with Python', '2025-12-02 12:54:05'),
(47, 'B010', 17, 'Password Cracking with Python', '2025-12-02 12:54:25'),
(48, 'B010', 18, 'Python Tools for Penetration Testing', '2025-12-02 12:54:25'),
(51, 'B028', 1, 'Introduction of Networking', '2025-12-10 12:36:06'),
(52, 'B028', 2, 'Types of Networks, Wired Vs Wireless Communication', '2025-12-10 12:38:43');

-- --------------------------------------------------------

--
-- Table structure for table `notifications`
--

CREATE TABLE `notifications` (
  `id` int(11) NOT NULL,
  `user_id` int(11) NOT NULL,
  `type` enum('feedback','message') NOT NULL,
  `reference_id` int(11) NOT NULL,
  `is_read` tinyint(1) NOT NULL DEFAULT 0,
  `created_at` timestamp NOT NULL DEFAULT current_timestamp()
) ENGINE=InnoDB DEFAULT CHARSET=utf8mb4 COLLATE=utf8mb4_general_ci;

--
-- Dumping data for table `notifications`
--

INSERT INTO `notifications` (`id`, `user_id`, `type`, `reference_id`, `is_read`, `created_at`) VALUES
(0, 55, '', 0, 0, '2025-12-03 08:38:59'),
(0, 57, '', 0, 0, '2025-12-03 08:40:31'),
(0, 57, '', 0, 0, '2025-12-03 08:43:03'),
(0, 57, '', 0, 0, '2025-12-03 08:55:25'),
(0, 57, '', 0, 0, '2025-12-03 08:56:31'),
(0, 71, '', 0, 0, '2025-12-03 08:56:31'),
(0, 65, '', 0, 0, '2025-12-03 08:56:31'),
(0, 60, '', 0, 0, '2025-12-03 08:56:31'),
(0, 48, '', 0, 0, '2025-12-03 08:56:31'),
(0, 50, '', 0, 0, '2025-12-03 08:56:31'),
(0, 256, '', 0, 0, '2025-12-03 08:56:31'),
(0, 51, '', 0, 0, '2025-12-03 08:56:31'),
(0, 46, '', 0, 0, '2025-12-03 08:56:31'),
(0, 52, '', 0, 0, '2025-12-03 08:56:31'),
(0, 62, '', 0, 0, '2025-12-03 08:56:31'),
(0, 56, '', 0, 0, '2025-12-03 08:56:31'),
(0, 54, '', 0, 0, '2025-12-03 08:56:31'),
(0, 47, '', 0, 0, '2025-12-03 08:56:31'),
(0, 257, '', 0, 0, '2025-12-03 08:56:31'),
(0, 53, '', 0, 0, '2025-12-03 08:56:31'),
(0, 69, '', 0, 0, '2025-12-03 08:56:31'),
(0, 67, '', 0, 0, '2025-12-03 08:56:31'),
(0, 58, '', 0, 0, '2025-12-03 08:56:31'),
(0, 61, '', 0, 0, '2025-12-03 08:56:31'),
(0, 63, '', 0, 0, '2025-12-03 08:56:31'),
(0, 49, '', 0, 0, '2025-12-03 08:56:31'),
(0, 254, '', 0, 0, '2025-12-03 08:56:31'),
(0, 255, '', 0, 0, '2025-12-03 08:56:31'),
(0, 70, '', 0, 0, '2025-12-03 08:56:31'),
(0, 68, '', 0, 0, '2025-12-03 08:56:31'),
(0, 57, '', 0, 0, '2025-12-03 09:04:03'),
(0, 71, '', 0, 0, '2025-12-03 11:03:10'),
(0, 65, '', 0, 0, '2025-12-03 11:03:10'),
(0, 60, '', 0, 0, '2025-12-03 11:03:10'),
(0, 48, '', 0, 0, '2025-12-03 11:03:10'),
(0, 50, '', 0, 0, '2025-12-03 11:03:10'),
(0, 256, '', 0, 0, '2025-12-03 11:03:10'),
(0, 51, '', 0, 0, '2025-12-03 11:03:10'),
(0, 46, '', 0, 0, '2025-12-03 11:03:10'),
(0, 52, '', 0, 0, '2025-12-03 11:03:10'),
(0, 62, '', 0, 0, '2025-12-03 11:03:10'),
(0, 56, '', 0, 0, '2025-12-03 11:03:10'),
(0, 54, '', 0, 0, '2025-12-03 11:03:10'),
(0, 47, '', 0, 0, '2025-12-03 11:03:10'),
(0, 257, '', 0, 0, '2025-12-03 11:03:10'),
(0, 53, '', 0, 0, '2025-12-03 11:03:10'),
(0, 69, '', 0, 0, '2025-12-03 11:03:10'),
(0, 67, '', 0, 0, '2025-12-03 11:03:10'),
(0, 58, '', 0, 0, '2025-12-03 11:03:10'),
(0, 61, '', 0, 0, '2025-12-03 11:03:10'),
(0, 63, '', 0, 0, '2025-12-03 11:03:10'),
(0, 49, '', 0, 0, '2025-12-03 11:03:10'),
(0, 55, '', 0, 0, '2025-12-03 11:03:10'),
(0, 254, '', 0, 0, '2025-12-03 11:03:10'),
(0, 255, '', 0, 0, '2025-12-03 11:03:10'),
(0, 70, '', 0, 0, '2025-12-03 11:03:10'),
(0, 68, '', 0, 0, '2025-12-03 11:03:10'),
(0, 59, '', 0, 0, '2025-12-03 11:03:10'),
(0, 66, '', 0, 0, '2025-12-04 09:49:58'),
(0, 237, '', 0, 0, '2025-12-04 10:07:08'),
(0, 170, '', 0, 0, '2025-12-04 10:07:08'),
(0, 176, '', 0, 0, '2025-12-04 10:07:08'),
(0, 175, '', 0, 0, '2025-12-04 10:07:08'),
(0, 180, '', 0, 0, '2025-12-04 10:07:08'),
(0, 167, '', 0, 0, '2025-12-04 10:07:08'),
(0, 223, '', 0, 0, '2025-12-04 10:07:08'),
(0, 177, '', 0, 0, '2025-12-04 10:07:08'),
(0, 165, '', 0, 0, '2025-12-04 10:07:08'),
(0, 222, '', 0, 0, '2025-12-04 10:07:08'),
(0, 174, '', 0, 0, '2025-12-04 10:07:08'),
(0, 179, '', 0, 0, '2025-12-04 10:07:08'),
(0, 168, '', 0, 0, '2025-12-04 10:07:08'),
(0, 178, '', 0, 0, '2025-12-04 10:07:08'),
(0, 164, '', 0, 0, '2025-12-04 10:07:08'),
(0, 169, '', 0, 0, '2025-12-04 10:07:08'),
(0, 171, '', 0, 0, '2025-12-04 10:07:08'),
(0, 182, '', 0, 0, '2025-12-04 10:07:08'),
(0, 240, '', 0, 0, '2025-12-04 10:07:08'),
(0, 155, '', 0, 0, '2025-12-04 10:11:31'),
(0, 159, '', 0, 0, '2025-12-04 10:11:31'),
(0, 160, '', 0, 0, '2025-12-04 10:11:31'),
(0, 152, '', 0, 0, '2025-12-04 10:11:31'),
(0, 13, '', 0, 0, '2025-12-04 11:57:20'),
(0, 45, '', 0, 0, '2025-12-05 10:01:42'),
(0, 31, '', 0, 0, '2025-12-05 10:01:42'),
(0, 267, '', 0, 0, '2025-12-10 11:21:37'),
(0, 269, '', 0, 0, '2025-12-10 11:21:37'),
(0, 268, '', 0, 0, '2025-12-10 11:21:37'),
(0, 266, '', 0, 0, '2025-12-10 11:21:37'),
(0, 267, '', 0, 0, '2025-12-10 11:23:41'),
(0, 269, '', 0, 0, '2025-12-10 11:23:41'),
(0, 268, '', 0, 0, '2025-12-10 11:23:41'),
(0, 266, '', 0, 0, '2025-12-10 11:23:41'),
(0, 229, '', 0, 0, '2025-12-11 08:06:18');

-- --------------------------------------------------------

--
-- Table structure for table `proctored_exams`
--

CREATE TABLE `proctored_exams` (
  `exam_id` varchar(10) NOT NULL,
  `batch_id` varchar(10) NOT NULL,
  `exam_date` date NOT NULL,
  `mode` enum('Online','Offline') NOT NULL,
  `duration` int(11) DEFAULT NULL COMMENT 'Minutes',
  `proctor_name` varchar(50) DEFAULT NULL,
  `malpractice_cases` int(11) DEFAULT 0
) ENGINE=InnoDB DEFAULT CHARSET=utf8mb4 COLLATE=utf8mb4_general_ci;

-- --------------------------------------------------------

--
-- Table structure for table `reports`
--

CREATE TABLE `reports` (
  `report_id` varchar(12) NOT NULL,
  `batch_id` varchar(10) NOT NULL,
  `month` date NOT NULL,
  `generated_on` datetime DEFAULT current_timestamp(),
  `report_type` enum('Monthly','Exam','Feedback') NOT NULL,
  `file_path` varchar(255) DEFAULT NULL
) ENGINE=InnoDB DEFAULT CHARSET=utf8mb4 COLLATE=utf8mb4_general_ci;

-- --------------------------------------------------------

--
-- Table structure for table `schedule`
--

CREATE TABLE `schedule` (
  `id` int(11) NOT NULL,
  `batch_id` varchar(10) NOT NULL,
  `schedule_date` date NOT NULL,
  `start_time` time NOT NULL,
  `end_time` time NOT NULL,
  `topic` varchar(255) NOT NULL,
  `description` text DEFAULT NULL,
  `is_cancelled` tinyint(1) DEFAULT 0,
  `cancellation_reason` text DEFAULT NULL,
  `created_at` timestamp NOT NULL DEFAULT current_timestamp(),
  `created_by` int(11) DEFAULT NULL,
  `is_back_schedule` tinyint(1) DEFAULT 0
) ENGINE=InnoDB DEFAULT CHARSET=utf8mb4 COLLATE=utf8mb4_general_ci;

--
-- Dumping data for table `schedule`
--

INSERT INTO `schedule` (`id`, `batch_id`, `schedule_date`, `start_time`, `end_time`, `topic`, `description`, `is_cancelled`, `cancellation_reason`, `created_at`, `created_by`, `is_back_schedule`) VALUES
(1, 'B001', '2025-11-26', '16:55:00', '20:58:00', 'trew', '', 0, NULL, '2025-11-25 09:24:19', 1, 0),
(2, 'B001', '2025-11-28', '13:48:00', '15:51:00', 'Non Sense', 'without sense', 0, NULL, '2025-11-27 07:20:00', 1, 0),
(3, 'B001', '2025-11-27', '13:48:00', '15:51:00', 'Non Sense', 'without sense', 0, NULL, '2025-11-27 07:21:01', 1, 0),
(5, 'B028', '2025-12-05', '14:30:00', '16:00:00', '10: Encapsulation & IPv4 Packet', 'Protocols', 0, NULL, '2025-12-05 12:14:02', 1, 0),
(6, 'B028', '2025-12-10', '14:30:00', '16:00:00', 'VLAN , Intervlan methods', '', 0, NULL, '2025-12-10 12:26:36', 1, 0),
(10, 'B028', '2025-12-02', '14:30:00', '16:00:00', '9.1 TCP/IP Model Overview', '', 0, NULL, '2025-12-10 12:33:10', 1, 1),
(11, 'B028', '2025-12-03', '14:30:00', '16:00:00', '9.3 Comparison: OSI vs TCP/IP ,   Protocols (ICMP, ARP, IP, TCP, UDP)', '', 0, NULL, '2025-12-10 12:40:55', 1, 1),
(12, 'B028', '2025-12-04', '14:30:00', '16:00:00', 'Protocols and doubt session', '', 0, NULL, '2025-12-10 12:42:12', 1, 1),
(13, 'B028', '2025-12-08', '14:30:00', '16:00:00', 'Practical basic commands', '', 0, NULL, '2025-12-10 12:45:32', 1, 1),
(14, 'B028', '2025-12-09', '14:30:00', '16:00:00', 'Switch boot process , MAC and ARP', '', 0, NULL, '2025-12-10 12:47:51', 1, 1),
(15, 'B028', '2025-12-11', '14:30:00', '16:00:00', ' DTP & VLAN Ports…', '', 0, NULL, '2025-12-11 05:29:48', 1, 0),
(16, 'B028', '2025-12-06', '11:00:00', '13:00:00', 'Weekly Test Chp - 7 to 10 & Doubts', '', 0, NULL, '2025-12-11 05:31:12', 1, 1),
(17, 'B028', '2025-12-12', '14:30:00', '16:00:00', 'Spanning Tree Protocol', '', 0, NULL, '2025-12-11 05:35:20', 1, 0),
(18, 'B028', '2025-12-13', '14:30:00', '16:00:00', ' EtherChannel', '', 0, NULL, '2025-12-11 05:37:47', 1, 0),
(19, 'B028', '2025-12-15', '14:30:00', '16:00:00', 'port security', '', 0, NULL, '2025-12-11 05:38:42', 1, 0),
(20, 'B028', '2025-12-16', '14:30:00', '16:00:00', 'routing intro , Static Routing Configuration', '', 0, NULL, '2025-12-11 05:39:29', 1, 0),
(21, 'B028', '2025-12-17', '14:30:00', '16:00:00', 'RIP theory , practical', '', 0, NULL, '2025-12-11 05:40:21', 1, 0),
(22, 'B028', '2025-12-18', '14:30:00', '16:00:00', 'EIGRP Theory , practical ', '', 0, NULL, '2025-12-11 05:41:08', 1, 0),
(23, 'B028', '2025-12-19', '14:30:00', '16:00:00', 'OSPF theory', '', 0, NULL, '2025-12-11 05:41:47', 1, 0),
(24, 'B028', '2025-12-20', '14:30:00', '16:00:00', 'OSPF practical', '', 0, NULL, '2025-12-11 05:51:17', 1, 0),
(25, 'B028', '2025-12-22', '14:30:00', '16:00:00', 'ACL (standard and extended)', '', 0, NULL, '2025-12-11 05:52:02', 1, 0),
(26, 'B028', '2025-12-23', '14:30:00', '16:00:00', 'DHCP Snooping & Authentication', '', 0, NULL, '2025-12-11 05:52:37', 1, 0),
(27, 'B028', '2025-12-24', '14:30:00', '16:00:00', ' NAT & PAT Concepts', '', 0, NULL, '2025-12-11 05:53:21', 1, 0),
(29, 'B028', '2025-12-25', '14:30:00', '16:00:00', ' Remote Device Access (Telnet , SSH)', '', 0, NULL, '2025-12-11 05:54:58', 1, 0),
(30, 'B028', '2025-12-26', '14:30:00', '16:00:00', 'Network Monitoring Tools…', '', 0, NULL, '2025-12-11 05:55:32', 1, 0),
(31, 'B028', '2025-12-27', '14:30:00', '16:00:00', 'IPV6 and types', '', 0, NULL, '2025-12-11 05:56:03', 1, 0),
(32, 'B028', '2025-12-29', '14:30:00', '16:00:00', 'Wireless Devices & Standards , topologies', '', 0, NULL, '2025-12-11 05:56:28', 1, 0),
(33, 'B028', '2025-12-30', '14:30:00', '16:00:00', 'Security Threats', '', 0, NULL, '2025-12-11 05:56:57', 1, 0);

-- --------------------------------------------------------

--
-- Table structure for table `students`
--

CREATE TABLE `students` (
  `student_id` varchar(50) NOT NULL,
  `course` int(11) DEFAULT NULL,
  `user_id` int(11) DEFAULT NULL,
  `first_name` varchar(100) NOT NULL,
  `last_name` varchar(100) NOT NULL,
  `email` varchar(150) DEFAULT NULL,
  `phone_number` varchar(20) DEFAULT NULL,
  `date_of_birth` date DEFAULT NULL,
  `enrollment_date` date NOT NULL,
  `current_status` enum('active','dropped','on hold','transferred','completed') NOT NULL DEFAULT 'active',
  `batch_name` varchar(100) DEFAULT NULL,
  `dropout_date` date DEFAULT NULL,
  `dropout_reason` text DEFAULT NULL,
  `dropout_processed_by` int(11) DEFAULT NULL,
  `dropout_processed_at` datetime DEFAULT NULL,
  `father_name` varchar(200) DEFAULT NULL,
  `father_phone_number` varchar(20) DEFAULT NULL,
  `father_email` varchar(150) DEFAULT NULL,
  `state` varchar(100) DEFAULT NULL,
  `password_hash` varchar(255) NOT NULL,
  `last_login` datetime DEFAULT NULL,
  `profile_picture` varchar(255) DEFAULT NULL
) ENGINE=InnoDB DEFAULT CHARSET=utf8mb4 COLLATE=utf8mb4_general_ci;

--
-- Dumping data for table `students`
--

INSERT INTO `students` (`student_id`, `course`, `user_id`, `first_name`, `last_name`, `email`, `phone_number`, `date_of_birth`, `enrollment_date`, `current_status`, `batch_name`, `dropout_date`, `dropout_reason`, `dropout_processed_by`, `dropout_processed_at`, `father_name`, `father_phone_number`, `father_email`, `state`, `password_hash`, `last_login`, `profile_picture`) VALUES
('STD001', 1, 13, 'Topper', 'Singh', 'jsb12011997@gmail.com', '8302188617', '1997-01-12', '2025-09-02', 'active', 'B015', NULL, NULL, NULL, NULL, 'Satpal Singh Brar', '7733012222', '', NULL, '$2y$10$s4Mky/APIIulGTOfgn/a/.lo51JH8WVRXMirG8Z9ASrp1JQTtr/sC', NULL, '../uploads/profile_pictures/student_STD001_1759219066.jpg'),
('STD002', 1, 15, 'Sawan', 'Gupta', 'sg4471382@gmail.com', '8871420730', '2007-08-17', '2025-09-02', 'active', 'B001', NULL, NULL, NULL, NULL, 'Rakesh Gupta', '6260033682', '', NULL, '$2y$10$6Gr5L8KtbMrDWMh1ui0J.uMFwaQbZPe/SAKKLORicBdH6Kcj6tUXm', NULL, '../uploads/profile_pictures/student_STD002_1756973465.jpg'),
('STD003', 1, 30, 'Bhavishya ', 'Kalal', 'bhavishyaporwal8@gmail.com', '9407242917', '2007-12-04', '2025-09-04', 'active', 'B001', NULL, NULL, NULL, NULL, 'Bherulal kalal', '9303961108', '', NULL, '$2y$10$23jOkWQwho/RNrXBcPM8sOit9dw0ZjxVNMpjWd0ar5ZsX2rURFaBe', NULL, '../uploads/profile_pictures/student_1756973850.jpg'),
('STD004', 4, 31, 'Mohit', 'Yadav', 'ahirmohit029@gmail.com', '9368238934', '2001-07-11', '2025-09-04', 'active', 'B028', NULL, NULL, NULL, NULL, 'Avdhesh singh yadav', '9761677143', '', '', '$2y$10$/xCCvt0OqwbZrJJLeWjr4eaX.m5BEPNt.n.rVSUFzTXKutzBhKdwS', NULL, '../uploads/profile_pictures/student_1756974068.jpg'),
('STD005', 1, 32, 'Gadde', 'Bhanu Prasad', 'bhanu.g1243@gmail.com', '6300594145', '2003-01-25', '2025-05-05', 'active', 'B001', NULL, NULL, NULL, NULL, 'Gadde Sandhya', '8341449252', '', NULL, '$2y$10$2ivrtBBKnEhzr6ASb5g.Kebp9q.E07XY2jHS2MrGZPI7jbPVK6xcy', NULL, '../uploads/profile_pictures/student_1756975831.jpg'),
('STD006', 1, 33, 'Lokesh', 'Suman', 'lokeshsuman439@gmail.com', '8955170833', '0001-01-01', '2025-05-01', 'dropped', 'B001', '2025-09-04', 'Not Understanding & financial Issues', 1, '2025-09-04 08:56:58', '', '', '', NULL, '$2y$10$MXu66UubgGEexSDTGBtd8O5zEHc4KtM7MUyD3nXqQrot2iBBVsSy2', NULL, '../uploads/profile_pictures/student_1756976161.jpg'),
('STD007', 1, 34, 'Umang ', 'Pandya', 'umngpandya@gmail.com', '9982869992', '2003-04-12', '2025-05-23', 'active', 'B001', NULL, NULL, NULL, NULL, 'Dayalal Pandya ', '8094436375', '', NULL, '$2y$10$6b74BIDjuuT0Gr9yZHVdH.F3F6uUHv7XJNjRfG3gmXKqiBtYeWHii', NULL, '../uploads/profile_pictures/student_1756976728.jpg'),
('STD008', 1, 35, 'Tejas', 'Gupta', 'guptatejas651@gmail.com', '8278508881', '2003-07-29', '2025-05-31', 'active', 'B001', NULL, NULL, NULL, NULL, 'Anil Gupta', '9896019047', '', NULL, '$2y$10$H0aRfsWwGyTaAn2JowdCWOOcNJNZEbV71d2SJbYjcaWQcBKV1R0YS', NULL, '../uploads/profile_pictures/student_1756977024.jpg'),
('STD009', 4, 36, 'Himanshu', 'Saini', 'hs787710@gmail.com', ' ‪9694343408‬', '2008-06-07', '2025-05-30', 'active', 'B028', NULL, NULL, NULL, NULL, 'Satya Narayan Saini', '8000274106', '', NULL, '$2y$10$.LQ0HK76GdpiVQ4dUFMOeu3xDqisT5yjs6wM38nPU0g9awwm0mDoq', NULL, '../uploads/profile_pictures/student_STD009_1764926625.jpeg'),
('STD010', 1, 37, 'Jitendra ', 'Saini', 'jsaini2479@gmail.com', '7062408836‬', '2005-04-04', '2025-06-03', 'dropped', 'B001', '2025-10-06', '', NULL, NULL, 'Ramesh Chandra', '9024443368', '', NULL, '$2y$10$4l5Uq8J7o/e/y7w4rzl/9eL1.9zoYIPQ73.3nSohAQgw2/oQQE3LC', NULL, '../uploads/profile_pictures/student_1756977376.jpg'),
('STD011', 4, 38, 'Rohit', 'Prajapati', 'rohitprajapati358@gmail.com', ' 6367821846‬   ', '2006-10-23', '2025-06-12', 'active', 'B028', NULL, NULL, NULL, NULL, 'Ashutosh Prajapati', '8890257924', '', NULL, '$2y$10$Gnnxhxlxrqpa1ZklmOy/IuUu.hAF.BjyadmINKMQXnpguxP09NWwC', NULL, '../uploads/profile_pictures/student_1756977556.jpg'),
('STD012', 1, 39, 'Aaditya ', 'Sharma', 'adityawork081103@gmail.com', '9660667519', '2003-11-08', '2025-09-13', 'active', 'B001', NULL, NULL, NULL, NULL, 'Rakesh Sharma', '9414937519', '', 'Canada', '$2y$10$s6XuOjRcbvSEuq/58iPeSe5jYU19AxOTaDkAxffVifQNt710hPSlS', NULL, '../uploads/profile_pictures/student_1756977985.jpg'),
('STD013', 4, 40, 'Goutam', 'Panwar', 'Goutampanwar62@gmail.com', '9302636525', '0001-01-01', '2025-07-04', 'active', 'B001', NULL, NULL, NULL, NULL, 'mansharam panawar', '9111150546', '', NULL, '$2y$10$3ctA3HPYAB1FrSOGvJb8BeDsNEZEUaao2LPTYhHTfOXt824SdO1le', NULL, '../uploads/profile_pictures/student_1756978373.jpg'),
('STD014', 1, 41, 'Somi', 'Raj', 'rsomi930@gmail.com', '9755350629', '0001-01-01', '2025-05-22', 'active', 'B001', NULL, NULL, NULL, NULL, 'bhushan Singh', '9631219756', '', NULL, '$2y$10$7tc3rzHeNxyGRXiewz6Jy.uA4bdD5MqfSvoA4fbE1izDfLV5/encW', NULL, NULL),
('STD015', 1, 42, 'Rakesh ', 'Kumar', 'rakesh8003533455@gmail.com', '7878952492', '0001-01-01', '2025-05-22', 'on hold', 'B001', NULL, NULL, NULL, NULL, 'Rampal', '7878952492', '', NULL, '$2y$10$k6pITKcJPvbYOnmpHnrCcuHZuwPrAGaDjTDkJymhgGbiJ4idxDCqG', NULL, NULL),
('STD016', 1, 43, 'Yash ', 'Nishane', 'yashnishane04@gmail.com', '7972558217', '2003-07-12', '2025-07-26', 'on hold', 'B001', NULL, NULL, NULL, NULL, 'Chandu Nishane', '9960333945', '', NULL, '$2y$10$dcKn2BNQ8XpZeA4/hhS6GezHCoS.0hy6l86CL576A4o23UAF63FRi', NULL, '../uploads/profile_pictures/student_1756979161.jpg'),
('STD017', 1, 44, 'Virendra', 'Sharma', 'virendrakarate.22@gmail.com', '6375926783', '2007-05-20', '2025-07-31', 'active', 'B008', NULL, NULL, NULL, NULL, '', '', '', NULL, '$2y$10$0tNS1Ia3k8LNd.4CTVw6nu7U/beztW26YholkpF1xo3RefzmoGa8K', NULL, '../uploads/profile_pictures/student_1756979631.jpg'),
('STD018', 4, 45, 'Aditya', 'Yadav', 'jiiadityayadav101@gmail.com', '9758040835', '0001-01-01', '2025-08-13', 'active', 'B028', NULL, NULL, NULL, NULL, '', '', '', '', '$2y$10$UNAIu76IXZpOSbAC9pF2iuhlZZX3PysZUGFaZKVa85BeA1O.DroeC', NULL, '../uploads/profile_pictures/student_1756979801.jpg'),
('STD019', 1, 46, 'Bhavya', 'Wade', 'bhavyawade2@gmail.com', '7798807904', '2001-01-01', '2025-03-03', 'active', 'B018', NULL, NULL, NULL, NULL, 'Bhushan Wade', '7798807920', '', NULL, '', NULL, '../uploads/profile_pictures/student_STD019_1759218885.jpg'),
('STD020', 1, 47, 'Kavya', 'Wade', 'kavyawade@gmail.com', '8149677920', '2001-01-02', '2025-03-03', 'active', 'B018', NULL, NULL, NULL, NULL, 'Bhushan Wade', '7798807920', '', NULL, '', NULL, NULL),
('STD021', 1, 48, 'Amar', 'Singh', 'amarsingh1107940@gmail.com', '9651853057', '2001-01-03', '2025-03-11', 'active', 'B018', NULL, NULL, NULL, NULL, 'Ramchandra', '9219520396', '', NULL, '', NULL, '../uploads/profile_pictures/student_STD021_1759218564.jpg'),
('STD022', 1, 49, 'Shardha', 'Jadhav', 'pushpraj1998jadhav@gmail.com', '9156440313', '2001-01-04', '2025-03-18', 'active', 'B018', NULL, NULL, NULL, NULL, 'Gopal Rao', '9421611714', '', NULL, '', NULL, NULL),
('STD023', 1, 50, 'Ananad', 'Mishra', 'am7107521@gmail.com', '7827108742', '2001-01-05', '2025-03-22', 'active', 'B018', NULL, NULL, NULL, NULL, 'Arvind Mishra', '9868971578', '', NULL, '', NULL, NULL),
('STD024', 1, 51, 'Anshu', 'Kushwaha', 'kushwahaanshu753@gmail.com', '8299320309', '2001-01-06', '2025-03-26', 'active', 'B018', NULL, NULL, NULL, NULL, 'Anuj Kumar', '8299320309', '', NULL, '', NULL, '../uploads/profile_pictures/student_STD024_1759218840.jpg'),
('STD025', 1, 52, 'Chandan', 'Kumar', 'ck3355908@gmail.com', '8825188519', '2001-01-07', '2025-03-27', 'active', 'B018', NULL, NULL, NULL, NULL, 'Hansh Lal Thakur', '8825188519', '', NULL, '', NULL, NULL),
('STD026', 1, 53, 'Melvin', 'Babu', 'melvinbabu0119@gmail.com', '7877581008', '2001-01-08', '2025-04-01', 'active', 'B018', NULL, NULL, NULL, NULL, 'Babu K.T.', '7851024125', '', NULL, '', NULL, '../uploads/profile_pictures/student_STD026_1759213131.jpg'),
('STD027', 1, 54, 'Kanishk', 'Bhardwaj', 'kanishkbharadwaj@gmail.com', '9660771245', '2001-01-09', '2024-12-14', 'active', 'B018', NULL, NULL, NULL, NULL, 'SHRI SHYAM SUNDER SHARMA', '9414963014', '', NULL, '', NULL, NULL),
('STD028', 1, 55, 'Sidharth', 'Bhanot', 'sidharth3579@gmail.com', '6284559779', '2001-01-10', '2025-04-03', 'dropped', 'B018', '2025-12-10', '', NULL, NULL, 'Ram tirath Bhanot', '9815598227', '', '', '', NULL, NULL),
('STD029', 1, 56, 'Harvinder', 'Singh', 'officialharvindersingh63@gmail.com', '9115094580', '2001-01-11', '2025-04-05', 'active', 'B018', NULL, NULL, NULL, NULL, 'Manjeet Singh', '8840158241', '', NULL, '', NULL, NULL),
('STD030', 2, 57, 'Abhishek', 'Sah', 'abhisheksah98967@gmail.com', '9867010428', '2001-01-12', '2025-03-18', 'active', 'B018', NULL, NULL, NULL, NULL, 'Pradeep Sah', '9892722331', '', '', '', NULL, '../uploads/profile_pictures/student_STD030_1759219021.jpg'),
('STD031', 2, 58, 'Rahul Vinod', 'Devkar', 'rahuldevkar707@gmail.com', '7208769302', '2001-01-13', '2025-03-18', 'active', 'B018', NULL, NULL, NULL, NULL, 'Vinod Devkar', '7977243939', '', NULL, '', NULL, NULL),
('STD032', 2, 59, 'Vishal', 'Kumar', 'vishalkc2005@gmail.com', '7827212690', '2001-01-14', '2024-10-28', 'active', 'B018', NULL, NULL, NULL, NULL, 'Uday Bhan Chouhan', '8800192461', '', NULL, '', NULL, NULL),
('STD033', 2, 60, 'Aman', 'Singh', 'amans97349@gmail.com', '9258874099', '2001-01-15', '2025-03-24', 'active', 'B018', NULL, NULL, NULL, NULL, 'banwari Singh', '9627509931', '', NULL, '', NULL, NULL),
('STD034', 2, 61, 'Sangam', 'Kumar Patel', 'Sangampatel7043@gmail.com', '6393202276', '2001-01-16', '2025-04-01', 'active', 'B018', NULL, NULL, NULL, NULL, 'Suresh Kumar Patel', '8520041834', '', NULL, '', NULL, NULL),
('STD035', 2, 62, 'Guru Prasad', 'Yadav', 'guruparsadyadav2325@gmail.com', '9695811194', '2001-01-17', '2025-01-28', 'active', 'B018', NULL, NULL, NULL, NULL, 'Vijay Kumar Yadav', '9695811194', '', NULL, '', NULL, NULL),
('STD036', 2, 63, 'Sawyam', 'Dhar', 'rumrumdhar80@gmail.com', '8017803547', '2001-01-18', '2025-02-20', 'active', 'B018', NULL, NULL, NULL, NULL, 'Subrata Dhar', '8100460090', '', NULL, '', NULL, NULL),
('STD037', 1, 64, 'Harshul Dev', 'Prajapati', 'harshul.t11@gmail.com', '9468695960', '2001-01-19', '2025-02-24', 'completed', 'B011', NULL, NULL, NULL, NULL, 'Radhey Shyam Prajapati', '9667739144', '', NULL, '', NULL, NULL),
('STD038', 1, 65, 'Ajay', 'Kumar', 'tridevcyberwarrior@gmail.com', '6205190328', '2001-01-20', '2025-03-03', 'active', 'B018', NULL, NULL, NULL, NULL, 'Kedar Mahto', '9934573400', '', NULL, '', NULL, NULL),
('STD039', 2, 66, 'Parth', 'Miruiya', 'parthmiroliya711@gmail.com', '9016008424', '2001-01-21', '2025-03-04', 'active', 'B018', NULL, NULL, NULL, NULL, 'HareshBhai Miruliya', '6354711722', '', NULL, '', NULL, NULL),
('STD040', 1, 67, 'Rahul', 'Lad', 'rahullad2342@gmail.com', '7755992342', '2001-01-22', '2025-03-04', 'active', 'B018', NULL, NULL, NULL, NULL, 'Maruti', '0', '', NULL, '', NULL, NULL),
('STD041', 1, 68, 'Takshil', 'Patel', 'takshilpatel2204@gmail.com', '9328615070', '2001-01-23', '2025-03-04', 'active', 'B018', NULL, NULL, NULL, NULL, 'Alisha Patel', '76210 98762', '', NULL, '', NULL, NULL),
('STD042', 1, 69, 'Prem Tejash', 'Patil', 'prempatil2608@gmail.com', '9028586517', '2001-01-24', '2025-03-07', 'active', 'B018', NULL, NULL, NULL, NULL, 'Tejesh Ramchandra Patil', '9272610844', '', NULL, '', NULL, NULL),
('STD043', 2, 70, 'Suraj', 'Kumar', 'abhishekkumar9939335965@gmail.com', '6207780228', '2001-01-25', '2025-04-18', 'active', 'B018', NULL, NULL, NULL, NULL, 'Digvijay narayan ray', '9939293483', '', NULL, '', NULL, NULL),
('STD044', 1, 71, 'Aditya Pratap', 'Singh', 'aditya983887@gmail.com', '7310221757‬', '2001-01-26', '2025-05-19', 'active', 'B018', NULL, NULL, NULL, NULL, 'Rajender Singh', '9554541573', '', NULL, '', NULL, NULL),
('STD045', 1, 72, 'Surajit', 'Ghosh', 'surajitghoshhh@gmail.com', '8101504710', '2001-01-27', '2025-04-03', 'active', 'B008', NULL, NULL, NULL, NULL, 'Sujit Kumar Ghosh', '9232695673', '', NULL, '', NULL, '../uploads/profile_pictures/student_STD045_1759213531.jpg'),
('STD046', 1, 73, 'Anurag', 'Shrivastav', 'kumaranurag110@gmail.com', '8540013418', '2001-01-28', '2025-04-09', 'active', 'B008', NULL, NULL, NULL, NULL, 'Ranbir Sriwastava', '8409764310', '', NULL, '', NULL, NULL),
('STD048', 1, 74, 'Ramandeep', 'Singh', 'ramandeepchopra6@gmail.com', '6377611590', '2001-01-30', '2025-04-15', 'dropped', 'B008', '2025-10-15', '', NULL, NULL, 'Hansraj', '6375453215', '', NULL, '', NULL, NULL),
('STD049', 1, 75, 'Yash', 'Kolhe', 'yashkolhe331@gmail.com', '7218292696', '2001-01-31', '2025-04-15', 'active', 'B007', NULL, NULL, NULL, NULL, 'Sunil', '8698437850', '', NULL, '', NULL, NULL),
('STD050', 1, 76, 'Amit', 'Kumar', 'akphysicshub123@gmail.com', '9672576737', '2001-02-01', '2025-04-18', 'completed', 'B010', NULL, NULL, NULL, NULL, 'Jagdeesh jangir', '6376673002', '', NULL, '', NULL, NULL),
('STD051', 1, 77, 'Adil', 'Khan', 'mdadilkhan540@gmail.com', '9166763399', '2001-02-02', '2025-04-21', 'active', 'B008', NULL, NULL, NULL, NULL, 'Shamim Ahamd Khan', '9509815526', '', NULL, '', NULL, '../uploads/profile_pictures/student_STD051_1759213008.jpg'),
('STD052', 1, 78, 'Gunjan', 'Tak', 'gunutak14@gmail.com', '6378258129', '2001-02-03', '2025-04-21', 'active', 'B008', NULL, NULL, NULL, NULL, 'Rajendra Prasad Tak', '8619536695', '', NULL, '', NULL, '../uploads/profile_pictures/student_STD052_1759213656.jpg'),
('STD053', 1, 79, 'Kunal', 'Jat', 'khat16397@gmail.com', '9179781036', '2001-02-04', '2025-03-22', 'on hold', 'B008', NULL, NULL, NULL, NULL, 'Father Name', '0', '', NULL, '', NULL, NULL),
('STD054', 1, 80, 'Chetan', 'Das', 'chetandas919@gmail.com', '8092688634', '2001-02-05', '2025-04-23', 'on hold', 'B008', NULL, NULL, NULL, NULL, 'Suresh Ram', '8809079272', '', NULL, '', NULL, NULL),
('STD055', 1, 81, 'Kalpit', '-', 'Kalpitchouhan18@gmail.com', '9376415213', '2001-02-06', '2025-03-04', 'on hold', 'B008', NULL, NULL, NULL, NULL, 'Dinesh Kumar', '7300159779', '', NULL, '', NULL, NULL),
('STD056', 1, 82, 'Shaik', 'abubakrsiddiq', 'shaikabu58@gmail.com', '7013396577', '2001-02-07', '2025-04-24', 'active', 'B008', NULL, NULL, NULL, NULL, 'Father Name', '0', '', NULL, '', NULL, NULL),
('STD057', 1, 83, 'Lalit', 'Dagur', 'lalit321@gmail.com', '7229922428', '2001-02-08', '2025-04-24', 'active', 'B008', NULL, NULL, NULL, NULL, 'Father Name', '0', '', NULL, '', NULL, NULL),
('STD058', 1, 84, 'Arambakam', 'Nanda Kishore', 'nkvk1432@gmail.com', '7993617792‬', '2001-02-09', '2025-05-05', 'active', 'B008', NULL, NULL, NULL, NULL, 'Arambakam venkata ramaraju', '9553733412', '', NULL, '', NULL, NULL),
('STD059', 2, 85, 'Sharon', 'Joshi', 'sharonjoshi0802@gmail.com', '9156767842', '2001-02-10', '2025-04-04', 'active', 'B008', NULL, NULL, NULL, NULL, 'Satej Joshi', '8180961352', '', NULL, '', NULL, NULL),
('STD060', 2, 86, 'Gitanshu', '-', 'gitanshu971@gmail.com', '9257257136', '2001-02-11', '2025-04-05', 'active', 'B008', NULL, NULL, NULL, NULL, 'Narayan Das', '9057576736', '', NULL, '', NULL, NULL),
('STD061', 2, 87, 'Atharv', 'Bhandari', 'atharv.bhandari.asd@gmail.com', '9828573236', '2001-02-12', '2025-04-15', 'active', 'B008', NULL, NULL, NULL, NULL, 'Ajay kumar bhandari', '9828541564', '', NULL, '', NULL, NULL),
('STD062', 2, 88, 'Vishal', 'Ashokan', 'Vishal.a1990@gmail.com', '7423470093', '2001-02-13', '2025-04-23', 'active', 'B008', NULL, NULL, NULL, NULL, 'Ashokan K', '9893352889', '', NULL, '', NULL, NULL),
('STD063', 1, 89, 'Deepak', 'Jindal', 'deepakjindal265@gmail.com', '9356415446', '2001-02-14', '2025-04-29', 'active', 'B008', NULL, NULL, NULL, NULL, 'Ravinder Kumar', '9316625667', '', NULL, '', NULL, NULL),
('STD064', 2, 90, 'Swaraj', 'Patil', 'patilswaraj60@gmail.com', '9422420089‬‬', '2001-02-15', '2025-06-24', 'active', 'B009', NULL, NULL, NULL, NULL, 'Shivraj Patil', '7020808516', '', NULL, '', NULL, NULL),
('STD065', 2, 91, 'Arjun', 'Panchal', 'panchalg530@gmail.com', '7777010596‬‬', '2001-02-16', '2025-06-23', 'active', 'B009', NULL, NULL, NULL, NULL, 'Ram Kumar Panchal', '9991424908', '', NULL, '', NULL, NULL),
('STD066', 2, 92, 'Jatin', 'Yadav', 'mrblade660@gmail.com', '‪9643042712‬‬', '2001-02-17', '2025-07-05', 'active', 'B009', NULL, NULL, NULL, NULL, 'Vishnu yadav', '9953996949', '', NULL, '', NULL, NULL),
('STD067', 1, 93, 'Jijith', 'kakkarakkal', 'jijith_k@hotmail.com', '9995411649', '2001-02-18', '2025-06-23', 'on hold', 'B009', NULL, NULL, NULL, NULL, 'Pradeep Kumar', '9995411649', '', NULL, '', NULL, NULL),
('STD068', 1, 94, 'Mohammed', 'Raza Bhojani', 'bhojanimohammedraza@gmail.com', '9016465998', '2001-02-19', '2025-06-24', 'active', 'B009', NULL, NULL, NULL, NULL, 'Naushad', '6354747120', '', NULL, '', NULL, NULL),
('STD069', 1, 95, 'Umashankar', 'Gurjar', 'udaygujjar566@gmail.com', '‪‪7014455029‬‬', '2001-02-20', '2025-06-24', 'active', 'B009', NULL, NULL, NULL, NULL, 'Ramkesh Gurjar', '8005989800', '', NULL, '', NULL, NULL),
('STD070', 1, 96, 'Abhishek', 'kumar', 'abhishekaryan7372@gmail.com', '6207372219', '2001-02-21', '2025-06-26', 'active', 'B009', NULL, NULL, NULL, NULL, 'Anil Kumar', '9934628453', '', NULL, '', NULL, '../uploads/profile_pictures/student_STD070_1759218609.jpg'),
('STD071', 1, 97, 'Shrikant', 'uikey', 'su311984@gmail.com', '‪‪8225800263‬‬', '2001-02-22', '2025-06-26', 'active', 'B009', NULL, NULL, NULL, NULL, 'Ram Singh Uikey', '9617995453', '', NULL, '', NULL, NULL),
('STD072', 1, 98, 'Dayawanti', 'Saini', 'sainidaya2005@gmail.com', '‪‪9253173557‬‬', '2001-02-23', '2025-07-01', 'active', 'B009', NULL, NULL, NULL, NULL, 'Baljit Saini', '9896733557', '', NULL, '', NULL, NULL),
('STD073', 1, 99, 'Bhagwan', 'mahale', 'mahalebhagavn744@gmail.com', '  ‪‪9405509223‬‬', '2001-02-24', '2025-07-01', 'active', 'B009', NULL, NULL, NULL, NULL, 'Bhausaheb Mahale', '9405509223', '', NULL, '', NULL, NULL),
('STD074', 1, 100, 'Rithik', 'Amarnani', 'rithikamarnani@gmail.com', ' ‪‪7041273390‬‬', '2001-02-25', '2025-07-03', 'active', 'B009', NULL, NULL, NULL, NULL, 'Paresh Amarnani', '91990524256', '', NULL, '', NULL, NULL),
('STD075', 1, 101, 'Divyansh', 'Singh', 'divyansh8124@gmail.com', '6280445149', '2001-02-26', '2025-07-04', 'active', 'B009', NULL, NULL, NULL, NULL, 'Rakesh Singh', '7986434728', '', NULL, '', NULL, NULL),
('STD076', 1, 102, 'Taufiuq', 'Shaikh', 'taufique995@gmail.com', '9819864033‬‬‬', '2001-02-27', '2025-07-23', 'dropped', 'B009', '2025-11-18', '', NULL, NULL, 'Father Name', '0', '', NULL, '', NULL, NULL),
('STD077', 1, 103, 'Vaibhav', '-', 'vaibhavbhirud21@gmail.com', '7385041202', '2001-02-28', '2025-07-29', 'active', 'B009', NULL, NULL, NULL, NULL, 'Father Name', '0', '', NULL, '', NULL, NULL),
('STD078', 1, 104, 'Galu', '-', 'ajarg7878@gmail.com', '7878098189', '2001-03-01', '2025-07-28', 'active', 'B009', NULL, NULL, NULL, NULL, 'Jafrudeen', '9983097652', '', NULL, '', NULL, '../uploads/profile_pictures/student_STD078_1759213849.jpg'),
('STD079', 1, 105, 'Chahatdeep', 'Singh', 'chahatarora067@gmail.com', '7009036159‬‬‬', '2001-03-02', '2025-07-30', 'active', 'B009', NULL, NULL, NULL, NULL, 'Father Name', '0', '', NULL, '', NULL, NULL),
('STD080', 2, 106, 'Govind', 'Singh', 'gsolanky574@gmail.com', '7878076105', '2001-03-03', '2025-07-25', 'active', 'B009', NULL, NULL, NULL, NULL, 'Father Name', '0', '', NULL, '', NULL, NULL),
('STD081', 1, 107, 'Harsh', 'Dua', 'duaharsh66@gmail.com', '9625890650', '2001-03-04', '2025-07-31', 'on hold', 'B009', NULL, NULL, NULL, NULL, 'Father Name', '0', '', NULL, '', NULL, NULL),
('STD082', 1, 108, 'Arun', 'Gupta', 'arungupta7073@gmail.com', '8601439043‬‬', '2001-03-05', '2025-07-31', 'active', 'B009', NULL, NULL, NULL, NULL, 'Father Name', '0', '', NULL, '', NULL, NULL),
('STD083', 1, 109, 'Sohan Prasad', 'Yadav', 'sohan9318yadav@gmail.com', '9625966382‬‬', '2001-03-06', '2025-08-04', 'active', 'B009', NULL, NULL, NULL, NULL, 'Father Name', '0', '', NULL, '', NULL, NULL),
('STD084', 1, 110, 'Kushal', 'Saha', 'kushalsaha5863@gmail.com', '7318689816‬', '2001-03-07', '2025-08-05', 'active', 'B009', NULL, NULL, NULL, NULL, 'Father Name', '0', '', NULL, '', NULL, NULL),
('STD085', 1, 111, 'Biswa Ranjan', 'Jit', 'biswaranjan.jit@gmail.com', '9178222286‬‬', '2001-03-08', '2025-08-13', 'active', 'B009', NULL, NULL, NULL, NULL, 'Father Name', '0', '', NULL, '', NULL, NULL),
('STD086', 1, 112, 'Mominul', 'Hoque', 'mh2637710@gmail.com', '7099942950‬', '2001-03-09', '2025-05-14', 'active', 'B008', NULL, NULL, NULL, NULL, 'Mainul Hoque', '6000742282', '', NULL, '', NULL, NULL),
('STD088', 1, 113, 'Nishant', 'Sharma', 'nishantk09914@gmail.com', '9466809938‬', '2001-03-11', '2025-05-20', 'active', 'B008', NULL, NULL, NULL, NULL, 'Ajit Kumar', '9306632371', '', NULL, '', NULL, '../uploads/profile_pictures/student_STD088_1759219106.jpg'),
('STD089', 1, 114, 'Sanika', 'More', 'Sanikamore463@gmail.com', '8180066645', '2001-03-12', '2025-05-20', 'active', 'B008', NULL, NULL, NULL, NULL, 'Surendra', '9421086796', '', NULL, '', NULL, NULL),
('STD090', 1, 115, 'Prince', 'Kalal', 'prince145812@gmail.com', '8118813332‬', '2001-03-13', '2025-05-21', 'active', 'B008', NULL, NULL, NULL, NULL, 'Prakash Kalal', '9829660821', '', NULL, '', NULL, NULL),
('STD091', 2, 116, 'Venkanta', 'Srilakshmi', 'Venkatasrilakshmi.pvsl@gmail.com', '9292209976', '2001-03-14', '2025-05-26', 'active', 'B008', NULL, NULL, NULL, NULL, 'Prabhaker', '8977582436', '', NULL, '', NULL, NULL),
('STD092', 2, 117, 'Harshal', 'Kamble', 'harshalkamblep816@gmail.com', '‪7249362809', '2001-03-15', '2025-06-03', 'dropped', 'B004', '2025-08-28', 'Hleath Issues & Operation , need to rest', NULL, NULL, 'Vitthal Kamble', '8329961609', '', NULL, '', NULL, NULL),
('STD093', 2, 118, 'Sahil', 'Kumar', 'sahilkumar17466@gmail.com', '6200452827', '2001-03-16', '2025-06-09', 'on hold', 'B011', NULL, NULL, NULL, NULL, 'Gopal Kumar', '9341022663', '', NULL, '', NULL, NULL),
('STD094', 2, 119, 'Vasu', 'Vekariya', 'vasuvekariya04@gmail.com', '9274294467', '2001-03-17', '2025-06-11', 'completed', 'B011', NULL, NULL, NULL, NULL, 'Dipak Bhai', '7567423682', '', NULL, '', NULL, NULL),
('STD095', 2, 120, 'Bhavesh', 'Kumar', 'bhr07387@gmail.com', '9924107920‬', '2001-03-18', '2025-06-12', 'completed', 'B011', NULL, NULL, NULL, NULL, 'Govind Singh', '8401529501', '', NULL, '', NULL, NULL),
('STD096', 1, 121, 'MD Raj', '-', 'rajmd1800@gmail.com', '9476373607‬', '2001-03-19', '2025-06-02', 'dropped', 'B004', '2025-10-23', '', NULL, NULL, 'Late md yusuf', '9002871216', '', NULL, '', NULL, NULL),
('STD097', 1, 122, 'Prince', 'Negi', 'princenegi8366@gmail.com', '‪8126490962‬', '2001-03-20', '2025-06-03', 'completed', 'B011', NULL, NULL, NULL, NULL, 'Gaje singh negi', '8126190962', '', NULL, '', NULL, NULL),
('STD098', 4, 123, 'Shruti', 'Jethlia', 'shrutijethlia254@gmail.com', '‪8239400300‬', '2004-05-02', '2025-06-03', 'active', 'B028', NULL, NULL, NULL, NULL, 'Anand Swaroop Jethlia', '9414066427', '', NULL, '', NULL, '../uploads/profile_pictures/student_STD098_1764928487.jpg'),
('STD099', 1, 124, 'Abdur', 'Rahman', 'abdurrahmanbinshaik@gmail.com', '9515735610‬', '2001-03-22', '2025-05-25', 'completed', 'B011', NULL, NULL, NULL, NULL, 'Shaik Azeezullah', '9133021133', '', NULL, '', NULL, NULL),
('STD100', 2, 125, 'Minakshi', 'Sirsath', 'minaksheeshirasth@gmail.com', '90222111363', '2001-03-23', '2025-06-05', 'dropped', 'B004', '2025-10-23', '', NULL, NULL, 'amit jahdav', '90222111363', '', NULL, '', NULL, NULL),
('STD101', 1, 126, 'Jaydeep', 'Chavan', 'chavanjaydeep1994@gmail.com', '  ‪8669055351‬', '2001-03-24', '2025-06-09', 'completed', 'B011', NULL, NULL, NULL, NULL, 'Shivaji chavan', '8669055351', '', NULL, '', NULL, NULL),
('STD102', 1, 127, 'Dhruv', 'Agarwal', 'agrawalarpit898@gmail.com', '‪9875867979‬', '2001-03-25', '2025-06-09', 'completed', 'B011', NULL, NULL, NULL, NULL, 'Govind Agrawal', '7340642184', '', NULL, '', NULL, NULL),
('STD103', 1, 128, 'Abhay', 'Pratap', 'thepratapofficial@gmail.com', '8957538681‬', '2001-03-26', '2025-06-10', 'completed', 'B011', NULL, NULL, NULL, NULL, 'Babu Lal', '9454135267', '', NULL, '', NULL, NULL),
('STD104', 4, 129, 'Rahul', 'Sahu', 'dhruvsahu308@gmail.com', '7061807864‬', '2001-03-27', '2025-06-11', 'active', 'B028', NULL, NULL, NULL, NULL, 'Jayant kumar sahu', '7209831565', '', NULL, '', NULL, '../uploads/profile_pictures/student_STD104_1764927969.jpg'),
('STD105', 1, 130, 'Siddharth', 'Choudhari', 'siddharthchaudhari258@gmail.com', '6352403023', '2001-03-28', '2025-06-15', 'dropped', 'B004', '2025-10-23', '', NULL, NULL, 'Chotubhai Chaudhari', '8488842692', '', NULL, '', NULL, NULL),
('STD106', 1, 131, 'Farzad Jakir', 'Shaikh', 'farzaadf9@gmail.com', '8007400727', '2001-03-29', '2025-06-17', 'completed', 'B011', NULL, NULL, NULL, NULL, 'Jakir Shaikh', '9545908181', '', NULL, '', NULL, NULL),
('STD107', 1, 132, 'Palak', 'Panwar', 'panwarriya8745@gmail.com', '8745822487', '2001-03-30', '2025-06-20', 'completed', 'B011', NULL, NULL, NULL, NULL, 'Praveen Singh', '8826025947', '', NULL, '', NULL, NULL),
('STD108', 1, 133, 'Ashish', 'Chaudhary', 'ashishchaudhary3639@gmail.com', '9161610139', '2001-03-31', '2025-07-01', 'completed', 'B011', NULL, NULL, NULL, NULL, 'Nirmala', '6390852888', '', NULL, '', NULL, NULL),
('STD109', 1, 134, 'Drishti', 'Pandey', 'drishtypandey273@gmail.com', '8932885358', '2001-04-01', '2025-07-10', 'completed', 'B011', NULL, NULL, NULL, NULL, 'Sanjay Kumar Pandey', '9939718179', '', NULL, '', NULL, NULL),
('STD110', 2, 135, 'Piyush Kumar', 'Sain', 'kumarpiyushsain@gmail.com', '7976482542', '2001-04-02', '2025-07-11', 'on hold', 'B011', NULL, NULL, NULL, NULL, 'Gokul Chand Sain', '8210685281', '', NULL, '', NULL, NULL),
('STD111', 1, 136, 'Sahil Dilip', 'Patrekar', 'patrekarsahil@gmail.com', ' ‪9503412867‬', '2001-04-03', '2025-07-12', 'completed', 'B011', NULL, NULL, NULL, NULL, 'Dilip Patrekar', '9372628877', '', NULL, '', NULL, '../uploads/profile_pictures/student_STD111_1759218490.jpg'),
('STD112', 2, 137, 'Deepak', 'Kumar', 'deepaksrivastava07653@gmail.com', '7488757653', '2001-04-04', '2025-07-12', 'completed', 'B011', NULL, NULL, NULL, NULL, 'Umesh Prasad', '9771336259', '', NULL, '', NULL, NULL),
('STD113', 1, 138, 'Jayesh', 'Wasnik', 'jayeshwasnik1998@gmail.com', '7887355850', '2001-04-05', '2025-07-14', 'completed', 'B011', NULL, NULL, NULL, NULL, 'Vinayak wasnik', '-', '', NULL, '', NULL, NULL),
('STD114', 1, 139, 'Chandu', '-', 'chandhunaik655@gmail.com', '‪9347758391‬‬', '2001-04-06', '2025-07-16', 'completed', 'B011', NULL, NULL, NULL, NULL, 'Balu Naik', '9491416673', '', NULL, '', NULL, '../uploads/profile_pictures/student_STD114_1759213425.jpg'),
('STD115', 2, 140, 'Vikas', 'Yadav', 'vkcyberclub@gmail.com', '7991598009', '2006-04-09', '2025-07-17', 'completed', 'B011', NULL, NULL, NULL, NULL, 'Ujiyar Yadav', '8423221630', '', NULL, '', NULL, '../uploads/profile_pictures/student_STD115_1758956065.jpg'),
('STD116', 1, 141, 'Anjali', 'Saini', 'anjalisaini4492@gmail.com', '8949210198', '2001-04-08', '2025-08-14', 'completed', 'B010', NULL, NULL, NULL, NULL, 'Father Name', '0', '', NULL, '', NULL, NULL),
('STD117', 1, 142, 'Mohd junaid', '-', 'mohdjunaid6972@gmail.com', '6396974083', '2001-04-09', '2025-08-14', 'completed', 'B010', NULL, NULL, NULL, NULL, 'Father Name', '0', '', NULL, '', NULL, NULL),
('STD118', 1, 143, 'Bhagyesh', '-', 'bhagyeshgudali7249@gmail.com', '8806309359‬‬', '2001-04-10', '2025-08-19', 'completed', 'B010', NULL, NULL, NULL, NULL, 'Father Name', '0', '', NULL, '', NULL, '../uploads/profile_pictures/student_STD118_1759213177.jpg'),
('STD119', 1, 144, 'Pavan', 'Patel', 'pavanjpatel1313@gmail.com', '9825772136‬‬', '2001-04-11', '2025-08-20', 'active', 'B009', NULL, NULL, NULL, NULL, 'Father Name', '0', '', NULL, '', NULL, NULL),
('STD120', 2, 145, 'Gopal', 'Singh', 'jatgopal730@gmail.com', '8696410866', '2001-04-12', '2025-08-25', 'completed', 'B010', NULL, NULL, NULL, NULL, 'Father Name', '0', '', NULL, '', NULL, NULL),
('STD121', 1, 146, 'Sunny', 'Kumar', 'sunnyproficient@gmail.com', '9044486683', '2001-04-13', '2025-08-23', 'completed', 'B010', NULL, NULL, NULL, NULL, 'Father Name', '0', '', NULL, '', NULL, NULL),
('STD122', 1, 147, 'Satendra', 'Kumar', 'satendraraj637@gmail.com', '8433295197‬‬‬‬‬', '2001-04-14', '2025-08-25', 'dropped', 'B004', '2025-10-23', '', NULL, NULL, 'Father Name', '0', '', NULL, '', NULL, NULL),
('STD123', 2, 148, 'Vansh', 'Kalal', 'vanshasd321@gmail.com', '0', '2001-04-15', '2025-08-25', 'completed', 'B004', NULL, NULL, NULL, NULL, 'Father Name', '0', '', NULL, '', NULL, NULL),
('STD124', 2, 149, 'Shubham', 'Kumar', 'shubhamssc08@gmail.com', '6207025840‬‬‬‬‬', '2001-04-16', '2025-08-26', 'completed', 'B010', NULL, NULL, NULL, NULL, 'Father Name', '0', '', NULL, '', NULL, NULL),
('STD125', 1, 150, 'Aditya', 'Sharma', 'mrsharma.adi@gmail.com', '9219858035‬‬‬‬‬', '2001-04-17', '2025-08-28', 'completed', 'B010', NULL, NULL, NULL, NULL, 'Father Name', '0', '', NULL, '', NULL, NULL),
('STD126', 6, 151, 'Sharad', 'Jadhav', 'learnai3187@gmail.com', '7068623393', '2001-01-01', '2025-06-20', 'completed', 'B007', NULL, NULL, NULL, NULL, 'Mohan', '7068623393', '', NULL, '', NULL, NULL),
('STD127', 5, 152, 'Vishal', 'Kumar', 'vishaljangra845@gmail.com', '‪‪9310917591‬‬', '2001-01-02', '2025-06-25', 'active', 'B016', NULL, NULL, NULL, NULL, 'Neeraj Kumar', '8527763494', '', NULL, '', NULL, '../uploads/profile_pictures/student_STD127_1759218809.jpg'),
('STD128', 6, 153, 'Ayub', '-', 'ayubmr179@gmail.com', '‪‪6370154067‬‬', '2001-01-03', '2025-06-26', 'active', 'B007', NULL, NULL, NULL, NULL, 'md yunus ansari', '7542065726', '', NULL, '', NULL, NULL),
('STD129', 6, 154, 'Shantu', 'Kharadi', 'shantukharadi18@gmail.com', '9685082801', '2001-01-04', '2025-06-28', 'on hold', 'B007', NULL, NULL, NULL, NULL, 'Kanji Kharadi', '8878558804', '', NULL, '', NULL, NULL),
('STD130', 3, 155, 'Krishna', 'Sahu', 'sahukrishna34387@gmail.com', ' ‪‪7860757952‬‬', '2001-01-05', '2025-07-10', 'active', 'B016', NULL, NULL, NULL, NULL, 'Seeta Ram Sahu', '8576844575', '', NULL, '', NULL, NULL),
('STD131', 6, 156, 'Shivraj', 'Patil', 'shivarajpatil2408@gmail.com', ' 7038870716', '2001-01-06', '2025-07-14', 'active', 'B007', NULL, NULL, NULL, NULL, 'Sachin Patil - Brother', '7030066044', '', NULL, '', NULL, NULL),
('STD132', 6, 157, 'Prabhat', 'Priyadarshi', 'prabhatpriyadarshi009@gmail.com', '9262269107', '2001-01-07', '2025-07-22', 'active', 'B007', NULL, NULL, NULL, NULL, '0', '0', '', NULL, '', NULL, '../uploads/profile_pictures/student_STD132_1759218983.jpg'),
('STD133', 1, 158, 'Shubham', 'Kumar', 'shubham924109@gmail.com', '9241097661', '2001-01-08', '2024-02-06', 'active', 'B007', NULL, NULL, NULL, NULL, 'Santosh Kumar Yadav ( N )', '9123192639', '', NULL, '', NULL, NULL),
('STD134', 3, 159, 'Pawan', 'Tanwar', 'alexcyberx42@gmail.com', '9625966382‬‬', '2001-01-09', '2025-07-25', 'active', 'B016', NULL, NULL, NULL, NULL, '0', '0', '', NULL, '', NULL, NULL),
('STD135', 3, 160, 'Sanjeev', 'Kumar Yadav', 'Sanjeevyadav15003@gmail.com', '8298341360', '2001-01-10', '2025-08-18', 'active', 'B016', NULL, NULL, NULL, NULL, '0', '0', '', NULL, '', NULL, NULL),
('STD136', 1, 161, 'Ritika', 'Bisht', 'ritikabisht561@gmail.com', '6397733837', '2001-01-11', '2024-05-31', 'completed', 'B007', NULL, NULL, NULL, NULL, 'Raj Pal Singh', '7063336384', '', NULL, '', NULL, NULL),
('STD137', 1, 162, 'Shiva', 'Tiwari', 'h.mansu2005@gmail.com', '7068462827', '2001-01-12', '2024-03-23', 'active', 'B007', NULL, NULL, NULL, NULL, 'Shobnath Tiwari', '9918711006', '', NULL, '', NULL, NULL),
('STD138', 2, 163, 'Rahul', 'Bisoyi', 'shivatiwari3960@gmail.com', '8144273087', '2001-01-13', '2024-03-22', 'active', 'B007', NULL, NULL, NULL, NULL, 'Rajan Bisoyi', '9778719777', '', NULL, '', NULL, NULL),
('STD139', 1, 164, 'Ruchika', '-', 'ruchibhaskar2000@gmail.com', '6378969313', '2001-01-01', '2024-12-30', 'active', 'B016', NULL, NULL, NULL, NULL, 'Sunil', '9413245509', '', NULL, '', NULL, NULL),
('STD140', 1, 165, 'Mahesh', 'Kumar Dayal', 'choudharysikar010@gmail.com', '9468779378', '2001-01-02', '2024-12-30', 'active', 'B016', NULL, NULL, NULL, NULL, 'Pukhraj Dayal', '9610041820', '', NULL, '', NULL, NULL),
('STD141', 2, 166, 'Tapas', 'Ranjan Patel', 'tapaspatel007@gmail.com', '8144283810', '2001-01-03', '2024-07-27', 'dropped', 'B005', '2025-11-07', '', NULL, NULL, 'ARABINDA PATEL', '8144012122', '', NULL, '', NULL, NULL),
('STD142', 1, 167, 'Harushikesh', 'Nehete', 'hrushikeshnehete1@gmail.com', '9067472665', '2001-01-04', '2025-12-04', 'active', 'B016', NULL, NULL, NULL, NULL, '-', '-', '', NULL, '', NULL, NULL),
('STD143', 1, 168, 'Praveen', 'Kumar Kashyap', 'kpraveen01071@gmail.com', '8936966783', '2001-01-05', '2025-02-03', 'active', 'B016', NULL, NULL, NULL, NULL, 'Sushil Kumar', '9917528517', '', NULL, '', NULL, NULL),
('STD144', 1, 169, 'Sandeep', 'Kumar', 'Sandeepkumarmaitry@gmail.com', '62676 91128', '2001-01-06', '2024-12-30', 'active', 'B016', NULL, NULL, NULL, NULL, 'Puran Kumar', '8871134418', '', NULL, '', NULL, NULL),
('STD145', 2, 170, 'Abhishek', 'Mahato', 'mahatoabhishek550@gmail.com', '9389883747', '2001-01-07', '2024-12-06', 'active', 'B016', NULL, NULL, NULL, NULL, 'SN Mahato', '7395933128', '', '', '', NULL, NULL),
('STD146', 1, 171, 'Uttam', 'Nishad', 'nishaduttam77365@gmail.com', '8303118792', '2001-01-08', '2024-12-13', 'active', 'B016', NULL, NULL, NULL, NULL, 'Sanjay Kumar Nishad', '9235773271', '', NULL, '', NULL, NULL),
('STD147', 1, 172, 'Mohsin', 'Akhter', 'mohsinakhtar861@gmail.com', '8101780152', '2001-01-09', '2024-12-26', 'on hold', 'B005', NULL, NULL, NULL, NULL, 'Md Mustak', '9064592207', '', NULL, '', NULL, NULL),
('STD148', 1, 173, 'Mithun', 'Rathod', 'rmithun578@gmail.com', '7666858429', '2001-01-10', '2023-12-16', 'completed', 'B011', NULL, NULL, NULL, NULL, '-', '0', '', NULL, '', NULL, NULL),
('STD149', 1, 174, 'Pankaj', 'Kewat', 'pankajkewat137@gmail.com', '8302239072', '2001-01-11', '2024-09-16', 'active', 'B016', NULL, NULL, NULL, NULL, 'Om Prakash Kewat', '9829880252', '', NULL, '', NULL, '../uploads/profile_pictures/student_STD149_1759213046.jpg'),
('STD150', 1, 175, 'Ayush', 'Sahu', 'sahuayush939@gmail.com', '9589609862', '2001-01-12', '2024-10-23', 'active', 'B016', NULL, NULL, NULL, NULL, 'Neetu sahu', '7047479617', '', NULL, '', NULL, NULL),
('STD151', 1, 176, 'Ashish', 'Kumar', 'indiaashish41@gmail.com', '7739608422', '2001-01-13', '2024-11-02', 'active', 'B016', NULL, NULL, NULL, NULL, 'Pravin Kumar', '9031576936', '', NULL, '', NULL, NULL),
('STD152', 2, 177, 'Lakshay', 'Parashar', 'parasharlakshya87@gmail.com', '8005726823', '2001-01-14', '2024-09-18', 'active', 'B016', NULL, NULL, NULL, NULL, 'Manoj Kumar Sharma', '7597536084', '', NULL, '', NULL, NULL),
('STD153', 2, 178, 'Ronit', 'Hazra', 'Ronithazra000@gmail.com', '8695354702', '2001-01-15', '2024-09-25', 'active', 'B016', NULL, NULL, NULL, NULL, 'Narayan Hazra', '8967258574', '', NULL, '', NULL, '../uploads/profile_pictures/student_STD153_1759212913.jpg'),
('STD154', 2, 179, 'Prachi', 'Dahiya', 'prachidahiya0002@gmail.com', '7015479137', '2001-01-16', '2024-10-21', 'active', 'B016', NULL, NULL, NULL, NULL, 'Gayanender', '8708103204', '', NULL, '', NULL, NULL),
('STD155', 1, 180, 'Harshit', 'Rathore', 'harshit.r1994@gmail.com', '9950144686', '2001-01-17', '2024-08-05', 'active', 'B016', NULL, NULL, NULL, NULL, '-', '0', '', NULL, '', NULL, NULL),
('STD156', 1, 181, 'Mohit', 'Khundia', 'Mohit32156@gmail.com', '7988030962', '2001-01-18', '2025-09-09', 'on hold', 'B005', NULL, NULL, NULL, NULL, '-', '0', '', NULL, '', NULL, NULL),
('STD158', 8, 182, 'Vinit', 'Kumar', 'vini239090@gmail.com', '9324742852', '2001-01-20', '2025-07-18', 'active', 'B012', NULL, NULL, NULL, NULL, 'Birendra Singh', '9005857146', '', '', '', NULL, NULL),
('STD159', 8, 183, 'Saibaj', 'Pathan', 'pathansaibaj97@gmail.com', '9168679037', '2001-01-21', '2025-08-19', 'completed', 'B005', NULL, NULL, NULL, NULL, '-', '0', '', NULL, '', NULL, NULL),
('STD160', 2, 185, 'Kuldeep', 'Pal', 'kuldeepsmarttech@gmail.com', '6387070629', '2001-01-01', '2024-07-31', 'active', 'B002', NULL, NULL, NULL, NULL, 'Ramshanker', '7897371505', '', NULL, '', NULL, '../uploads/profile_pictures/student_STD160_1760081516.jpg'),
('STD161', 2, 186, 'Naman', 'Verma', 'vnaman363@gmail.com', '8252589532', '2001-01-02', '2024-08-16', 'active', 'B002', NULL, NULL, NULL, NULL, 'Munna Kumar', '7667459208', '', NULL, '', NULL, NULL),
('STD162', 1, 187, 'Riya', 'Mathur', 'riya2004mathur@gmail.com', '9887014000', '2001-01-03', '2024-07-18', 'active', 'B002', NULL, NULL, NULL, NULL, 'Neelesh Mathur', '9314004557', '', NULL, '', NULL, NULL),
('STD163', 1, 188, 'Bhawani', 'Puri', 'Bhawanipuri12@gmail.com', '7737124258', '2001-01-04', '2024-07-26', 'active', 'B002', NULL, NULL, NULL, NULL, 'Man Puri', '9799578147', '', NULL, '', NULL, NULL),
('STD164', 1, 189, 'Aditya', 'Rawat', 'pahadigamer117@GMAIL.COM', '6399885709', '2001-01-05', '2024-07-29', 'active', 'B002', NULL, NULL, NULL, NULL, 'Shashindra singh', '6396154358', '', NULL, '', NULL, NULL),
('STD165', 1, 190, 'Suraj', 'Pohanker', 'surajpohankar8@gmail.com', '7775878549', '2001-01-06', '2024-08-14', 'active', 'B002', NULL, NULL, NULL, NULL, 'Shankar', '9373639059', '', NULL, '', NULL, NULL),
('STD166', 1, 191, 'Ayur', 'Hasnda', 'ayur.hansda@gmail.com', '8709258410', '2001-01-07', '2024-08-26', 'active', 'B002', NULL, NULL, NULL, NULL, 'lakhan Hasnda', '9006087100', '', NULL, '', NULL, '../uploads/profile_pictures/student_STD166_1759213622.jpg'),
('STD167', 1, 192, 'Abhishek', 'Gupta', 'Guptaabhi1750@gmail.com', '9554751750', '2001-01-08', '2024-08-29', 'active', 'B002', NULL, NULL, NULL, NULL, 'Ramkishun', '9670078361', '', NULL, '', NULL, NULL),
('STD169', 2, 193, 'Sabir', 'Shaikh', 'sabirshaikh112200@gmail.com', '8999425581', '2001-01-10', '2024-07-22', 'active', 'B002', NULL, NULL, NULL, NULL, '', '9623722604', '', NULL, '', NULL, NULL),
('STD170', 5, 194, 'Rudraksh', 'Kedar', 'rudrakshdkedar@gmail.com', '8169899175', '2001-01-11', '2025-04-09', 'active', 'B008', NULL, NULL, NULL, NULL, 'Dilip Kedar', '9702029585', '', NULL, '', NULL, '../uploads/profile_pictures/student_STD170_1759213711.jpg'),
('STD171', 5, 195, 'Sudarshan', 'Devidas Patole', 'dpatole51@gmail.com', '8600568582', '2001-01-12', '2025-04-09', 'active', 'B002', NULL, NULL, NULL, NULL, 'Devidas Patole', '8149020173', '', NULL, '', NULL, NULL),
('STD172', 5, 196, 'Avinash', 'Kumar Ojha', 'avinash_aries13@gmail.com', '8080443428', '2001-01-13', '2025-05-27', 'dropped', 'B002', '2025-10-23', '', NULL, NULL, '-', '-', '', NULL, '', NULL, NULL),
('STD173', 5, 197, 'Ajay', 'Thakur', 'ajay.thakur244@gmail.com', '7666052926', '2001-01-14', '2025-05-27', 'dropped', 'B002', '2025-10-23', '', NULL, NULL, 'Sanjay Thakur', '8080012821', '', NULL, '', NULL, NULL),
('STD174', 1, 198, 'Aditya', 'Ghughe', 'aadighuge2005@gmail.com', '8275161457', '2001-01-15', '2025-05-26', 'completed', 'B002', NULL, NULL, NULL, NULL, 'Sudhakar Ramrao Ghuge', '7447485350', '', NULL, '', NULL, NULL),
('STD175', 2, 199, 'Saiyed', 'Mohammed Sahil', 'sahilsaiyedsahilsaiyed853@gmail.com', '9824299761', '2001-01-16', '2024-07-12', 'active', 'B016', NULL, NULL, NULL, NULL, 'Rashid Ali', '7434843419', '', '', '', NULL, NULL),
('STD176', 1, 200, 'Gulshan', 'Kumar', 'gk8220622@gmail.com', '9005704371', '2001-01-17', '2025-12-30', 'active', 'B018', NULL, NULL, NULL, NULL, 'Sanjay Kumar', '9.19958E+11', '', '', '', NULL, '../uploads/profile_pictures/student_STD176_1759218749.jpg'),
('STD177', 2, 201, 'Rajat', '-', 'rajatdhatterwal686@gmail.com', '9729783039', '2001-01-18', '2024-05-24', 'completed', 'B002', NULL, NULL, NULL, NULL, 'Mahendra Singh', '9729783039', '', NULL, '', NULL, NULL),
('STD178', 2, 202, 'Chandan', 'Raj', 'tanmaypahi07@gmail.com', '9572600598', '2001-01-19', '2024-04-01', 'active', 'B002', NULL, NULL, NULL, NULL, 'Vijay Kumar', '9572600598', '', NULL, '', NULL, '../uploads/profile_pictures/student_STD178_1759218920.jpg'),
('STD179', 6, 203, 'Yogesh', 'Yogi', 'hackertheyogi@gmail.com', '9008339811', '2001-01-20', '2025-05-26', 'completed', 'B002', NULL, NULL, NULL, NULL, 'D G Manje gowda', '9008339811', '', NULL, '', NULL, NULL),
('STD180', 3, 204, 'Mo.', 'Shoaib', 'Mohdshoaib86078@gmail.com', '8607814340', '2001-01-21', '2025-03-11', 'on hold', 'B002', NULL, NULL, NULL, NULL, 'Fakhruddin', '8689018294', '', NULL, '', NULL, NULL),
('STD181', 6, 205, 'Manvir', '-', 'manvirbaroot@gmail.com', '  ‪9592052159‬', '2001-01-22', '2025-05-28', 'completed', 'B002', NULL, NULL, NULL, NULL, 'Satnam Singh', '8146098793', '', NULL, '', NULL, NULL),
('STD182', 3, 206, 'Raghav', 'Mishra', 'raghav.118993@stu.upes.ac.in', '9257434255‬', '2001-01-23', '2025-06-03', 'active', 'B002', NULL, NULL, NULL, NULL, 'Lalit kumar sharma', '--', '', NULL, '', NULL, NULL),
('STD183', 3, 207, 'Abhinav', 'Mohan Navale', 'abhisheknavale52@gmail.com', '9890656898', '2001-01-24', '2025-05-09', 'active', 'B002', NULL, NULL, NULL, NULL, '--', '--', '', NULL, '', NULL, NULL),
('STD184', 5, 208, 'Mohit', 'Nakade', 'Mohitnakade777@gmail.com', '9405476650‬‬‬‬', '2001-01-25', '2025-07-24', 'active', 'B002', NULL, NULL, NULL, NULL, '-', '-', '', NULL, '', NULL, NULL),
('STD185', 5, 209, 'Nilesh', 'Jain', 'nileshjain212@gmail.com', '7977237733', '2001-01-26', '2025-08-04', 'active', 'B008', NULL, NULL, NULL, NULL, '-', '-', '', NULL, '', NULL, NULL),
('STD186', 6, 210, 'Munesh', 'Chahar', 'mchahar114@gmail.com', '9257863649', '2001-01-27', '2024-08-26', 'active', 'B002', NULL, NULL, NULL, NULL, 'Hardyal', '8505083614', '', NULL, '', NULL, '../uploads/profile_pictures/student_STD186_1759213268.jpg'),
('STD187', 7, 211, 'Vaibhav', 'Khare', 'vaibhavkhare345@gmail.com', '8269466866‬‬', '2001-01-28', '2025-09-01', 'active', 'B002', NULL, NULL, NULL, NULL, '-', '-', '', NULL, '', NULL, NULL),
('STD190', 7, 212, 'Deepu', 'Meena', 'meenadeepu9095@gmail.com', '7049708175‬', '2001-01-31', '2025-09-04', 'active', 'B002', NULL, NULL, NULL, NULL, '-', '-', '', NULL, '', NULL, NULL),
('STD192', 1, 217, 'Sahil', '-', 'SameSahilasd@gmail.com', '9717116516', '2000-01-01', '2025-09-26', 'active', 'B016', NULL, NULL, NULL, NULL, 'Boli Shah', '9810667893', '', '', '$2y$10$ODlX7SCtR/Z8vNYn4Hh8mOkNgtMDvBby4XrSkoRHeor8X0wDtjIUO', NULL, '../uploads/profile_pictures/student_STD192_1759212961.jpg'),
('STD193', 3, 218, 'Ubaid Ur', 'Rehman', 'Ubaidasd@gmail.com', '9622111950', '2000-01-01', '2025-09-26', 'active', 'B002', NULL, NULL, NULL, NULL, '', '', '', NULL, '$2y$10$yUk8cXujWPRTgP5v/PlyvO0Tm3usaeA1BlULXU95GYxC0W6KQjAc6', NULL, '../uploads/profile_pictures/student_STD193_1759218449.jpg'),
('STD194', 2, 219, 'Piyush', 'Kumar', 'Piyushasd@gmail.com', '9835859522', '2000-01-20', '2025-09-26', 'active', 'B002', NULL, NULL, NULL, NULL, '', '', '', NULL, '$2y$10$f8l15g8AAwkEQ2lH5RrhRuJialRLJSdkgkO/2Vj15Dec/UYiiOKXq', NULL, NULL),
('STD195', 6, 220, 'Yash Raj', 'Kumar', 'richakumari70619@gmail.com', '7061946156‬‬‬‬‬', '2000-01-01', '2025-09-26', 'active', 'B005', NULL, NULL, NULL, NULL, '', '', '', NULL, '$2y$10$hvvyVlsZqywB.ooIamDEFOuk26Le0Q4VajoVoil2X6TdVzU4HvjvW', NULL, NULL),
('STD196', 3, 221, 'Shubham', '-', 'guptashubham59876@gmail.com', '9622479269‬‬', '2000-01-01', '2025-09-26', 'active', 'B005', NULL, NULL, NULL, NULL, '', '', '', NULL, '$2y$10$HMpoPs2V291EWtUSb6Z4vetywHU0h4Cg9/bRCZJcZL/5TyGS24J4q', NULL, NULL),
('STD197', 9, 222, 'Muhammed', 'Feroz', 'bilalferoz1712@gmail.com', '44 7561210227‬‬‬‬‬‬', '2000-01-01', '2025-09-26', 'active', 'B016', NULL, NULL, NULL, NULL, '', '', '', NULL, '$2y$10$O3xOB00vxLWvEihVIbLOCecScMYw.cTOC7JhTZEevkht/KLh6imFm', NULL, '../uploads/profile_pictures/student_STD197_1759218704.jpg'),
('STD198', 1, 223, 'Jasmail ', 'Online', 'JSBOnasd@gmal.com', '000000', '2000-10-20', '2025-09-26', 'active', 'B016', NULL, NULL, NULL, NULL, '', '', '', NULL, '$2y$10$FVTs2Q4JVrlB11fqtMLroujeA1Zta3M0sio/MUjzMvECFwI1zqVB2', NULL, NULL),
('STD199', 1, 224, 'Pradeep', 'Sharma', 'pardeep905041@gmail.com', '9050417785', '2005-01-01', '2025-09-27', 'active', 'B014', NULL, NULL, NULL, NULL, '', '', '', NULL, '$2y$10$K4uj6Z8DX5ZkvPwmUiGxDOqPw4/j3gxi.I8OLtdFGrqb/r7.FmwIm', NULL, '../uploads/profile_pictures/student_STD199_1759213097.jpg'),
('STD200', 1, 225, 'Shyam Sunder', 'Jangid', 'Shyamsudermohacha@gmail.com', '9828749206‬‬', '2000-01-01', '2025-09-27', 'active', 'B014', NULL, NULL, NULL, NULL, '', '', '', NULL, '$2y$10$nb0mnBuDcvwDMYkgeTikOuUMmOfiIYBKzBf4Ayofh1ptNVSLmWHhW', NULL, NULL),
('STD201', 4, 226, 'Harsh ', 'Raj', 'hraj63017@gmail.com', '9431498299‬‬‬‬‬‬', '2003-02-18', '2025-09-29', 'active', 'B028', NULL, NULL, NULL, NULL, '', '', '', NULL, '$2y$10$.ggRCCBUVgpqgz/gUPKHhelpgBAV.P47Sv.ZFgHrnJ8Pde8KqMoQK', NULL, '../uploads/profile_pictures/student_STD201_1764928573.jpg'),
('STD202', 1, 227, 'Om', 'Shukla', 'omshukla9797@gmail.com', '8416955518‬‬‬‬‬‬', '2000-01-01', '2025-09-29', 'active', 'B014', NULL, NULL, NULL, NULL, '', '', '', NULL, '$2y$10$VH9FvrRD6ShSOtlRxX07wO3iIz2T4tbfApGsle6NCV663AC3obVri', NULL, NULL),
('STD203', 1, 228, 'Nitin', 'Bhabhor', 'nitinbhabhor123@gmail.com', '6262533925', '2000-01-01', '2025-09-29', 'active', 'B014', NULL, NULL, NULL, NULL, '', '', '', NULL, '$2y$10$cUD20p14JzXoJPPu2XrvG.ORAuqredbiLd.XjmFajZLQIasFeHWfS', NULL, NULL),
('STD204', 1, 229, 'Ayush', 'Jha', 'jhaayush776@gmail.com', '9068284999‬', '2000-01-01', '2025-09-29', 'active', 'B014', NULL, NULL, NULL, NULL, '', '', '', NULL, '$2y$10$LAZ0TUBVMAXns2KSPH8oNOLXo1VGwB/kpmTteKUC7nNtQ7GWl6AS2', NULL, '../uploads/profile_pictures/student_STD204_1759219158.jpg'),
('STD205', 1, 230, 'Sudip', 'Mundal', 'mandalsudip0526@gmail.com', '8597371466‬', '2000-01-01', '2025-09-29', 'active', 'B014', NULL, NULL, NULL, NULL, '', '', '', NULL, '$2y$10$zTYGqUwL3tcj.MAY.Pcpi.cvBzato4w9SPkRRHkXeSony8brbaK4u', NULL, '../uploads/profile_pictures/student_STD205_1759213485.jpg'),
('STD206', 1, 231, 'Mohd ', 'AijazuddinObaid', 'RIYAZ_AIJAZ@YAHOO.COM', '8019241299‬', '2000-01-01', '2025-09-29', 'active', 'B014', NULL, NULL, NULL, NULL, '', '', '', NULL, '$2y$10$EvgtwK/fmgl1H/.qfzhdUu0i0rGGLhd3pk/hnJpZ.uf9/rFONCas2', NULL, NULL),
('STD207', 1, 232, 'Rakesh ', 'Mewada', 'rajputrakeshraj1@gmail.com', ' 7223857937‬', '2000-01-01', '2025-09-29', 'active', 'B014', NULL, NULL, NULL, NULL, '', '', '', NULL, '$2y$10$rhRd/bWcpMgYMqDDi4gNQOMpPash34z83SQoeNQvZqwFKY8Sc5F6q', NULL, NULL),
('STD208', 1, 233, 'Mubin', 'Mujwar', 'mubinmujawar835@gmail.com', '9325912707', '2000-01-01', '2025-09-29', 'active', 'B008', NULL, NULL, NULL, NULL, '', '', '', NULL, '$2y$10$oNStKdMqeYFQctkYrCdNaOGJkmKYUjnw8LvNOk.lyEvfw4b4MlmSu', NULL, NULL),
('STD209', 1, 235, 'Priyanshu', 'Sharma', 'priyanshusharma97999@gmail.com', '9799973048‬‬‬‬‬', '2000-01-01', '2025-10-03', 'active', 'B014', NULL, NULL, NULL, NULL, '', '', '', NULL, '$2y$10$vaLa/uT5eXe4ogKw8dI6/eAvdsz1KR8a8sJpi1r3LE5sFL97pWGde', NULL, NULL),
('STD210', 1, 236, 'ABU', 'TALAH M BAGWAN', 'digiilancers2024@gmail.com', '9921627586‬‬', '2000-01-01', '2025-10-03', 'active', 'B014', NULL, NULL, NULL, NULL, '', '', '', NULL, '$2y$10$zHEiuDTbGUIr4YJI3futGO6oeHmbXYw3f92tbJanPW6xl9sGmqzHa', NULL, NULL),
('STD211', 3, 237, 'Aarti', 'Patil', 'Aartippatil25502@gmail.com', '9175749236', '2000-01-01', '2025-10-03', 'active', 'B016', NULL, NULL, NULL, NULL, '', '', '', NULL, '$2y$10$JeiAwerAM.ejmVKKOFlPdeOtFhz3BJH0biNdNx6JM1d3PB6Ae9rQ.', NULL, NULL),
('STD212', 4, 238, 'Shriram', 'Harishchandra Darunte', 'shriramdarunte@hotmail.com', '9822928516‬‬', '2005-01-06', '2025-10-06', 'active', 'B028', NULL, NULL, NULL, NULL, '', '', '', NULL, '$2y$10$0Efvd9jd3fXONmrYIT7Jd.RvIkQW7LfHn82gGoLtxCEbmwUPDSLR.', NULL, '../uploads/profile_pictures/student_1759736218.jpg'),
('STD213', 3, 240, 'Vivek', 'Pal', 'vp760480@gamil.com', '8303567060', '2000-01-01', '2025-10-07', 'active', 'B016', NULL, NULL, NULL, NULL, '', '', '', NULL, '$2y$10$ebJKDW3pIpLToZ1vPDs0ou6HBhpFQ2ZdgLIw7hhY6qLRW8biWRofC', NULL, '../uploads/profile_pictures/student_STD213_1759838393.jpg'),
('STD214', 2, 241, 'Yash', 'Patel', 'Patel257yash@gmail.com', '8347698599', '2000-01-01', '2025-10-08', 'on hold', 'B010', NULL, NULL, NULL, NULL, '', '', '', NULL, '$2y$10$FPvasdRaiIwIrmimzbaIi.XU10jHvZwSULbrtET0YGrmtRKZ28otm', NULL, NULL),
('STD215', 1, 242, 'Ravi', '-', 'Rey143123@gmail.com', '8368042788‬‬', '2000-01-01', '2025-10-10', 'completed', 'B010', NULL, NULL, NULL, NULL, '', '', '', NULL, '$2y$10$q/Lbo8cJdfMk5kDKLWPN6un9q.LeI0/ybnTCE6xiAUquA/MiI2ZVq', NULL, NULL),
('STD216', 2, 244, 'Bal Kishan ', 'Vyas', 'vyasbalkishan@gmail.com', '9799390048‬‬', '2000-01-01', '2025-10-23', 'completed', 'B010', NULL, NULL, NULL, NULL, '', '', '', NULL, '$2y$10$8V605hjqXE198YTmyMMnb.YuCPWF4iA9wFUzmjkJfDxo3devoWX6y', NULL, NULL),
('STD217', 8, 245, 'Sudarshan   ', 'Patole', 'dpatole51@gmail.com', '', '2000-01-01', '2025-11-17', 'active', 'B008', NULL, NULL, NULL, NULL, '', '', '', NULL, '$2y$10$4iHvRntrv5yuxOChNi9hReI8LHAQwnea8KXVP/EAh4ZubO3GqJwyK', NULL, NULL),
('STD218', 10, 248, 'Navneet ', 'Singh', 'navyofficial2312@gmail.com', '14375590210‬‬', '2000-01-01', '2025-11-27', 'active', 'B014', NULL, NULL, NULL, NULL, '', '', '', NULL, '$2y$10$5j7384uAzD6aUOEGhRAScejmD4iIhbATfSU0dep0j7lgog4LFU.ou', NULL, NULL),
('STD219', 1, 249, 'Rameshwar ', 'Patil', 'patilrameshwar67539@gmail.com', '9561829234‬‬', '0000-00-00', '2025-11-27', 'active', 'B014', NULL, NULL, NULL, NULL, '', '', '', NULL, '$2y$10$Y0bCw5a2.gF/rXyJF25gt.PLx81dNLdfKUbqbi9WRq4ba5kRbYxDq', NULL, NULL),
('STD220', 1, 250, 'Aditya ', 'Kumar', 'adityasharma37744@gmail.com', '‪‪‪‪ ‪‪6200042196', '0000-00-00', '2025-11-27', 'active', 'B014', NULL, NULL, NULL, NULL, '', '', '', NULL, '$2y$10$Ia3p9PBkmbRUOvanmAV7fOk/v9myGyqpJtTCwJLzsbEqVb5QxvSjS', NULL, NULL),
('STD221', 2, 251, 'Garvit ', 'Mathur', 'mathurgaming656@gmail.com', '9358414656', '0000-00-00', '2025-11-27', 'active', 'B014', NULL, NULL, NULL, NULL, '', '', '', NULL, '$2y$10$qll6eWPKODcIU0g8MT02e.fKcqFe3Ybixx75PhKOCtv3vVYy2nWLu', NULL, NULL),
('STD222', 1, 252, 'Sandeep ', 'Kumar', 'ourstudents098@gmail.com', '9507380855', '2000-01-01', '2025-11-28', 'active', 'B014', NULL, NULL, NULL, NULL, '', '', '', NULL, '$2y$10$mjs3eDu7nLOPEnjxUQASbezsGLninM3aP3U8I8PFgkUE8CqoiXfh6', NULL, NULL),
('STD223', 1, 253, 'Pryank ', 'kashyap', 'ourstudents0@gmail.com', '+919219281607', '0000-00-00', '2025-11-28', 'active', 'B014', NULL, NULL, NULL, NULL, '', '', '', NULL, '$2y$10$.fU4suZg4tq5JgG8bNiLy.3GpDQ5xZYW5pV30mVC8OpJXkOsnPV7.', NULL, NULL);
INSERT INTO `students` (`student_id`, `course`, `user_id`, `first_name`, `last_name`, `email`, `phone_number`, `date_of_birth`, `enrollment_date`, `current_status`, `batch_name`, `dropout_date`, `dropout_reason`, `dropout_processed_by`, `dropout_processed_at`, `father_name`, `father_phone_number`, `father_email`, `state`, `password_hash`, `last_login`, `profile_picture`) VALUES
('STD224', 3, 254, 'Subrat ', 'Sahoo', 'subratsahoo02191@gmail.com', '9178272095‬‬ ', '2000-02-01', '2025-12-03', 'active', 'B018', NULL, NULL, NULL, NULL, '', '', '', NULL, '$2y$10$MMYAduCH0lrnuoKICBT2LuVCF8.ulxYzGPmreAwr4rhYrF0fKkv7S', NULL, NULL),
('STD225', 3, 255, 'Subrat ', 'Sahoo', 'subratsahoo02191@gmail.com', '9178272095‬‬ ', '2000-02-01', '2025-12-03', 'active', 'B018', NULL, NULL, NULL, NULL, '', '', '', NULL, '$2y$10$1.S8hSuVOuIVWt8ud6SW1uC0eTz.pIjb5VCawPj2isr1P62jQ49BO', NULL, NULL),
('STD226', 3, 256, 'Ankit ', 'Mogha ', 'Aniketrajput747@gmail.com', '8384872691', '2000-01-01', '2025-12-03', 'active', 'B018', NULL, NULL, NULL, NULL, '', '', '', NULL, '$2y$10$OxsZlzpVjZGhcF/IVWGFOewvJTS852SzxF3NsQN3vNRURpnDHiUx.', NULL, NULL),
('STD227', 3, 257, 'Lakshay ', 'Singh Shekawat', 'lshekhawat410@gmail.com', '9929830665', '2000-01-01', '2025-12-03', 'active', 'B018', NULL, NULL, NULL, NULL, '', '', '', NULL, '$2y$10$FNGOSIRt3lQAieC/rkaI2eOMe0xc1tPBuVPvzkwHN.LKjV8dGs.gC', NULL, NULL),
('STD228', 4, 258, 'Sunil', 'Choudhary', 'sthory353@gmail.com', '9272120703', '2005-01-15', '2025-12-05', 'active', 'B028', NULL, NULL, NULL, NULL, 'Bhanwara Ram', '9950268581', '', NULL, '$2y$10$JVH8SQGOio4jpur72HysyeqrXHcIWsFAXUhfhVabSFmDqu5WAE4Iu', NULL, '../uploads/profile_pictures/student_1764926312.jpg'),
('STD229', 4, 259, 'Rakesh', 'Kumar', 'rakesh8003533455@gmail.com', '7878952492', '1980-08-01', '2025-12-05', 'active', 'B028', NULL, NULL, NULL, NULL, 'Rampal', '7878952492', '', NULL, '$2y$10$o8vGk8O7mfyOhWEw1Rg/1.rhN7UVdXUL9qRVUXsxc76Ht7c1RdXp6', NULL, NULL),
('STD230', 4, 260, 'Darshan', 'Shidenur', 'shidenurd@gmail.com', '9353971865', '2003-11-14', '2025-12-05', 'active', 'B028', NULL, NULL, NULL, NULL, '	Shivalingappa', '9110285392', '', NULL, '$2y$10$dyCPXSz/T47crVYDKsKQB.p5L6ywrBGM6THA6/R1imuqa7mkXNO.K', NULL, '../uploads/profile_pictures/student_STD230_1764927764.jpg'),
('STD231', 4, 261, 'Vinit', 'Kumar', 'vinitkumargaya.vk@gmail.com', '8210945760', '2006-08-20', '2025-12-05', 'active', 'B028', NULL, NULL, NULL, NULL, 'Dharmendra Kumar', '8092614476', '', NULL, '$2y$10$J3/N/CJ2SbK5UovEmP1sRuZMTwXFfmwVYEJP.mbUEFcZ2/5/wOvYm', NULL, '../uploads/profile_pictures/student_1764927859.jpg'),
('STD232', 4, 262, 'Mohit', 'Kumawat', 'mohit369663@gmail.com', '7023840804', '2004-02-08', '2025-12-05', 'active', 'B028', NULL, NULL, NULL, NULL, 'Kanhaiya Lal kumawat', '7023536199', '', '', '$2y$10$ZnkFgq.qS/iGCvQIEN7qfefqkxr0n6pvF9whYPw8In50MjiZNUZ.S', NULL, '../uploads/profile_pictures/student_1764928088.jpg'),
('STD233', 4, 263, 'Mahesh', 'Kumawat', 'mkmaheshkumar669@gmail.com', '9680446344', '2005-12-29', '2025-12-05', 'active', 'B028', NULL, NULL, NULL, NULL, 'Ganesh Kumawat', '9001685801', '', '', '$2y$10$X9MemOn43sUxt3qySwE88ei.T.Z4Kt7E8xCr6tRP72bjrS49eTfs2', NULL, '../uploads/profile_pictures/student_1764928232.jpg'),
('STD234', 4, 264, 'Keval', 'Fatkure', 'kevalfatkure21@gmail.com', '7387739176', '2003-10-01', '2025-12-05', 'active', 'B028', NULL, NULL, NULL, NULL, 'Anil', '7387739176', '', '', '$2y$10$.k0jnW/oXAI2JiY/zHQ1tOsd8PYW8w/gcDtlq6nZFyM83GMf17tXi', NULL, '../uploads/profile_pictures/student_1764928397.jpg'),
('STD235', 4, 265, 'Krishankant', 'Suman', 'krishankantsuman45@gmail.com', '6375201831', '2001-06-23', '2025-12-05', 'active', 'B028', NULL, NULL, NULL, NULL, 'Sohan Lal', '9829611636', '', '', '$2y$10$D8sy5ZdO.EjmgqPb1M3wCe2YOPLd5bDHs9cDtVDaOXQKKa2hIAFki', NULL, '../uploads/profile_pictures/student_1764928712.jpg'),
('STD236', 7, 266, 'Sudesh ', 'Devadhe', 'devadhesudesh4214@gmail.com', '8624850941', '2000-02-01', '2025-12-05', 'active', 'B016', NULL, NULL, NULL, NULL, '', '', '', NULL, '$2y$10$OG91IoXpOa6g2on6RWJbgeYKJPa1pBadfclM53m5Z9vmLZV9WY1rq', NULL, NULL),
('STD237', 7, 267, 'Ritesh ', 'Kumar', 'ritesh18pradhan@gmail.com', '9348551411', '2000-01-01', '2025-12-05', 'active', 'B016', NULL, NULL, NULL, NULL, '', '', '', NULL, '$2y$10$K3thjEXKCMuV0op6Mtoah.Vy/YpZYwexrlSHSr2nmuHbTSl0IfYg.', NULL, NULL),
('STD238', 7, 268, 'Shivaraj  ', 'samgonda Patil ', 'shivarajpatil2408@gmail.com', '7038870716', '2000-02-02', '2025-12-05', 'active', 'B016', NULL, NULL, NULL, NULL, '', '', '', NULL, '$2y$10$0qhyqm8MmCy2drUi8VByD./5XTjxK.FpePpYBs6xNPXddPA5dpMo.', NULL, NULL),
('STD239', 7, 269, 'Sai Kalyan ', 'Mundlur', 'mundlurkalyan@gmail.com', '8660947107', '2000-03-02', '2025-12-05', 'active', 'B016', NULL, NULL, NULL, NULL, '', '', '', NULL, '$2y$10$7WY3h8aZ8q5OcC7vo6a7be2IEzgVm7xkbn4P8SRljqRFPTU7Uzs0y', NULL, NULL),
('STD240', 9, 270, 'Jitendra ', 'Singh Pal', 'jitendrajeetuspt@gmail.com', '8318267197', '2000-01-01', '2025-12-10', 'active', 'B018', NULL, NULL, NULL, NULL, '', '', '', '', '$2y$10$0n/xXdxBd2eq0U1LLTWSfeGHLhHEnhxnDvx7FAeJqtmEASqOTuqXS', NULL, NULL),
('STD241', 2, 273, 'Saumya', 'Bari', 'saumyabari123@gmail.com', '8766598928', '2000-04-01', '2025-12-12', 'active', 'B016', NULL, NULL, NULL, NULL, '', '', '', '', '$2y$10$cmCNczL4WaMaG4iOjpjuoOTnkIhrcBoYCJynExcg68jdMo4L/0lvy', NULL, NULL);

-- --------------------------------------------------------

--
-- Table structure for table `student_batch_history`
--

CREATE TABLE `student_batch_history` (
  `id` int(11) NOT NULL,
  `student_id` varchar(50) NOT NULL,
  `from_batch_id` varchar(10) NOT NULL,
  `to_batch_id` varchar(10) NOT NULL,
  `transfer_date` datetime NOT NULL DEFAULT current_timestamp(),
  `transferred_by` int(11) DEFAULT NULL
) ENGINE=InnoDB DEFAULT CHARSET=utf8mb4 COLLATE=utf8mb4_general_ci;

--
-- Dumping data for table `student_batch_history`
--

INSERT INTO `student_batch_history` (`id`, `student_id`, `from_batch_id`, `to_batch_id`, `transfer_date`, `transferred_by`) VALUES
(1, 'STD118', 'B004', 'B010', '2025-10-23 05:54:10', 1),
(2, 'STD125', 'B004', 'B010', '2025-10-23 11:40:05', 1),
(3, 'STD116', 'B004', 'B010', '2025-10-23 11:40:05', 1),
(4, 'STD118', 'B004', 'B010', '2025-10-23 11:40:05', 1),
(5, 'STD120', 'B004', 'B010', '2025-10-23 11:40:05', 1),
(6, 'STD117', 'B004', 'B010', '2025-10-23 11:40:05', 1),
(7, 'STD124', 'B004', 'B010', '2025-10-23 11:40:05', 1),
(8, 'STD121', 'B004', 'B010', '2025-10-23 11:40:05', 1),
(9, 'STD099', 'B004', 'B011', '2025-10-23 11:51:18', 1),
(10, 'STD103', 'B004', 'B011', '2025-10-23 11:51:18', 1),
(11, 'STD108', 'B004', 'B011', '2025-10-23 11:51:18', 1),
(12, 'STD095', 'B004', 'B011', '2025-10-23 11:51:18', 1),
(13, 'STD114', 'B004', 'B011', '2025-10-23 11:51:18', 1),
(14, 'STD112', 'B004', 'B011', '2025-10-23 11:51:18', 1),
(15, 'STD102', 'B004', 'B011', '2025-10-23 11:51:18', 1),
(16, 'STD109', 'B004', 'B011', '2025-10-23 11:51:18', 1),
(17, 'STD106', 'B004', 'B011', '2025-10-23 11:51:18', 1),
(18, 'STD101', 'B004', 'B011', '2025-10-23 11:51:18', 1),
(19, 'STD113', 'B004', 'B011', '2025-10-23 11:51:18', 1),
(20, 'STD107', 'B004', 'B011', '2025-10-23 11:51:18', 1),
(21, 'STD110', 'B004', 'B011', '2025-10-23 11:51:18', 1),
(22, 'STD097', 'B004', 'B011', '2025-10-23 11:51:18', 1),
(23, 'STD104', 'B004', 'B011', '2025-10-23 11:51:18', 1),
(24, 'STD093', 'B004', 'B011', '2025-10-23 11:51:18', 1),
(25, 'STD111', 'B004', 'B011', '2025-10-23 11:51:18', 1),
(26, 'STD098', 'B004', 'B011', '2025-10-23 11:51:18', 1),
(27, 'STD094', 'B004', 'B011', '2025-10-23 11:51:18', 1),
(28, 'STD115', 'B004', 'B011', '2025-10-23 11:51:18', 1),
(29, 'STD001', 'B001', 'B010', '2025-10-24 09:34:39', 1),
(30, 'STD001', 'B010', 'B001', '2025-10-24 09:39:59', 1),
(31, 'STD148', 'B005', 'B011', '2025-11-18 10:22:07', 1),
(32, 'STD030', 'B006', 'B018', '2025-12-03 08:33:28', 1),
(33, 'STD044', 'B006', 'B018', '2025-12-03 08:33:28', 1),
(34, 'STD038', 'B006', 'B018', '2025-12-03 08:33:28', 1),
(35, 'STD033', 'B006', 'B018', '2025-12-03 08:33:28', 1),
(36, 'STD021', 'B006', 'B018', '2025-12-03 08:33:28', 1),
(37, 'STD023', 'B006', 'B018', '2025-12-03 08:33:28', 1),
(38, 'STD226', 'B006', 'B018', '2025-12-03 08:33:28', 1),
(39, 'STD024', 'B006', 'B018', '2025-12-03 08:33:28', 1),
(40, 'STD019', 'B006', 'B018', '2025-12-03 08:33:28', 1),
(41, 'STD025', 'B006', 'B018', '2025-12-03 08:33:28', 1),
(42, 'STD035', 'B006', 'B018', '2025-12-03 08:33:28', 1),
(43, 'STD029', 'B006', 'B018', '2025-12-03 08:33:28', 1),
(44, 'STD027', 'B006', 'B018', '2025-12-03 08:33:28', 1),
(45, 'STD020', 'B006', 'B018', '2025-12-03 08:33:28', 1),
(46, 'STD227', 'B006', 'B018', '2025-12-03 08:33:28', 1),
(47, 'STD026', 'B006', 'B018', '2025-12-03 08:33:28', 1),
(48, 'STD042', 'B006', 'B018', '2025-12-03 08:33:28', 1),
(49, 'STD040', 'B006', 'B018', '2025-12-03 08:33:28', 1),
(50, 'STD031', 'B006', 'B018', '2025-12-03 08:33:28', 1),
(51, 'STD034', 'B006', 'B018', '2025-12-03 08:33:28', 1),
(52, 'STD036', 'B006', 'B018', '2025-12-03 08:33:28', 1),
(53, 'STD022', 'B006', 'B018', '2025-12-03 08:33:28', 1),
(54, 'STD224', 'B006', 'B018', '2025-12-03 08:33:28', 1),
(55, 'STD225', 'B006', 'B018', '2025-12-03 08:33:28', 1),
(56, 'STD043', 'B006', 'B018', '2025-12-03 08:33:28', 1),
(57, 'STD041', 'B006', 'B018', '2025-12-03 08:33:28', 1),
(58, 'STD028', 'B006', 'B015', '2025-12-03 08:38:59', 1),
(59, 'STD030', 'B018', 'B006', '2025-12-03 08:40:31', 1),
(60, 'STD030', 'B006', 'B015', '2025-12-03 08:43:03', 1),
(61, 'STD030', 'B006', 'B018', '2025-12-03 08:55:25', 1),
(62, 'STD030', 'B018', 'B006', '2025-12-03 08:56:31', 1),
(63, 'STD044', 'B018', 'B006', '2025-12-03 08:56:31', 1),
(64, 'STD038', 'B018', 'B006', '2025-12-03 08:56:31', 1),
(65, 'STD033', 'B018', 'B006', '2025-12-03 08:56:31', 1),
(66, 'STD021', 'B018', 'B006', '2025-12-03 08:56:31', 1),
(67, 'STD023', 'B018', 'B006', '2025-12-03 08:56:31', 1),
(68, 'STD226', 'B018', 'B006', '2025-12-03 08:56:31', 1),
(69, 'STD024', 'B018', 'B006', '2025-12-03 08:56:31', 1),
(70, 'STD019', 'B018', 'B006', '2025-12-03 08:56:31', 1),
(71, 'STD025', 'B018', 'B006', '2025-12-03 08:56:31', 1),
(72, 'STD035', 'B018', 'B006', '2025-12-03 08:56:31', 1),
(73, 'STD029', 'B018', 'B006', '2025-12-03 08:56:31', 1),
(74, 'STD027', 'B018', 'B006', '2025-12-03 08:56:31', 1),
(75, 'STD020', 'B018', 'B006', '2025-12-03 08:56:31', 1),
(76, 'STD227', 'B018', 'B006', '2025-12-03 08:56:31', 1),
(77, 'STD026', 'B018', 'B006', '2025-12-03 08:56:31', 1),
(78, 'STD042', 'B018', 'B006', '2025-12-03 08:56:31', 1),
(79, 'STD040', 'B018', 'B006', '2025-12-03 08:56:31', 1),
(80, 'STD031', 'B018', 'B006', '2025-12-03 08:56:31', 1),
(81, 'STD034', 'B018', 'B006', '2025-12-03 08:56:31', 1),
(82, 'STD036', 'B018', 'B006', '2025-12-03 08:56:31', 1),
(83, 'STD022', 'B018', 'B006', '2025-12-03 08:56:31', 1),
(84, 'STD224', 'B018', 'B006', '2025-12-03 08:56:31', 1),
(85, 'STD225', 'B018', 'B006', '2025-12-03 08:56:31', 1),
(86, 'STD043', 'B018', 'B006', '2025-12-03 08:56:31', 1),
(87, 'STD041', 'B018', 'B006', '2025-12-03 08:56:31', 1),
(88, 'STD030', 'B006', 'B018', '2025-12-03 09:04:03', 1),
(89, 'STD044', 'B006', 'B018', '2025-12-03 11:03:10', 1),
(90, 'STD038', 'B006', 'B018', '2025-12-03 11:03:10', 1),
(91, 'STD033', 'B006', 'B018', '2025-12-03 11:03:10', 1),
(92, 'STD021', 'B006', 'B018', '2025-12-03 11:03:10', 1),
(93, 'STD023', 'B006', 'B018', '2025-12-03 11:03:10', 1),
(94, 'STD226', 'B006', 'B018', '2025-12-03 11:03:10', 1),
(95, 'STD024', 'B006', 'B018', '2025-12-03 11:03:10', 1),
(96, 'STD019', 'B006', 'B018', '2025-12-03 11:03:10', 1),
(97, 'STD025', 'B006', 'B018', '2025-12-03 11:03:10', 1),
(98, 'STD035', 'B006', 'B018', '2025-12-03 11:03:10', 1),
(99, 'STD029', 'B006', 'B018', '2025-12-03 11:03:10', 1),
(100, 'STD027', 'B006', 'B018', '2025-12-03 11:03:10', 1),
(101, 'STD020', 'B006', 'B018', '2025-12-03 11:03:10', 1),
(102, 'STD227', 'B006', 'B018', '2025-12-03 11:03:10', 1),
(103, 'STD026', 'B006', 'B018', '2025-12-03 11:03:10', 1),
(104, 'STD042', 'B006', 'B018', '2025-12-03 11:03:10', 1),
(105, 'STD040', 'B006', 'B018', '2025-12-03 11:03:10', 1),
(106, 'STD031', 'B006', 'B018', '2025-12-03 11:03:10', 1),
(107, 'STD034', 'B006', 'B018', '2025-12-03 11:03:10', 1),
(108, 'STD036', 'B006', 'B018', '2025-12-03 11:03:10', 1),
(109, 'STD022', 'B006', 'B018', '2025-12-03 11:03:10', 1),
(110, 'STD028', 'B006', 'B018', '2025-12-03 11:03:10', 1),
(111, 'STD224', 'B006', 'B018', '2025-12-03 11:03:10', 1),
(112, 'STD225', 'B006', 'B018', '2025-12-03 11:03:10', 1),
(113, 'STD043', 'B006', 'B018', '2025-12-03 11:03:10', 1),
(114, 'STD041', 'B006', 'B018', '2025-12-03 11:03:10', 1),
(115, 'STD032', 'B006', 'B018', '2025-12-03 11:03:10', 1),
(116, 'STD039', 'B015', 'B018', '2025-12-04 09:49:58', 1),
(117, 'STD211', 'B005', 'B016', '2025-12-04 10:07:08', 1),
(118, 'STD145', 'B005', 'B016', '2025-12-04 10:07:08', 1),
(119, 'STD151', 'B005', 'B016', '2025-12-04 10:07:08', 1),
(120, 'STD150', 'B005', 'B016', '2025-12-04 10:07:08', 1),
(121, 'STD155', 'B005', 'B016', '2025-12-04 10:07:08', 1),
(122, 'STD142', 'B005', 'B016', '2025-12-04 10:07:08', 1),
(123, 'STD198', 'B005', 'B016', '2025-12-04 10:07:08', 1),
(124, 'STD152', 'B005', 'B016', '2025-12-04 10:07:08', 1),
(125, 'STD140', 'B005', 'B016', '2025-12-04 10:07:08', 1),
(126, 'STD197', 'B005', 'B016', '2025-12-04 10:07:08', 1),
(127, 'STD149', 'B005', 'B016', '2025-12-04 10:07:08', 1),
(128, 'STD154', 'B005', 'B016', '2025-12-04 10:07:08', 1),
(129, 'STD143', 'B005', 'B016', '2025-12-04 10:07:08', 1),
(130, 'STD153', 'B005', 'B016', '2025-12-04 10:07:08', 1),
(131, 'STD139', 'B005', 'B016', '2025-12-04 10:07:08', 1),
(132, 'STD144', 'B005', 'B016', '2025-12-04 10:07:08', 1),
(133, 'STD146', 'B005', 'B016', '2025-12-04 10:07:08', 1),
(134, 'STD158', 'B005', 'B016', '2025-12-04 10:07:08', 1),
(135, 'STD213', 'B005', 'B016', '2025-12-04 10:07:08', 1),
(136, 'STD130', 'B007', 'B016', '2025-12-04 10:11:31', 1),
(137, 'STD134', 'B007', 'B016', '2025-12-04 10:11:31', 1),
(138, 'STD135', 'B007', 'B016', '2025-12-04 10:11:31', 1),
(139, 'STD127', 'B007', 'B016', '2025-12-04 10:11:31', 1),
(140, 'STD001', 'B001', 'B015', '2025-12-04 11:57:20', 1),
(145, 'STD018', 'B001', 'B028', '2025-12-05 10:01:42', 1),
(146, 'STD004', 'B001', 'B028', '2025-12-05 10:01:42', 1),
(147, 'STD237', 'B018', 'B022', '2025-12-10 11:21:37', 1),
(148, 'STD239', 'B018', 'B022', '2025-12-10 11:21:37', 1),
(149, 'STD238', 'B018', 'B022', '2025-12-10 11:21:37', 1),
(150, 'STD236', 'B018', 'B022', '2025-12-10 11:21:37', 1),
(151, 'STD237', 'B022', 'B016', '2025-12-10 11:23:41', 1),
(152, 'STD239', 'B022', 'B016', '2025-12-10 11:23:41', 1),
(153, 'STD238', 'B022', 'B016', '2025-12-10 11:23:41', 1),
(154, 'STD236', 'B022', 'B016', '2025-12-10 11:23:41', 1),
(155, 'STD204', 'B009', 'B014', '2025-12-11 08:06:18', 1);

-- --------------------------------------------------------

--
-- Table structure for table `student_documents`
--

CREATE TABLE `student_documents` (
  `document_id` int(11) NOT NULL,
  `student_id` varchar(50) NOT NULL,
  `document_type` enum('aadhaar','pancard','tenth_marksheet','twelfth_marksheet','other') NOT NULL,
  `file_path` varchar(255) NOT NULL,
  `uploaded_at` timestamp NOT NULL DEFAULT current_timestamp()
) ENGINE=InnoDB DEFAULT CHARSET=utf8mb4 COLLATE=utf8mb4_general_ci;

-- --------------------------------------------------------

--
-- Table structure for table `student_status_log`
--

CREATE TABLE `student_status_log` (
  `id` int(11) NOT NULL,
  `student_id` varchar(50) NOT NULL,
  `action` enum('dropped','reactivated','transferred') NOT NULL,
  `reason` text DEFAULT NULL,
  `processed_by` int(11) NOT NULL,
  `processed_at` datetime NOT NULL DEFAULT current_timestamp()
) ENGINE=InnoDB DEFAULT CHARSET=utf8mb4 COLLATE=utf8mb4_general_ci;

--
-- Dumping data for table `student_status_log`
--

INSERT INTO `student_status_log` (`id`, `student_id`, `action`, `reason`, `processed_by`, `processed_at`) VALUES
(1, 'STD002', 'dropped', 'yes', 1, '2025-09-02 13:04:15'),
(2, 'STD002', 'reactivated', 'nothing', 1, '2025-09-02 13:05:08'),
(3, 'STD006', 'dropped', 'Not Understanding & financial Issues', 1, '2025-09-04 08:56:58'),
(4, 'STD009', 'reactivated', 'College work  complete and  ask to join', 1, '2025-09-29 09:26:17'),
(5, 'STD015', 'reactivated', 'Shift in kota and rejoin from 3 oct.', 1, '2025-10-06 06:19:59'),
(6, 'STD092', 'dropped', 'Hleath Issues & Operation , need to rest', 1, '2025-10-10 07:34:38'),
(7, 'STD048', 'dropped', '', 1, '2025-10-15 07:29:55'),
(8, 'STD028', 'dropped', '', 1, '2025-10-15 07:59:08'),
(9, 'STD010', 'dropped', '', 1, '2025-10-17 06:08:07'),
(10, 'STD172', 'dropped', '', 1, '2025-10-23 07:17:26'),
(11, 'STD173', 'dropped', '', 1, '2025-10-23 07:17:52'),
(12, 'STD105', 'dropped', '', 1, '2025-10-23 10:42:54'),
(13, 'STD096', 'dropped', '', 1, '2025-10-23 10:43:12'),
(14, 'STD100', 'dropped', '', 1, '2025-10-23 10:43:40'),
(15, 'STD122', 'dropped', '', 1, '2025-10-23 11:53:56'),
(16, 'STD141', 'dropped', '', 1, '2025-11-07 06:32:20'),
(17, 'STD076', 'dropped', '', 1, '2025-11-18 10:30:40'),
(18, 'STD021', 'reactivated', 'Batch status changed from completed', 1, '2025-12-03 11:02:33'),
(19, 'STD023', 'reactivated', 'Batch status changed from completed', 1, '2025-12-03 11:02:33'),
(20, 'STD033', 'reactivated', 'Batch status changed from completed', 1, '2025-12-03 11:02:33'),
(21, 'STD038', 'reactivated', 'Batch status changed from completed', 1, '2025-12-03 11:02:33'),
(22, 'STD044', 'reactivated', 'Batch status changed from completed', 1, '2025-12-03 11:02:33'),
(23, 'STD226', 'reactivated', 'Batch status changed from completed', 1, '2025-12-03 11:02:33'),
(24, 'STD019', '', 'Batch marked as completed', 1, '2025-12-03 11:02:48'),
(25, 'STD020', '', 'Batch marked as completed', 1, '2025-12-03 11:02:48'),
(26, 'STD021', '', 'Batch marked as completed', 1, '2025-12-03 11:02:48'),
(27, 'STD022', '', 'Batch marked as completed', 1, '2025-12-03 11:02:48'),
(28, 'STD023', '', 'Batch marked as completed', 1, '2025-12-03 11:02:48'),
(29, 'STD024', '', 'Batch marked as completed', 1, '2025-12-03 11:02:48'),
(30, 'STD025', '', 'Batch marked as completed', 1, '2025-12-03 11:02:48'),
(31, 'STD026', '', 'Batch marked as completed', 1, '2025-12-03 11:02:48'),
(32, 'STD027', '', 'Batch marked as completed', 1, '2025-12-03 11:02:48'),
(33, 'STD028', '', 'Batch marked as completed', 1, '2025-12-03 11:02:48'),
(34, 'STD029', '', 'Batch marked as completed', 1, '2025-12-03 11:02:48'),
(35, 'STD031', '', 'Batch marked as completed', 1, '2025-12-03 11:02:48'),
(36, 'STD033', '', 'Batch marked as completed', 1, '2025-12-03 11:02:48'),
(37, 'STD034', '', 'Batch marked as completed', 1, '2025-12-03 11:02:48'),
(38, 'STD035', '', 'Batch marked as completed', 1, '2025-12-03 11:02:48'),
(39, 'STD036', '', 'Batch marked as completed', 1, '2025-12-03 11:02:48'),
(40, 'STD038', '', 'Batch marked as completed', 1, '2025-12-03 11:02:48'),
(41, 'STD040', '', 'Batch marked as completed', 1, '2025-12-03 11:02:48'),
(42, 'STD041', '', 'Batch marked as completed', 1, '2025-12-03 11:02:48'),
(43, 'STD042', '', 'Batch marked as completed', 1, '2025-12-03 11:02:48'),
(44, 'STD043', '', 'Batch marked as completed', 1, '2025-12-03 11:02:48'),
(45, 'STD044', '', 'Batch marked as completed', 1, '2025-12-03 11:02:48'),
(46, 'STD224', '', 'Batch marked as completed', 1, '2025-12-03 11:02:48'),
(47, 'STD225', '', 'Batch marked as completed', 1, '2025-12-03 11:02:48'),
(48, 'STD226', '', 'Batch marked as completed', 1, '2025-12-03 11:02:48'),
(49, 'STD227', '', 'Batch marked as completed', 1, '2025-12-03 11:02:48'),
(50, 'STD127', '', 'Batch marked as completed', 1, '2025-12-04 10:20:21'),
(51, 'STD130', '', 'Batch marked as completed', 1, '2025-12-04 10:20:21'),
(52, 'STD134', '', 'Batch marked as completed', 1, '2025-12-04 10:20:21'),
(53, 'STD135', '', 'Batch marked as completed', 1, '2025-12-04 10:20:21'),
(54, 'STD139', '', 'Batch marked as completed', 1, '2025-12-04 10:20:21'),
(55, 'STD140', '', 'Batch marked as completed', 1, '2025-12-04 10:20:21'),
(56, 'STD142', '', 'Batch marked as completed', 1, '2025-12-04 10:20:21'),
(57, 'STD143', '', 'Batch marked as completed', 1, '2025-12-04 10:20:21'),
(58, 'STD144', '', 'Batch marked as completed', 1, '2025-12-04 10:20:21'),
(59, 'STD145', '', 'Batch marked as completed', 1, '2025-12-04 10:20:21'),
(60, 'STD146', '', 'Batch marked as completed', 1, '2025-12-04 10:20:21'),
(61, 'STD149', '', 'Batch marked as completed', 1, '2025-12-04 10:20:21'),
(62, 'STD150', '', 'Batch marked as completed', 1, '2025-12-04 10:20:21'),
(63, 'STD151', '', 'Batch marked as completed', 1, '2025-12-04 10:20:21'),
(64, 'STD152', '', 'Batch marked as completed', 1, '2025-12-04 10:20:21'),
(65, 'STD153', '', 'Batch marked as completed', 1, '2025-12-04 10:20:21'),
(66, 'STD154', '', 'Batch marked as completed', 1, '2025-12-04 10:20:21'),
(67, 'STD155', '', 'Batch marked as completed', 1, '2025-12-04 10:20:21'),
(68, 'STD158', '', 'Batch marked as completed', 1, '2025-12-04 10:20:21'),
(69, 'STD197', '', 'Batch marked as completed', 1, '2025-12-04 10:20:21'),
(70, 'STD198', '', 'Batch marked as completed', 1, '2025-12-04 10:20:21'),
(71, 'STD211', '', 'Batch marked as completed', 1, '2025-12-04 10:20:21'),
(72, 'STD213', '', 'Batch marked as completed', 1, '2025-12-04 10:20:21'),
(73, 'STD009', 'reactivated', 'Rejoin in new november batch', 1, '2025-12-05 09:19:55'),
(74, 'STD037', '', 'Batch marked as completed', 1, '2025-12-05 10:18:20'),
(75, 'STD094', '', 'Batch marked as completed', 1, '2025-12-05 10:18:20'),
(76, 'STD095', '', 'Batch marked as completed', 1, '2025-12-05 10:18:20'),
(77, 'STD097', '', 'Batch marked as completed', 1, '2025-12-05 10:18:20'),
(78, 'STD099', '', 'Batch marked as completed', 1, '2025-12-05 10:18:20'),
(79, 'STD101', '', 'Batch marked as completed', 1, '2025-12-05 10:18:20'),
(80, 'STD102', '', 'Batch marked as completed', 1, '2025-12-05 10:18:20'),
(81, 'STD103', '', 'Batch marked as completed', 1, '2025-12-05 10:18:20'),
(82, 'STD106', '', 'Batch marked as completed', 1, '2025-12-05 10:18:20'),
(83, 'STD107', '', 'Batch marked as completed', 1, '2025-12-05 10:18:20'),
(84, 'STD108', '', 'Batch marked as completed', 1, '2025-12-05 10:18:20'),
(85, 'STD109', '', 'Batch marked as completed', 1, '2025-12-05 10:18:20'),
(86, 'STD111', '', 'Batch marked as completed', 1, '2025-12-05 10:18:20'),
(87, 'STD112', '', 'Batch marked as completed', 1, '2025-12-05 10:18:20'),
(88, 'STD113', '', 'Batch marked as completed', 1, '2025-12-05 10:18:20'),
(89, 'STD114', '', 'Batch marked as completed', 1, '2025-12-05 10:18:20'),
(90, 'STD115', '', 'Batch marked as completed', 1, '2025-12-05 10:18:20'),
(91, 'STD148', '', 'Batch marked as completed', 1, '2025-12-05 10:18:20'),
(92, 'STD050', '', 'Batch marked as completed', 1, '2025-12-05 10:18:50'),
(93, 'STD116', '', 'Batch marked as completed', 1, '2025-12-05 10:18:50'),
(94, 'STD117', '', 'Batch marked as completed', 1, '2025-12-05 10:18:50'),
(95, 'STD118', '', 'Batch marked as completed', 1, '2025-12-05 10:18:50'),
(96, 'STD120', '', 'Batch marked as completed', 1, '2025-12-05 10:18:50'),
(97, 'STD121', '', 'Batch marked as completed', 1, '2025-12-05 10:18:50'),
(98, 'STD124', '', 'Batch marked as completed', 1, '2025-12-05 10:18:50'),
(99, 'STD125', '', 'Batch marked as completed', 1, '2025-12-05 10:18:50'),
(100, 'STD215', '', 'Batch marked as completed', 1, '2025-12-05 10:18:50'),
(101, 'STD216', '', 'Batch marked as completed', 1, '2025-12-05 10:18:50'),
(102, 'STD127', 'reactivated', 'Batch status changed from completed', 1, '2025-12-10 11:22:23'),
(103, 'STD130', 'reactivated', 'Batch status changed from completed', 1, '2025-12-10 11:22:23'),
(104, 'STD134', 'reactivated', 'Batch status changed from completed', 1, '2025-12-10 11:22:23'),
(105, 'STD135', 'reactivated', 'Batch status changed from completed', 1, '2025-12-10 11:22:23'),
(106, 'STD139', 'reactivated', 'Batch status changed from completed', 1, '2025-12-10 11:22:23'),
(107, 'STD140', 'reactivated', 'Batch status changed from completed', 1, '2025-12-10 11:22:23'),
(108, 'STD142', 'reactivated', 'Batch status changed from completed', 1, '2025-12-10 11:22:23'),
(109, 'STD143', 'reactivated', 'Batch status changed from completed', 1, '2025-12-10 11:22:23'),
(110, 'STD144', 'reactivated', 'Batch status changed from completed', 1, '2025-12-10 11:22:23'),
(111, 'STD145', 'reactivated', 'Batch status changed from completed', 1, '2025-12-10 11:22:23'),
(112, 'STD146', 'reactivated', 'Batch status changed from completed', 1, '2025-12-10 11:22:23'),
(113, 'STD149', 'reactivated', 'Batch status changed from completed', 1, '2025-12-10 11:22:23'),
(114, 'STD150', 'reactivated', 'Batch status changed from completed', 1, '2025-12-10 11:22:23'),
(115, 'STD151', 'reactivated', 'Batch status changed from completed', 1, '2025-12-10 11:22:23'),
(116, 'STD152', 'reactivated', 'Batch status changed from completed', 1, '2025-12-10 11:22:23'),
(117, 'STD153', 'reactivated', 'Batch status changed from completed', 1, '2025-12-10 11:22:23'),
(118, 'STD154', 'reactivated', 'Batch status changed from completed', 1, '2025-12-10 11:22:23'),
(119, 'STD155', 'reactivated', 'Batch status changed from completed', 1, '2025-12-10 11:22:23'),
(120, 'STD158', 'reactivated', 'Batch status changed from completed', 1, '2025-12-10 11:22:23'),
(121, 'STD197', 'reactivated', 'Batch status changed from completed', 1, '2025-12-10 11:22:23'),
(122, 'STD198', 'reactivated', 'Batch status changed from completed', 1, '2025-12-10 11:22:23'),
(123, 'STD211', 'reactivated', 'Batch status changed from completed', 1, '2025-12-10 11:22:23'),
(124, 'STD213', 'reactivated', 'Batch status changed from completed', 1, '2025-12-10 11:22:23'),
(125, 'STD028', 'dropped', '', 1, '2025-12-10 11:31:29');

-- --------------------------------------------------------

--
-- Table structure for table `sub_topics`
--

CREATE TABLE `sub_topics` (
  `id` int(11) NOT NULL,
  `main_topic_id` int(11) NOT NULL,
  `sub_topic_name` varchar(255) NOT NULL,
  `theory_completed` tinyint(1) DEFAULT 0,
  `practical_completed` tinyint(1) DEFAULT 0,
  `completed_by` int(11) DEFAULT NULL,
  `completed_at` datetime DEFAULT NULL,
  `created_at` timestamp NOT NULL DEFAULT current_timestamp()
) ENGINE=InnoDB DEFAULT CHARSET=utf8mb4 COLLATE=utf8mb4_general_ci;

--
-- Dumping data for table `sub_topics`
--

INSERT INTO `sub_topics` (`id`, `main_topic_id`, `sub_topic_name`, `theory_completed`, `practical_completed`, `completed_by`, `completed_at`, `created_at`) VALUES
(12, 7, 'SOC structure (L1-L3)', 1, 1, 0, '2025-11-29 08:30:51', '2025-11-28 12:07:52'),
(13, 7, 'Attack lifecycle', 1, 1, 0, '2025-11-29 08:30:54', '2025-11-28 12:07:52'),
(14, 7, 'Job roles', 1, 1, 1, '2025-12-01 05:19:27', '2025-11-28 12:07:52'),
(16, 8, 'TCP/IP', 1, 1, 0, '2025-12-01 05:21:38', '2025-11-28 12:08:55'),
(17, 8, 'DNS', 1, 1, 0, '2025-12-01 05:21:41', '2025-11-28 12:08:55'),
(18, 8, 'ports', 1, 1, 0, '2025-12-01 05:21:44', '2025-11-28 12:08:55'),
(19, 8, 'HTTP/S', 1, 1, 1, '2025-12-04 12:43:15', '2025-11-28 12:08:55'),
(20, 8, 'Logs in Windows/Linux', 1, 0, 0, '2025-12-01 05:21:48', '2025-11-28 12:08:55'),
(21, 9, '﻿What is SIEM', 1, 1, 0, '2025-12-01 12:34:46', '2025-11-28 12:10:07'),
(22, 9, 'Splunk architecture', 1, 1, 0, '2025-12-01 12:35:11', '2025-11-28 12:10:07'),
(23, 9, 'Use in SOC', 1, 1, 0, '2025-12-01 12:35:16', '2025-11-28 12:10:07'),
(24, 10, '﻿Splunk Free version setup (local lab)', 1, 1, 0, '2025-12-02 11:17:15', '2025-11-28 12:10:46'),
(25, 10, 'Data inputs', 1, 1, 1, '2025-12-04 12:43:29', '2025-11-28 12:10:46'),
(26, 11, '﻿Universal Forwarder', 1, 0, 0, '2025-12-01 05:22:06', '2025-11-28 12:11:46'),
(27, 11, 'Syslog', 1, 0, 0, '2025-12-01 05:22:08', '2025-11-28 12:11:46'),
(28, 11, 'Winlogbeat', 1, 1, 0, '2025-12-06 09:18:20', '2025-11-28 12:11:46'),
(29, 11, 'Ingestion', 1, 0, 0, '2025-12-01 05:22:13', '2025-11-28 12:11:46'),
(30, 12, '﻿`search`', 1, 0, 0, '2025-12-01 05:22:16', '2025-11-28 12:13:16'),
(31, 12, '`stats`', 1, 0, 0, '2025-12-01 05:22:18', '2025-11-28 12:13:16'),
(32, 12, '`table`', 1, 0, 0, '2025-12-01 05:22:20', '2025-11-28 12:13:16'),
(33, 12, '`fields`', 1, 0, 0, '2025-12-01 05:22:26', '2025-11-28 12:13:16'),
(34, 12, '`sort`', 1, 0, 0, '2025-12-01 05:22:28', '2025-11-28 12:13:16'),
(35, 13, '﻿`eval`', 1, 0, 0, '2025-12-01 05:22:30', '2025-11-28 12:14:06'),
(36, 13, '`where`', 1, 0, 0, '2025-12-01 05:22:32', '2025-11-28 12:14:06'),
(37, 13, '`rename`', 1, 0, 0, '2025-12-01 05:22:35', '2025-11-28 12:14:06'),
(38, 13, '`dedup`', 1, 0, 0, '2025-12-01 05:22:38', '2025-11-28 12:14:06'),
(39, 14, '﻿Timechart', 1, 0, 0, '2025-12-01 05:22:41', '2025-11-28 12:17:37'),
(40, 14, 'Single value panels', 1, 1, 0, '2025-12-02 11:17:53', '2025-11-28 12:17:37'),
(41, 14, 'bar/line graphs', 1, 1, 0, '2025-12-02 11:17:51', '2025-11-28 12:17:37'),
(42, 30, 'Simulated alert triage + threat detection case study', 1, 1, 0, '2025-12-01 05:24:38', '2025-11-28 12:20:01'),
(43, 29, 'Writing RCA', 1, 1, 0, '2025-11-29 07:04:12', '2025-11-28 12:20:27'),
(44, 29, 'Escalation practice from alert to report', 1, 1, 0, '2025-11-29 07:04:08', '2025-11-28 12:20:27'),
(45, 28, 'IDS/IPS logs', 1, 0, 0, '2025-12-01 05:24:28', '2025-11-28 12:21:07'),
(46, 28, 'VPN logs', 1, 1, 0, '2025-12-01 05:24:32', '2025-11-28 12:21:07'),
(47, 28, 'Connection monitoring', 0, 1, 0, '2025-11-29 07:04:53', '2025-11-28 12:21:07'),
(48, 27, 'Windows security logs', 1, 0, 0, '2025-12-01 05:24:20', '2025-11-28 12:21:38'),
(49, 27, 'PowerShell', 1, 1, 0, '2025-12-01 05:24:23', '2025-11-28 12:21:38'),
(50, 27, 'Task Scheduler', 1, 0, 0, '2025-12-01 05:24:25', '2025-11-28 12:21:38'),
(51, 26, 'Hunting techniques', 1, 0, 0, '2025-12-01 05:24:12', '2025-11-28 12:22:28'),
(52, 26, 'Baseline behaviors', 1, 0, 0, '2025-12-01 05:24:15', '2025-11-28 12:22:28'),
(53, 26, 'Watchlists', 1, 0, 0, '2025-12-01 05:24:17', '2025-11-28 12:22:28'),
(54, 25, 'License management', 1, 0, 0, '2025-12-01 05:24:06', '2025-11-28 12:23:26'),
(55, 25, 'Performance tuning', 1, 0, 0, '2025-12-01 05:24:08', '2025-11-28 12:23:26'),
(56, 25, 'inputs.conf', 1, 0, 0, '2025-12-01 05:24:10', '2025-11-28 12:23:26'),
(57, 24, 'Index mgmt', 1, 0, 0, '2025-12-01 05:23:59', '2025-11-28 12:24:01'),
(58, 24, 'Data model tuning', 1, 0, 0, '2025-12-01 05:24:01', '2025-11-28 12:24:01'),
(59, 24, 'Retention policies', 1, 0, 0, '2025-12-01 05:24:03', '2025-11-28 12:24:01'),
(60, 22, 'Adaptive alert thresholds', 1, 0, 0, '2025-12-01 05:23:44', '2025-11-28 12:24:44'),
(61, 22, 'Notable events', 1, 0, 0, '2025-12-01 05:23:46', '2025-11-28 12:24:44'),
(62, 22, 'MITRE-based rule development', 1, 0, 0, '2025-12-01 05:23:48', '2025-11-28 12:25:14'),
(63, 22, 'False positive reduction', 1, 0, 0, '2025-12-01 05:23:51', '2025-11-28 12:25:14'),
(64, 21, '﻿`join`', 1, 0, 0, '2025-12-01 05:23:31', '2025-11-28 12:26:52'),
(65, 21, '`lookup`', 1, 0, 0, '2025-12-01 05:23:34', '2025-11-28 12:26:52'),
(66, 21, '`eval case`', 1, 0, 0, '2025-12-01 05:23:36', '2025-11-28 12:26:52'),
(67, 21, '`rex`', 1, 0, 0, '2025-12-01 05:23:39', '2025-11-28 12:26:52'),
(68, 21, 'regex', 1, 0, 0, '2025-12-01 05:23:41', '2025-11-28 12:26:52'),
(69, 20, 'Alert analysis task + report writing practice', 1, 0, 0, '2025-12-01 05:23:29', '2025-11-28 12:27:12'),
(70, 19, 'Writing alerts in JIRA', 1, 0, 0, '2025-12-01 05:23:23', '2025-11-28 12:28:11'),
(71, 19, 'ServiceNow', 1, 0, 0, '2025-12-01 05:23:25', '2025-11-28 12:28:11'),
(72, 19, 'Daily logs', 1, 0, 0, '2025-12-01 05:23:27', '2025-11-28 12:28:11'),
(73, 18, 'Basics', 1, 0, 0, '2025-12-01 05:23:15', '2025-11-28 12:28:40'),
(74, 18, 'Tactics vs Techniques', 1, 0, 0, '2025-12-01 05:23:18', '2025-11-28 12:28:40'),
(75, 18, 'Using Navigator', 1, 0, 0, '2025-12-01 05:23:20', '2025-11-28 12:28:40'),
(76, 17, 'AbuseIPDB', 1, 0, 0, '2025-12-01 05:23:07', '2025-11-28 12:29:17'),
(77, 17, 'OTX', 1, 0, 0, '2025-12-01 05:23:10', '2025-11-28 12:29:17'),
(78, 17, 'Splunk integration', 1, 0, 0, '2025-12-01 05:23:13', '2025-11-28 12:29:17'),
(79, 23, 'Adaptive alert thresholds', 1, 0, 0, '2025-12-01 05:23:54', '2025-11-29 05:18:49'),
(80, 23, 'Notable events', 1, 0, 0, '2025-12-01 05:23:56', '2025-11-29 05:18:49'),
(81, 16, 'Header analysis', 1, 0, 0, '2025-12-01 05:22:59', '2025-11-29 05:23:20'),
(82, 16, 'IOC Check', 1, 1, 1, '2025-11-29 06:20:01', '2025-11-29 05:23:20'),
(83, 16, 'Splunk correlation', 1, 0, 0, '2025-12-01 05:23:05', '2025-11-29 05:23:20'),
(84, 15, 'Real-time alert queue', 1, 0, 0, '2025-12-01 05:22:50', '2025-11-29 05:24:20'),
(85, 15, 'Triage method', 1, 0, 0, '2025-12-01 05:22:53', '2025-11-29 05:24:20'),
(86, 15, 'Priority levels', 1, 0, 0, '2025-12-01 05:22:56', '2025-11-29 05:24:20'),
(106, 31, 'Overview of Python', 1, 1, 1, NULL, '2025-12-03 06:44:25'),
(107, 31, 'Installing Python', 1, 1, 1, NULL, '2025-12-03 06:44:25'),
(108, 31, 'Setting up the development environment.', 1, 1, 1, NULL, '2025-12-03 06:44:25'),
(109, 32, 'Strings', 1, 1, 1, NULL, '2025-12-03 06:45:25'),
(110, 32, 'Integers', 1, 1, 1, NULL, '2025-12-03 06:45:25'),
(111, 32, 'Floats', 1, 1, 1, NULL, '2025-12-03 06:45:25'),
(112, 32, 'Booleans', 1, 1, 1, NULL, '2025-12-03 06:45:25'),
(113, 32, 'Type Conversion', 1, 1, 1, NULL, '2025-12-03 06:45:25'),
(117, 51, 'Networking Fundamentals , CCNA Certification Path & Career', 1, 1, 1, '2025-12-10 12:50:05', '2025-12-10 12:36:19'),
(118, 52, 'Types of Network(LAN, MAN, WAN)', 1, 1, 1, '2025-12-10 12:50:19', '2025-12-10 12:39:43');

-- --------------------------------------------------------

--
-- Table structure for table `trainers`
--

CREATE TABLE `trainers` (
  `id` int(11) NOT NULL,
  `user_id` int(11) DEFAULT NULL,
  `name` varchar(100) NOT NULL,
  `email` varchar(100) DEFAULT NULL,
  `phone` varchar(20) DEFAULT NULL,
  `address` text DEFAULT NULL,
  `qualifications` text DEFAULT NULL,
  `specialization` varchar(100) DEFAULT NULL,
  `joining_date` date DEFAULT NULL,
  `years_of_experience` int(11) DEFAULT 0,
  `bio` text DEFAULT NULL,
  `profile_picture` varchar(255) DEFAULT NULL,
  `is_active` tinyint(1) DEFAULT 1,
  `created_at` timestamp NOT NULL DEFAULT current_timestamp(),
  `updated_at` timestamp NOT NULL DEFAULT current_timestamp() ON UPDATE current_timestamp()
) ENGINE=InnoDB DEFAULT CHARSET=utf8mb4 COLLATE=utf8mb4_general_ci;

--
-- Dumping data for table `trainers`
--

INSERT INTO `trainers` (`id`, `user_id`, `name`, `email`, `phone`, `address`, `qualifications`, `specialization`, `joining_date`, `years_of_experience`, `bio`, `profile_picture`, `is_active`, `created_at`, `updated_at`) VALUES
(1, 14, 'Rakhi Bagh', 'itdepartment1912@gmai.com', NULL, NULL, NULL, 'Networking', NULL, 4, '', '../uploads/trainer_profile_pictures/trainer_1_1756965801.jpg', 1, '2025-09-02 07:39:58', '2025-09-04 06:03:21'),
(2, 16, 'Tapan Sir', 'tapancyberexpert@gmail.com', NULL, NULL, NULL, 'Cyber Security', NULL, 15, '', '../uploads/trainer_profile_pictures/trainer_2_1756902720.jpg', 1, '2025-09-03 12:24:57', '2025-09-04 05:18:06'),
(3, 17, 'Asif Farooq', 'Asiffarooq2@gmail.com', NULL, NULL, NULL, 'Python', NULL, 10, '', '../uploads/profile_pictures/trainer_1756903077.jpg', 1, '2025-09-03 12:37:57', '2025-09-03 12:37:57'),
(4, 18, 'Achanta Manikrishna ', 'achantamanikrishna@gmail.com', NULL, NULL, NULL, 'Windows Server', NULL, 5, '', '../uploads/profile_pictures/trainer_1756903241.jpg', 1, '2025-09-03 12:40:41', '2025-09-03 12:40:41'),
(5, 19, 'Hari Om Giri', 'hariomgiri268@gmail.com', NULL, NULL, NULL, 'CEH', NULL, 1, '', '../uploads/profile_pictures/trainer_1756904373.jpg', 1, '2025-09-03 12:59:33', '2025-09-03 12:59:33'),
(6, 20, 'Dayyan Hassan', 'dayyanhasan57@gmail.com', NULL, NULL, NULL, 'Python', NULL, 3, '', '../uploads/trainer_profile_pictures/trainer_6_1756964296.jpg', 1, '2025-09-04 05:33:49', '2025-09-04 05:41:19'),
(7, 21, 'Mahesh Rai', 'Maheshimp.188@gmail.com', NULL, NULL, NULL, 'SOC', NULL, 5, '', '../uploads/trainer_profile_pictures/trainer_7_1756965171.jpg', 1, '2025-09-04 05:36:01', '2025-09-04 05:52:53'),
(8, 22, 'Riddhi Ma\'am', 'riddhi17soral@gmail.com', NULL, NULL, NULL, 'Source Code Review , Mobile & API Testing', NULL, 10, '', '../uploads/profile_pictures/trainer_1756965763.png', 1, '2025-09-04 06:02:43', '2025-09-04 06:02:43'),
(9, 23, 'Mahendra Burdak', 'mahendraburdak6@gmail.com', NULL, NULL, NULL, 'Cyber Security', NULL, 2, '', '../uploads/profile_pictures/trainer_1756966365.jpg', 1, '2025-09-04 06:12:45', '2025-09-04 06:12:45'),
(10, 24, 'Lukman Nadaf', 'luckynadaf1980@gmail.com', NULL, NULL, NULL, 'Cyber Security', NULL, 2, '', '../uploads/profile_pictures/trainer_1756966556.jpg', 1, '2025-09-04 06:15:56', '2025-09-04 06:15:56'),
(11, 25, 'Abhishek Sethi', 'Abhi2104.sethi@gmail.com', NULL, NULL, NULL, 'Networking', NULL, 7, '', '../uploads/profile_pictures/trainer_1756966699.jpg', 1, '2025-09-04 06:18:19', '2025-09-04 06:18:19'),
(12, 26, 'Rahul Tiwari', 'rahultheromeo246@gmail.com', NULL, NULL, NULL, 'Android App Development', NULL, 4, '', '../uploads/profile_pictures/trainer_1756966824.jpg', 1, '2025-09-04 06:20:24', '2025-09-04 06:20:24'),
(13, 27, 'Kanchan Kamat', 'krani1636@gmail.com', NULL, NULL, NULL, 'Website Development', NULL, 4, '', '../uploads/profile_pictures/trainer_1756966924.jpg', 1, '2025-09-04 06:22:04', '2025-09-04 06:22:04'),
(14, 28, 'Nabeel Ahmed', 'na6316610@gmail.com', NULL, NULL, NULL, 'Windows Server', NULL, 4, '', '../uploads/profile_pictures/trainer_1756967006.jpg', 1, '2025-09-04 06:23:26', '2025-09-04 06:23:26'),
(15, 29, 'Deepak Kumar', 'deepakmishra1234.1@gmail.com', NULL, NULL, NULL, 'Networking', NULL, 3, '', '../uploads/profile_pictures/trainer_1756967093.jpg', 1, '2025-09-04 06:24:53', '2025-09-04 06:24:53'),
(16, 213, 'Nitish', 'nitishage@gmail.com', NULL, NULL, NULL, 'Linux Fundamental', NULL, 4, '', '../uploads/trainer_profile_pictures/trainer_16_1757675092.jpg', 1, '2025-09-09 09:16:14', '2025-09-12 11:04:52'),
(17, 234, 'Laxmikanta Hotta', 'Laxmikantahotta537@gmail.com', NULL, NULL, NULL, 'Windows Server', NULL, 3, '', '../uploads/profile_pictures/trainer_1759219484.jpg', 1, '2025-09-30 08:04:44', '2025-09-30 08:04:44'),
(18, 239, 'Pranav Paranjpe', 'pranavparanjpe@gmail.com', NULL, NULL, NULL, 'SOC', NULL, 5, '', '../uploads/profile_pictures/trainer_1759751447.jpg', 1, '2025-10-06 11:50:47', '2025-10-06 11:50:47'),
(19, 243, 'New Trainer', 'Newtrainer@gmail.com', NULL, NULL, NULL, 'Super 30', NULL, 5, '', NULL, 1, '2025-10-17 07:22:54', '2025-10-17 07:22:54');

-- --------------------------------------------------------

--
-- Table structure for table `trainer_documents`
--

CREATE TABLE `trainer_documents` (
  `document_id` int(11) NOT NULL,
  `trainer_id` int(11) NOT NULL,
  `document_type` enum('resume','certification','degree','id_proof','other') NOT NULL,
  `file_path` varchar(255) NOT NULL,
  `uploaded_at` timestamp NOT NULL DEFAULT current_timestamp()
) ENGINE=InnoDB DEFAULT CHARSET=utf8mb4 COLLATE=utf8mb4_general_ci;

-- --------------------------------------------------------

--
-- Table structure for table `uploads`
--

CREATE TABLE `uploads` (
  `id` int(11) NOT NULL,
  `title` varchar(255) NOT NULL,
  `description` text DEFAULT NULL,
  `file_path` varchar(255) NOT NULL,
  `file_type` enum('Test','Assignment','Notes','Other') NOT NULL,
  `due_date` date DEFAULT NULL,
  `max_marks` decimal(5,2) DEFAULT 100.00,
  `category_id` int(11) DEFAULT NULL,
  `uploaded_by` int(11) NOT NULL,
  `uploaded_at` timestamp NOT NULL DEFAULT current_timestamp()
) ENGINE=InnoDB DEFAULT CHARSET=utf8mb4 COLLATE=utf8mb4_general_ci;

--
-- Dumping data for table `uploads`
--

INSERT INTO `uploads` (`id`, `title`, `description`, `file_path`, `file_type`, `due_date`, `max_marks`, `category_id`, `uploaded_by`, `uploaded_at`) VALUES
(16, 'Networking - Notes ', 'Revise It...', '../uploads/content/693a6d3d3b3bd_68eca0b771369_Windows server book 2025.pdf', 'Notes', NULL, 100.00, NULL, 1, '2025-12-11 07:05:33'),
(17, 'Assignment - 01', 'Do It........', '../uploads/content/693a6d7921789_EXAM_FORMAT_FINAL.docx', 'Assignment', '2025-12-18', 100.00, NULL, 1, '2025-12-11 07:06:33'),
(18, 'Assignment -06 ', 'Do it again...', '../uploads/content/693aa54a59c88_69380c71c63d0_DAA.pdf', 'Assignment', '2025-12-13', 100.00, NULL, 1, '2025-12-11 11:04:42');

-- --------------------------------------------------------

--
-- Table structure for table `users`
--

CREATE TABLE `users` (
  `id` int(11) NOT NULL,
  `name` varchar(100) NOT NULL,
  `email` varchar(100) NOT NULL,
  `password_hash` varchar(255) NOT NULL,
  `role` enum('admin','mentor','student') NOT NULL,
  `created_at` timestamp NOT NULL DEFAULT current_timestamp(),
  `last_login` datetime DEFAULT NULL,
  `status` enum('active','inactive') DEFAULT 'active',
  `failed_login_attempts` int(11) NOT NULL DEFAULT 0,
  `account_locked` tinyint(1) NOT NULL DEFAULT 0,
  `last_failed_login` datetime DEFAULT NULL,
  `login_attempt_limit` int(11) NOT NULL DEFAULT 5
) ENGINE=InnoDB DEFAULT CHARSET=utf8mb4 COLLATE=utf8mb4_general_ci;

--
-- Dumping data for table `users`
--

INSERT INTO `users` (`id`, `name`, `email`, `password_hash`, `role`, `created_at`, `last_login`, `status`, `failed_login_attempts`, `account_locked`, `last_failed_login`, `login_attempt_limit`) VALUES
(1, 'ourstudents098', 'admin@asdacademy.com', '$2y$10$ZigDR..C9STOKyV0e5veKeVN50n1kq0UYZYd2d4PfMVzqXlRM1Z4q', 'admin', '2025-08-19 07:38:18', NULL, 'active', 0, 0, NULL, 1),
(2, '', 'itdepartment1912@gmail.com', '$2y$10$6ni1NlIsPwtUipqu9vqMiud7ozTb7t6XvMMM459QWHZ6/N/BZNvh.', '', '2025-08-26 07:54:24', NULL, 'active', 0, 0, NULL, 5),
(3, 'Harshal  Kamble', 'ptanhi2@gmail.com', '$2y$10$6ni1NlIsPwtUipqu9vqMiud7ozTb7t6XvMMM459QWHZ6/N/BZNvh.', 'student', '2025-08-26 08:49:45', NULL, 'active', 0, 0, NULL, 5),
(6, '', 'triner@gmail.com', '$2y$10$7fM6n7FD9zupqtfgopIuqe7bh95ss7kGCukxMo1yqmpHArdp8XjJO', '', '2025-09-01 14:29:30', NULL, 'active', 0, 0, NULL, 5),
(7, '', 'accounts@asdcybersecurity.in', '$2y$10$xPu3c28//GJLtB6fvyvh8uoOtWZERlKGjiX7tGjrqqb6rc7IFzTRS', '', '2025-09-01 14:38:10', NULL, 'active', 0, 0, NULL, 5),
(8, 'demo test', 'demo@gmail.com', '$2y$10$uG523JO48O5EbnNhwD.v2.8jKMRipevZxWiHQILqv.KrvfmAkkKOW', 'student', '2025-09-02 05:51:39', NULL, 'active', 0, 0, NULL, 5),
(13, 'Topper Singh', 'jsb12011997@gmail.com', '$2y$10$ci4vHh80aSrSgizymQSDbOpQHj.XKaJyBtkwgNRNqB/M//rd0md8i', 'student', '2025-09-02 07:13:21', NULL, 'active', 1, 0, '2025-12-05 11:25:41', 5),
(14, 'Rakhi Bagh', 'itdepartment1912@gmai.com', '$2y$10$TNkUG8HsS9E7T6hsYWgV3.E78mfi1RXMI21.swqD3iHyC8pnih7gy', 'mentor', '2025-09-02 07:39:58', NULL, 'active', 0, 0, NULL, 5),
(15, 'raju kumar', 'sg4471382@gmail.com', '$2y$10$MT3KRnl/clvi5pKYFx2cz.aKXSF3qFG93ylz1XyZi9Y05eB6ZPldu', 'student', '2025-09-02 12:50:32', NULL, 'active', 0, 0, NULL, 5),
(16, 'Tapan Sir', 'tapancyberexpert@gmail.com', '$2y$10$L6NZO85Q4fLQRaRMIkKifuWWM3gnyUdbJCwLqW/MFQlLmC.J2jT5u', 'mentor', '2025-09-03 12:24:57', NULL, 'active', 0, 0, NULL, 5),
(17, 'Asif Farooq', 'Asiffarooq2@gmail.com', '$2y$10$qM5l2bWq9hU75dT2xf3ppu6Oo7j.GJTNgLQHzi.rer5NzQEtEZqY.', 'mentor', '2025-09-03 12:37:57', NULL, 'active', 0, 0, NULL, 5),
(18, 'Achanta Manikrishna ', 'achantamanikrishna@gmail.com', '$2y$10$O7WHiRcd7Kw0LzzOhjAXWeL5T1vhaIikqw3dS.7Vcr.LHD7nuihwa', 'mentor', '2025-09-03 12:40:41', NULL, 'active', 0, 0, NULL, 5),
(19, 'Hari Om Giri', 'hariomgiri268@gmail.com', '$2y$10$Njr64zcnAfEoivNUt4sZz.VhlOHigYftbMOayhq6Op4f8DI8XJ7/G', 'mentor', '2025-09-03 12:59:33', NULL, 'active', 0, 0, NULL, 5),
(20, 'Dayyan Hassan', 'dayyanhasan57@gmail.com', '$2y$10$N7USPkIiZuSBakFZSWXDyeMC9rGK2HeCXJf.m90bMDQXios9ZYy5G', 'mentor', '2025-09-04 05:33:49', NULL, 'active', 0, 0, NULL, 5),
(21, 'Mahesh Rai', 'Maheshimp.188@gmail.com', '$2y$10$8FxRhBn.ZhMWgSVF3udVE.TeVcpSOnJQ2hMUQC5IeWPsNA7R26KZK', 'mentor', '2025-09-04 05:36:01', NULL, 'active', 0, 0, NULL, 5),
(22, 'Riddhi Ma\'am', 'riddhi17soral@gmail.com', '$2y$10$YNb.HepNxNNoffL3sIooHOX2sEYzM1cDtV1XIbaXtSnfdwJIoQ8tC', 'mentor', '2025-09-04 06:02:43', NULL, 'active', 0, 0, NULL, 5),
(23, 'Mahendra Burdak', 'mahendraburdak6@gmail.com', '$2y$10$NDWb3MxDMF/MT3c/NYTg.uWKGOrtA2HgbrXutVnFqSdqe8Dp2W9ye', 'mentor', '2025-09-04 06:12:45', NULL, 'active', 0, 0, NULL, 5),
(24, 'Lukman Nadaf', 'luckynadaf1980@gmail.com', '$2y$10$AB0WYYSXO.EZc9xl6XeKYO83FZtWF7rFAhLqv9wU2E4b9X6fR3jdO', 'mentor', '2025-09-04 06:15:56', NULL, 'active', 0, 0, NULL, 5),
(25, 'Abhishek Sethi', 'Abhi2104.sethi@gmail.com', '$2y$10$fSZr/NSiv3LEBEsPzTdNcuxTylnE1XrSltcifzMgOQRUoX5kRWlH6', 'mentor', '2025-09-04 06:18:19', NULL, 'active', 0, 0, NULL, 5),
(26, 'Rahul Tiwari', 'rahultheromeo246@gmail.com', '$2y$10$U3ptFQh0p.ucoCgx8UEUSOS0I6WwBy5md9N4cLJKgViH1NJ8zUq0a', 'mentor', '2025-09-04 06:20:24', NULL, 'active', 0, 0, NULL, 5),
(27, 'Kanchan Kamat', 'krani1636@gmail.com', '$2y$10$i1m9KiTJQt1rbVXYPaqDdOPEVkPNGrOuNI2y/dqXfsdiUT3Jsb.KC', 'mentor', '2025-09-04 06:22:04', NULL, 'active', 0, 0, NULL, 5),
(28, 'Nabeel Ahmed', 'na6316610@gmail.com', '$2y$10$4P09zBvOKYloUpAfqSDDo.hh13HJe7jhAT9xxuebdQTKgjPrEiPem', 'mentor', '2025-09-04 06:23:26', NULL, 'active', 0, 0, NULL, 5),
(29, 'Deepak Kumar', 'deepakmishra1234.1@gmail.com', '$2y$10$YDlC43tznlbZ5bMNPqznpuMxU/8oedpk3XoxYzaQehSGnds6Td2Sy', 'mentor', '2025-09-04 06:24:53', NULL, 'active', 0, 0, NULL, 5),
(30, 'Bhavishya  Kalal', 'bhavishyaporwal8@gmail.com', '$2y$10$23jOkWQwho/RNrXBcPM8sOit9dw0ZjxVNMpjWd0ar5ZsX2rURFaBe', 'student', '2025-09-04 08:17:30', NULL, 'active', 0, 0, NULL, 5),
(31, 'Mohit Yadav', 'ahirmohit029@gmail.com', '$2y$10$/xCCvt0OqwbZrJJLeWjr4eaX.m5BEPNt.n.rVSUFzTXKutzBhKdwS', 'student', '2025-09-04 08:21:08', NULL, 'active', 0, 0, NULL, 5),
(32, 'Gadde Bhanu Prasad', 'bhanu.g1243@gmail.com', '$2y$10$TrTLGMHYR2zUeDGdjm.ae.2Q6NyqRDDiThS0kJ4B0rji2TFqXgJue', 'student', '2025-09-04 08:50:31', NULL, 'active', 0, 0, NULL, 5),
(33, 'Lokesh Suman', 'lokeshsuman439@gmail.com', '$2y$10$MXu66UubgGEexSDTGBtd8O5zEHc4KtM7MUyD3nXqQrot2iBBVsSy2', 'student', '2025-09-04 08:56:01', NULL, 'active', 0, 0, NULL, 5),
(34, 'Umang  Pandya', 'umngpandya@gmail.com', '$2y$10$6b74BIDjuuT0Gr9yZHVdH.F3F6uUHv7XJNjRfG3gmXKqiBtYeWHii', 'student', '2025-09-04 09:05:28', NULL, 'active', 0, 0, NULL, 5),
(35, 'Tejas Gupta', 'guptatejas651@gmail.com', '$2y$10$H0aRfsWwGyTaAn2JowdCWOOcNJNZEbV71d2SJbYjcaWQcBKV1R0YS', 'student', '2025-09-04 09:10:24', NULL, 'active', 0, 0, NULL, 5),
(36, 'Himanshu Saini', 'hs787710@gmail.com', '$2y$10$.LQ0HK76GdpiVQ4dUFMOeu3xDqisT5yjs6wM38nPU0g9awwm0mDoq', 'student', '2025-09-04 09:13:45', NULL, 'active', 0, 0, NULL, 5),
(37, 'Jitendra  Saini', 'jsaini2479@gmail.com', '$2y$10$4l5Uq8J7o/e/y7w4rzl/9eL1.9zoYIPQ73.3nSohAQgw2/oQQE3LC', 'student', '2025-09-04 09:16:16', NULL, 'active', 0, 0, NULL, 5),
(38, 'Rohit Prajapati', 'rohitprajapati358@gmail.com', '$2y$10$Gnnxhxlxrqpa1ZklmOy/IuUu.hAF.BjyadmINKMQXnpguxP09NWwC', 'student', '2025-09-04 09:19:16', NULL, 'active', 0, 0, NULL, 5),
(39, 'Aaditya  Sharma', 'adityawork081103@gmail.com', '$2y$10$JNhdX8RwheczBCGUqzI.uuna316RzFwdOelUrzIB.DvHnxmlru7HG', 'student', '2025-09-04 09:26:25', NULL, 'active', 0, 0, NULL, 5),
(40, 'Goutam Panwar', 'Goutampanwar62@gmail.com', '$2y$10$3ctA3HPYAB1FrSOGvJb8BeDsNEZEUaao2LPTYhHTfOXt824SdO1le', 'student', '2025-09-04 09:32:53', NULL, 'active', 0, 0, NULL, 5),
(41, 'Somi Raj', 'rsomi930@gmail.com', '$2y$10$7tc3rzHeNxyGRXiewz6Jy.uA4bdD5MqfSvoA4fbE1izDfLV5/encW', 'student', '2025-09-04 09:37:30', NULL, 'active', 0, 0, NULL, 5),
(42, 'Rakesh  Kumar', 'rakesh8003533455@gmail.com', '$2y$10$k6pITKcJPvbYOnmpHnrCcuHZuwPrAGaDjTDkJymhgGbiJ4idxDCqG', 'student', '2025-09-04 09:43:18', NULL, 'active', 0, 0, NULL, 5),
(43, 'Yash  Nishane', 'yashnishane04@gmail.com', '$2y$10$dcKn2BNQ8XpZeA4/hhS6GezHCoS.0hy6l86CL576A4o23UAF63FRi', 'student', '2025-09-04 09:46:01', NULL, 'active', 0, 0, NULL, 5),
(44, 'Virendra Sharma', 'virendrakarate.22@gmail.com', '$2y$10$0tNS1Ia3k8LNd.4CTVw6nu7U/beztW26YholkpF1xo3RefzmoGa8K', 'student', '2025-09-04 09:53:51', NULL, 'active', 0, 0, NULL, 5),
(45, 'Aditya Yadav', 'jiiadityayadav101@gmail.com', '$2y$10$w6nwHQdkS/v33pBEu5Msy.qoqjmjxZcGZ77k5MMUjZYmgwpFJnB4K', 'student', '2025-09-04 09:56:41', NULL, 'active', 0, 0, NULL, 5),
(46, 'Bhavya Wade', 'bhavyawade2@gmail.com', '$2y$10$Ukc1Dc/IgLgD1SIRjtohh.ffPK1rJvcYyfXJlkTBD1yDwnk12VZl.', 'student', '2025-09-08 11:30:09', NULL, 'active', 0, 0, NULL, 5),
(47, 'Kavya Wade', 'kavyawade@gmail.com', '$2y$10$2nBAwVexU0RW0pY2.bgtQecfi.9a7bkCkRJn2kZrNIXi2sJgTYRMK', 'student', '2025-09-08 11:30:09', NULL, 'active', 0, 0, NULL, 5),
(48, 'Amar Singh', 'amarsingh1107940@gmail.com', '$2y$10$petpLjDnlRvQQ9pH19OMauhwq55P1f.bmXvUE9hjYsyKDMhjozDhq', 'student', '2025-09-08 11:30:09', NULL, 'active', 0, 0, NULL, 5),
(49, 'Shardha Jadhav', 'pushpraj1998jadhav@gmail.com', '$2y$10$cYrE8iKxCIUXWsVsxM9sku4j7wy6ARAfyfJppxwAdaEocxDu2yEeS', 'student', '2025-09-08 11:30:09', NULL, 'active', 0, 0, NULL, 5),
(50, 'Ananad Mishra', 'am7107521@gmail.com', '$2y$10$EEzPP2eTYgTjmBV/KjeIqel9Vykoe00dAiAcMYZI47o0YQLOlvNNu', 'student', '2025-09-08 11:30:09', NULL, 'active', 0, 0, NULL, 5),
(51, 'Anshu Kushwaha', 'kushwahaanshu753@gmail.com', '$2y$10$NJxBOgl.mw1umnQJq/UBCeY.cjckEqAVVVE7WGNarXj3k5aWoAqUK', 'student', '2025-09-08 11:30:09', NULL, 'active', 0, 0, NULL, 5),
(52, 'Chandan Kumar', 'ck3355908@gmail.com', '$2y$10$OSGuLRP8U9o3SzoaQaNKNuIDli6sWxn/jZevIhq/NkI.jiM6iPuz.', 'student', '2025-09-08 11:30:09', NULL, 'active', 0, 0, NULL, 5),
(53, 'Melvin Babu', 'melvinbabu0119@gmail.com', '$2y$10$bICSoP8t0j.XQiwiT49zbeqiWfnZsQnsFrj1Im0eyscEUh0P0VQrK', 'student', '2025-09-08 11:30:09', NULL, 'active', 0, 0, NULL, 5),
(54, 'Kanishk Bhardwaj', 'kanishkbharadwaj@gmail.com', '$2y$10$U1tCmcS8SAotlPnWB.ouWe7D1zUp4NppHE598h/mGIuq46vKJwi06', 'student', '2025-09-08 11:30:09', NULL, 'active', 0, 0, NULL, 5),
(55, 'Sidharth Bhanot', 'sidharth3579@gmail.com', '$2y$10$L7vzj1vzuWVsmeetFIyehe9oBnGJIvR6NXyca0iZ39X37B6HFU2MW', 'student', '2025-09-08 11:30:09', NULL, 'active', 0, 0, NULL, 5),
(56, 'Harvinder Singh', 'officialharvindersingh63@gmail.com', '$2y$10$erB1W78pCtYbiQPzhVCWcebfGukvgCoA/afW6h/xMFEnbhmJHXB.a', 'student', '2025-09-08 11:30:09', NULL, 'active', 0, 0, NULL, 5),
(57, 'Abhishek Sah', 'abhisheksah98967@gmail.com', '$2y$10$tvFKy1huqEE5614bJWXlMegL2EZxik4.BGx75SphnHA73wHPeDcQm', 'student', '2025-09-08 11:30:09', NULL, 'active', 0, 0, NULL, 5),
(58, 'Rahul Vinod Devkar', 'rahuldevkar707@gmail.com', '$2y$10$nnb9pnmziODQF8u1dE2bEOqfaaXqThicaJLTi9zs09utpAR1p7/Gy', 'student', '2025-09-08 11:30:10', NULL, 'active', 0, 0, NULL, 5),
(59, 'Vishal Kumar', 'vishalkc2005@gmail.com', '$2y$10$4fQmGD7VAA9ISekeKL0ffeKlViCRMz6QT6D4F47d4MuGE7fYXL/VS', 'student', '2025-09-08 11:30:10', NULL, 'active', 0, 0, NULL, 5),
(60, 'Aman Singh', 'amans97349@gmail.com', '$2y$10$zXk3.4gFIzoIXDpZm6YG1.a4Zdaynzcqx.5XdMoSGXmO4AE7DDwgS', 'student', '2025-09-08 11:30:10', NULL, 'active', 0, 0, NULL, 5),
(61, 'Sangam Kumar Patel', 'Sangampatel7043@gmail.com', '$2y$10$Zn7fNtHQ5kgID2epJlFzT.JP0JZBCd9v6b6YJJv8IkFwlMvbO9/sW', 'student', '2025-09-08 11:30:10', NULL, 'active', 0, 0, NULL, 5),
(62, 'Guru Prasad Yadav', 'guruparsadyadav2325@gmail.com', '$2y$10$ceJJZF39JYQveqESyJppcuM.N.r8FweGfQhRMm8FRQi2tq36eOjra', 'student', '2025-09-08 11:30:10', NULL, 'active', 0, 0, NULL, 5),
(63, 'Sawyam Dhar', 'rumrumdhar80@gmail.com', '$2y$10$bEKAb.T8AEfz0Vs4H4Lnwem9jYOzEonU6UGwC29krll4eGCQWgLPC', 'student', '2025-09-08 11:30:10', NULL, 'active', 0, 0, NULL, 5),
(64, 'Harshul Dev Prajapati', 'harshul.t11@gmail.com', '$2y$10$pSatyPEzlbYnNUfayMLrLOYMWFL/sbjzliWWqZCGer08bVH5e6VxC', 'student', '2025-09-08 11:30:10', NULL, 'active', 0, 0, NULL, 5),
(65, 'Ajay Kumar', 'tridevcyberwarrior@gmail.com', '$2y$10$z8QHEDWFgytngWnN0xmn3.IZTPnFDmI6vLL9ru4Re81mjoOcqTTdO', 'student', '2025-09-08 11:30:10', NULL, 'active', 0, 0, NULL, 5),
(66, 'Parth Miruiya', 'parthmiroliya711@gmail.com', '$2y$10$Yv4JImUfBV3bHBotQ9VcBuBxire65Tx1pwY8VGQpGPadlAHY01UNO', 'student', '2025-09-08 11:30:10', NULL, 'active', 0, 0, NULL, 5),
(67, 'Rahul Lad', 'rahullad2342@gmail.com', '$2y$10$VyOGBhdC8/BifyO/We5wnuUd5Lww8FTKqlp/SKTtwNeQyJ4VLcLGG', 'student', '2025-09-08 11:30:10', NULL, 'active', 0, 0, NULL, 5),
(68, 'Takshil Patel', 'takshilpatel2204@gmail.com', '$2y$10$la8giMR7RPyCckIDC4jOkeqK94ks4XaTyXd1jQpWnZVGVdC0zJ0le', 'student', '2025-09-08 11:30:10', NULL, 'active', 0, 0, NULL, 5),
(69, 'Prem Tejash Patil', 'prempatil2608@gmail.com', '$2y$10$YRR2RWjCnFtvG3rUMB5zTO98hMJh/39Yyv4Abe9xRQZUbl7laPONy', 'student', '2025-09-08 11:30:10', NULL, 'active', 0, 0, NULL, 5),
(70, 'Suraj Kumar', 'abhishekkumar9939335965@gmail.com', '$2y$10$XopL0Cc7mgC.ZlCSISrZVu3n9SkkLjuVCKk83ulHskd7qrUJfDJIC', 'student', '2025-09-08 11:30:10', NULL, 'active', 0, 0, NULL, 5),
(71, 'Aditya Pratap Singh', 'aditya983887@gmail.com', '$2y$10$YM0ztadgvvcc7Z7xnL1TDuYVFdRlV5A2zRW.5q3tumDa8D3a8SVgm', 'student', '2025-09-08 11:30:11', NULL, 'active', 0, 0, NULL, 5),
(72, 'Surajit Ghosh', 'surajitghoshhh@gmail.com', '$2y$10$BKjjkIYXosZZr3JIPdU3U.BYRnpRHR20HrhoGnXtKfx3uhO/MbIqS', 'student', '2025-09-08 11:30:11', NULL, 'active', 0, 0, NULL, 5),
(73, 'Anurag Shrivastav', 'kumaranurag110@gmail.com', '$2y$10$i5pM8zdFnhYWkg7f9PbbS.Kv34P6xiC0G3vbYFv8PXyOr9FmWeIza', 'student', '2025-09-08 11:30:11', NULL, 'active', 0, 0, NULL, 5),
(74, 'Ramandeep Singh', 'ramandeepchopra6@gmail.com', '$2y$10$ibUqP9F1dsGjXs2l5xqI7OMrTgWdTW..YimsShQ3d3.QDP68Hxccu', 'student', '2025-09-08 11:30:11', NULL, 'active', 0, 0, NULL, 5),
(75, 'Yash Kolhe', 'yashkolhe331@gmail.com', '$2y$10$5CAr9PaOV0xbhMGJvjObIuOYUjYlJKNzkeDg8vGkbPlTsy8uNq6X6', 'student', '2025-09-08 11:30:11', NULL, 'active', 0, 0, NULL, 5),
(76, 'Amit Kumar', 'akphysicshub123@gmail.com', '$2y$10$OixQA7/YbbdN0vpXD.lXTeEqHG1ndSXEUff7sQXIR/.qBB8BF4q0S', 'student', '2025-09-08 11:30:11', NULL, 'active', 0, 0, NULL, 5),
(77, 'Adil Khan', 'mdadilkhan540@gmail.com', '$2y$10$bnJAaQZZp59.kOvykzZ4Y.sl0j.k5/Bd3YmrX8HEWCOTIYj92OWyK', 'student', '2025-09-08 11:30:11', NULL, 'active', 0, 0, NULL, 5),
(78, 'Gunjan Tak', 'gunutak14@gmail.com', '$2y$10$Hk2kWStyDrOzoRFJ1b30KemmsXr2pNmCHMjoGL6ouOkiwjXWqK5qW', 'student', '2025-09-08 11:30:11', NULL, 'active', 0, 0, NULL, 5),
(79, 'Kunal Jat', 'khat16397@gmail.com', '$2y$10$m.XLhCO4s1OSxGmijey3NOUo3qhqlKhi8uD41UbXRoKA1W/NI94P6', 'student', '2025-09-08 11:30:11', NULL, 'active', 0, 0, NULL, 5),
(80, 'Chetan Das', 'chetandas919@gmail.com', '$2y$10$RWph0OLZKQg4aGamLttbWusCCfrZRI2EFwoY1ya.6xJOwrPOWVm3y', 'student', '2025-09-08 11:30:11', NULL, 'active', 0, 0, NULL, 5),
(81, 'Kalpit -', 'Kalpitchouhan18@gmail.com', '$2y$10$t3dRTNVCMr7/qCzN0KGaBe9WlmwqfWAXUQTVq.bd45ldhbas22s16', 'student', '2025-09-08 11:30:11', NULL, 'active', 0, 0, NULL, 5),
(82, 'Shaik abubakrsiddiq', 'shaikabu58@gmail.com', '$2y$10$VcAsr7Na0qtLiD8QbxvuReEqa1YXcqqnZyESc7HbGlkkR7qk.KJaq', 'student', '2025-09-08 11:30:11', NULL, 'active', 0, 0, NULL, 5),
(83, 'Lalit Dagur', 'lalit321@gmail.com', '$2y$10$vAK476Oc1LlbsaBSk7p8dejcmONUDiDTnGH7WwLhpRovTfV25Iznm', 'student', '2025-09-08 11:30:11', NULL, 'active', 0, 0, NULL, 5),
(84, 'Arambakam Nanda Kishore', 'nkvk1432@gmail.com', '$2y$10$wOk0LQbkoNK5.NdPdQGI0.78BojH4gFLiwcp4T7iD650PWWLytexe', 'student', '2025-09-08 11:30:12', NULL, 'active', 0, 0, NULL, 5),
(85, 'Sharon Joshi', 'sharonjoshi0802@gmail.com', '$2y$10$fuBxsN274Yl5P2LdgbiNpu9vjRLCnazOS50EGhV/C2JdfCd6qIaxq', 'student', '2025-09-08 11:30:12', NULL, 'active', 0, 0, NULL, 5),
(86, 'Gitanshu -', 'gitanshu971@gmail.com', '$2y$10$kRMN.d.duq2St1.buuO81e9zVhuO83GTZtajeFYjoloDcLMgie8a.', 'student', '2025-09-08 11:30:12', NULL, 'active', 0, 0, NULL, 5),
(87, 'Atharv Bhandari', 'atharv.bhandari.asd@gmail.com', '$2y$10$7Xr0w6y8.pP/2vrGxGT8GuBvfI2PoEwG29fzn.39cxAZoWR6cfS9K', 'student', '2025-09-08 11:30:12', NULL, 'active', 0, 0, NULL, 5),
(88, 'Vishal Ashokan', 'Vishal.a1990@gmail.com', '$2y$10$/sMJs4XDEb7iSMvPlGCQp.2H7XOgbQ1bmthrQMbY/j/XZTT5nM7Xa', 'student', '2025-09-08 11:30:12', NULL, 'active', 0, 0, NULL, 5),
(89, 'Deepak Jindal', 'deepakjindal265@gmail.com', '$2y$10$q6AfsqfsKDztnjImaynYtO6w23RRLbU1lH1PBpNL6iY4eaBGoL.8.', 'student', '2025-09-08 11:30:12', NULL, 'active', 0, 0, NULL, 5),
(90, 'Swaraj Patil', 'patilswaraj60@gmail.com', '$2y$10$iUtT/3A.zE7VQyW2yewIFOpcCKtiW3cTWiOXpfhMPOswdnwzjpJ7e', 'student', '2025-09-08 11:30:12', NULL, 'active', 0, 0, NULL, 5),
(91, 'Arjun Panchal', 'panchalg530@gmail.com', '$2y$10$/N1qommhgUfDvVTzXvEUTeIgIdpEuqYyLptubHGlZOQUaNNnupr62', 'student', '2025-09-08 11:30:12', NULL, 'active', 0, 0, NULL, 5),
(92, 'Jatin Yadav', 'mrblade660@gmail.com', '$2y$10$IGQ04NZvJYdAodqRKt1pcut5xDjudqm7/lVtcgh53gv..dS0gbxhy', 'student', '2025-09-08 11:30:12', NULL, 'active', 0, 0, NULL, 5),
(93, 'Jijith kakkarakkal', 'jijith_k@hotmail.com', '$2y$10$NVsoYPC2Cape1e5WC5K.FO6ne0qvUXIQdBnwW8sGkNJRckmuhQkmq', 'student', '2025-09-08 11:30:12', NULL, 'active', 0, 0, NULL, 5),
(94, 'Mohammed Raza Bhojani', 'bhojanimohammedraza@gmail.com', '$2y$10$lUrz2BSz/iiRqAoQYHUxBeGETuR13MCLiB2.7Ygklt96LY6e7cLLi', 'student', '2025-09-08 11:30:12', NULL, 'active', 0, 0, NULL, 5),
(95, 'Umashankar Gurjar', 'udaygujjar566@gmail.com', '$2y$10$1QfBRfFoJe4FqNn5fHfA4.OaZ0kKGx8bYhLfTQHhkscMG3HT1C8AK', 'student', '2025-09-08 11:30:12', NULL, 'active', 0, 0, NULL, 5),
(96, 'Abhishek kumar', 'abhishekaryan7372@gmail.com', '$2y$10$MkALZAfWd8OA8npJdNhqL.3JOvKGaopZMkLGOZpIjmZbX1uucTse.', 'student', '2025-09-08 11:30:12', NULL, 'active', 0, 0, NULL, 5),
(97, 'Shrikant uikey', 'su311984@gmail.com', '$2y$10$QHtMfLD14h7ndtRpZktrdO1ua6eK6Pwt3eClPxxB0kKNL6NFIdV1e', 'student', '2025-09-08 11:30:13', NULL, 'active', 0, 0, NULL, 5),
(98, 'Dayawanti Saini', 'sainidaya2005@gmail.com', '$2y$10$EkavtRBB6BBl/4d6X6ZIF.eoPxHVNEarWZ6mdwThe2C5FNYUiyyZi', 'student', '2025-09-08 11:30:13', NULL, 'active', 0, 0, NULL, 5),
(99, 'Bhagwan mahale', 'mahalebhagavn744@gmail.com', '$2y$10$57cbGtWD1VfUJq27pmfQ3uVS0e9IWGTtI8xppYDpfkaG/fIjdkI66', 'student', '2025-09-08 11:30:13', NULL, 'active', 0, 0, NULL, 5),
(100, 'Rithik Amarnani', 'rithikamarnani@gmail.com', '$2y$10$UhP2Kz8zyA50iSLXp1X50OmX1KrOl0fgNtjUQaMa3BSuHrosp5vnq', 'student', '2025-09-08 11:30:13', NULL, 'active', 0, 0, NULL, 5),
(101, 'Divyansh Singh', 'divyansh8124@gmail.com', '$2y$10$t.AHSO90XGyHv0H5aaMZOuEsrFR8/wt1LzVv6z2pu6RS46Zf2jKtC', 'student', '2025-09-08 11:30:13', NULL, 'active', 0, 0, NULL, 5),
(102, 'Taufiuq Shaikh', 'taufique995@gmail.com', '$2y$10$qnAi0v5hd0BDlUkP255nQ.3VVs3HvJkIFWwPCk5O94lNztDuNmiui', 'student', '2025-09-08 11:30:13', NULL, 'active', 0, 0, NULL, 5),
(103, 'Vaibhav -', 'vaibhavbhirud21@gmail.com', '$2y$10$1cWbmCF8gnRwiBCjd/5Q5.ot6OTUFjKo5xltKNkw.BKSws3zgZSVu', 'student', '2025-09-08 11:30:13', NULL, 'active', 0, 0, NULL, 5),
(104, 'Galu -', 'ajarg7878@gmail.com', '$2y$10$LjevI0063qArU.AGOHx2Q.6g.tvnJlR1SLbXZYfyW3WFS7Oyf4f1q', 'student', '2025-09-08 11:30:13', NULL, 'active', 0, 0, NULL, 5),
(105, 'Chahatdeep Singh', 'chahatarora067@gmail.com', '$2y$10$k2Jtpr05VDzeGkdT/udYBO/dxiRX2XKH0cnx4h3M0AYWEvBM3EYvm', 'student', '2025-09-08 11:30:13', NULL, 'active', 0, 0, NULL, 5),
(106, 'Govind Singh', 'gsolanky574@gmail.com', '$2y$10$QDFKtYwxbDdXl3JmsVS8uu1eVlUF9SSeWOc61q9mH0NUlOXA/QVXa', 'student', '2025-09-08 11:30:13', NULL, 'active', 0, 0, NULL, 5),
(107, 'Harsh Dua', 'duaharsh66@gmail.com', '$2y$10$cNh0bFLIc/suma88/zOhL.cWGXh1q.C40VbtYRjKzUJI1zmK28HZm', 'student', '2025-09-08 11:30:13', NULL, 'active', 0, 0, NULL, 5),
(108, 'Arun Gupta', 'arungupta7073@gmail.com', '$2y$10$zfR7vCnb2s/5VVWJxnLtNOCa9NUsGhTu2Wp6snVLuqpEds96ApAr.', 'student', '2025-09-08 11:30:13', NULL, 'active', 0, 0, NULL, 5),
(109, 'Sohan Prasad Yadav', 'sohan9318yadav@gmail.com', '$2y$10$DKqYvdNa2C6VAAfGLAu7ke0AdmsN3lk6pb1lu.74j5sdzlIUkVIUe', 'student', '2025-09-08 11:30:14', NULL, 'active', 0, 0, NULL, 5),
(110, 'Kushal Saha', 'kushalsaha5863@gmail.com', '$2y$10$IL8CCG.8SJISzgKtCIdWJObl0XaIxhggqvjSYpBnxwnzogQOxSmt6', 'student', '2025-09-08 11:30:14', NULL, 'active', 0, 0, NULL, 5),
(111, 'Biswa Ranjan Jit', 'biswaranjan.jit@gmail.com', '$2y$10$0alIlVqqq31V4du0TuwYK.E6ZXgC9b2aG4Xmig48zTvPeAsXWdfqa', 'student', '2025-09-08 11:30:14', NULL, 'active', 0, 0, NULL, 5),
(112, 'Mominul Hoque', 'mh2637710@gmail.com', '$2y$10$OVdsChFvTaB38D9PRs2qseccsLzBY/3qxTD60VzxVLqeNztXTVBle', 'student', '2025-09-08 11:30:14', NULL, 'active', 0, 0, NULL, 5),
(113, 'Nishant Sharma', 'nishantk09914@gmail.com', '$2y$10$1oZZJF4Fjjbe1.yU3RBCdeQzP0AXuJEDxHlontILn2KMRRGDa4mJC', 'student', '2025-09-08 11:30:14', NULL, 'active', 0, 0, NULL, 5),
(114, 'Sanika More', 'Sanikamore463@gmail.com', '$2y$10$qBaGas2uS1oCu9FFE.5A4./Qgveo0Lyd.rYsOQvAagn1SxwsJS8g6', 'student', '2025-09-08 11:30:14', NULL, 'active', 0, 0, NULL, 5),
(115, 'Prince Kalal', 'prince145812@gmail.com', '$2y$10$Ai4LRK.sSsKJEYOTucnROOp0aXiofvtgvp.ziD3NzmZNkBgzlFXxS', 'student', '2025-09-08 11:30:14', NULL, 'active', 0, 0, NULL, 5),
(116, 'Venkanta Srilakshmi', 'Venkatasrilakshmi.pvsl@gmail.com', '$2y$10$tZjYHbXIKnMX7wq7s0ePf.4O1qDwoJXPa/d0Ic.RT86ltQmp668yW', 'student', '2025-09-08 11:30:14', NULL, 'active', 0, 0, NULL, 5),
(117, 'Harshal Kamble', 'harshalkamblep816@gmail.com', '$2y$10$l4tfUNb.tKwrSzSZ3uuOQeUSveu65EA1kObfxAkZgfvO3Pln3Nwxa', 'student', '2025-09-08 11:30:14', NULL, 'active', 0, 0, NULL, 5),
(118, 'Sahil Kumar', 'sahilkumar17466@gmail.com', '$2y$10$6AA2O3tfegJ4vs7VUxv4CeO28mvgO5SLJ9xcWp1x07KuVgrNryKEe', 'student', '2025-09-08 11:30:14', NULL, 'active', 0, 0, NULL, 5),
(119, 'Vasu Vekariya', 'vasuvekariya04@gmail.com', '$2y$10$adV4YFjmEbaib3LypO5SFeZ65Bd4f15cfGGU0NPw2H8MloG2m29uC', 'student', '2025-09-08 11:30:14', NULL, 'active', 0, 0, NULL, 5),
(120, 'Bhavesh Kumar', 'bhr07387@gmail.com', '$2y$10$UfqwsAS.27d/dHdcWDz7e.7xYJ/paI4CVjUFGpYLxImTaUXVEnIzO', 'student', '2025-09-08 11:30:14', NULL, 'active', 0, 0, NULL, 5),
(121, 'MD Raj -', 'rajmd1800@gmail.com', '$2y$10$elRGQGmmXIHcOQfr/leovOoqi0DujBfi.S93zxtFv6J6dSubLLSla', 'student', '2025-09-08 11:30:14', NULL, 'active', 0, 0, NULL, 5),
(122, 'Prince Negi', 'princenegi8366@gmail.com', '$2y$10$NkUA0O91oTHMKkF7FjMQ0.7Y28n85v9USSA4OXkL7N3I5pxNlu0Y.', 'student', '2025-09-08 11:30:15', NULL, 'active', 0, 0, NULL, 5),
(123, 'Shruti Jethlia', 'shrutijethlia254@gmail.com', '$2y$10$.GSIshNInFGm/V7DtBetSOMnCAXMd8FdkZ4BUttPIDHZK26WOh7He', 'student', '2025-09-08 11:30:15', NULL, 'active', 0, 0, NULL, 5),
(124, 'Abdur Rahman', 'abdurrahmanbinshaik@gmail.com', '$2y$10$D10gnevOEcPsKuK14q4Z5.IAeFKesMmAT5VUDllRMnwke5V9KZWbe', 'student', '2025-09-08 11:30:15', NULL, 'active', 0, 0, NULL, 5),
(125, 'Minakshi Sirsath', 'minaksheeshirasth@gmail.com', '$2y$10$7O1ncRU8tMi5q.fAvhGpy.ijOGHlDDCOBk3UpV0O4MqixMGBgRqQO', 'student', '2025-09-08 11:30:15', NULL, 'active', 0, 0, NULL, 5),
(126, 'Jaydeep Chavan', 'chavanjaydeep1994@gmail.com', '$2y$10$1XdSKB43wYRZIJwo1v9f6u41p9e/GF7QEXfKR/sxubCAm4f5W7VIm', 'student', '2025-09-08 11:30:15', NULL, 'active', 0, 0, NULL, 5),
(127, 'Dhruv Agarwal', 'agrawalarpit898@gmail.com', '$2y$10$OcZmrPvNawzVT1F9F7HwgOfSI12jvMwyJoRj5ZY8SDzeP/0dLG47S', 'student', '2025-09-08 11:30:15', NULL, 'active', 0, 0, NULL, 5),
(128, 'Abhay Pratap', 'thepratapofficial@gmail.com', '$2y$10$bRGH7GepQ7puwnbM2f0F.uJyaPfmcccd.20aRY.mN79YRTfSfip0K', 'student', '2025-09-08 11:30:15', NULL, 'active', 0, 0, NULL, 5),
(129, 'Rahul Sahu', 'dhruvsahu308@gmail.com', '$2y$10$OnETQKIbOK1yiUOge.UUguE0wJWyKM/nOjspn9rl8gbFOcwIH9CYq', 'student', '2025-09-08 11:30:15', NULL, 'active', 0, 0, NULL, 5),
(130, 'Siddharth Choudhari', 'siddharthchaudhari258@gmail.com', '$2y$10$/EiKqegzHI9sLaC9cJIFMexOBbDBdaCFaz0IvztCtnrVCLVaC80oG', 'student', '2025-09-08 11:30:15', NULL, 'active', 0, 0, NULL, 5),
(131, 'Farzad Jakir Shaikh', 'farzaadf9@gmail.com', '$2y$10$cX6dHO/oKMONRn44OP3rt.tpI361bHcXe29h1okDwlfjKwyVbuW0S', 'student', '2025-09-08 11:30:15', NULL, 'active', 0, 0, NULL, 5),
(132, 'Palak Panwar', 'panwarriya8745@gmail.com', '$2y$10$FvHhX4vm7NMcrKcQSQLIjujl88KJdk4Qk21HMK8rfjn6crVFkUI2S', 'student', '2025-09-08 11:30:15', NULL, 'active', 0, 0, NULL, 5),
(133, 'Ashish Chaudhary', 'ashishchaudhary3639@gmail.com', '$2y$10$1K8nrDWDKW.fwjDytH8wQ.cnUnGb4UdjhQxWl4Zxvw/Q5bwkDozsq', 'student', '2025-09-08 11:30:15', NULL, 'active', 0, 0, NULL, 5),
(134, 'Drishti Pandey', 'drishtypandey273@gmail.com', '$2y$10$96S5V//t.NHTfOcJ3uaOXOo9FkStgl9qcvGbvRDe8kIuT0.OTPvhi', 'student', '2025-09-08 11:30:15', NULL, 'active', 0, 0, NULL, 5),
(135, 'Piyush Kumar Sain', 'kumarpiyushsain@gmail.com', '$2y$10$NY662JR1hsA5lcCDNXxoJeAew8HCy2TzilUmmOzWjpGitwvkExbXu', 'student', '2025-09-08 11:30:16', NULL, 'active', 0, 0, NULL, 5),
(136, 'Sahil Dilip Patrekar', 'patrekarsahil@gmail.com', '$2y$10$8B/o0937tmswFbnAyOqLOeAG/AcXMFbR4oyB7SKlMC9GDpg1tlFoi', 'student', '2025-09-08 11:30:16', NULL, 'active', 0, 0, NULL, 5),
(137, 'Deepak Kumar', 'deepaksrivastava07653@gmail.com', '$2y$10$ZNcyWM.8FQmr/YV2DhE1dedFHd3x/LxM1nc3zvQvfG/RoIDs72fHO', 'student', '2025-09-08 11:30:16', NULL, 'active', 0, 0, NULL, 5),
(138, 'Jayesh Wasnik', 'jayeshwasnik1998@gmail.com', '$2y$10$YNgsgpHu/bwQdUv4L6P4Pu25f4e3QMD6HWexfggxoUMPwbydFoFXC', 'student', '2025-09-08 11:30:16', NULL, 'active', 0, 0, NULL, 5),
(139, 'Chandu -', 'chandhunaik655@gmail.com', '$2y$10$CJfNmP7s7eYgVXCi3JNb6OcvDhbjHkL.Euvnnz332KdXDFo69/0Ua', 'student', '2025-09-08 11:30:16', NULL, 'active', 0, 0, NULL, 5),
(140, 'Vikas Yadav', 'vkcyberclub@gmail.com', '$2y$10$XoU.dAnaGzY5EsZ6p5yu8.tSMWxQBXkTFR2uJ08GHaI8Zhp1mXQt.', 'student', '2025-09-08 11:30:16', NULL, 'active', 0, 0, NULL, 5),
(141, 'Anajali Saini', 'anjalisaini4492@gmail.com', '$2y$10$pro7KZ0VL5pcsm5KX8/H6.9w8GHo4zNuvXyv04CDkmILLMShjwU7a', 'student', '2025-09-08 11:30:16', NULL, 'active', 0, 0, NULL, 5),
(142, 'Mohd junaid -', 'mohdjunaid6972@gmail.com', '$2y$10$370MI/fJJC9U3Rj06VdZVuUgYCeNiO.7JaNQSDhsw6ReVHxnL2lb6', 'student', '2025-09-08 11:30:16', NULL, 'active', 0, 0, NULL, 5),
(143, 'Bhagyesh -', 'bhagyeshgudali7249@gmail.com', '$2y$10$LLNO3si8cnALqgPv4wA1uurra865HX4r6qNoFAjliMzH1nrqrkN4C', 'student', '2025-09-08 11:30:16', NULL, 'active', 0, 0, NULL, 5),
(144, 'Pavan Patel', 'pavanjpatel1313@gmail.com', '$2y$10$BLLyBBxhWM2U2TX8XFFFZ.WK2d75dHSn7DGAcrgQOcfSi4Vzs77jW', 'student', '2025-09-08 11:30:16', NULL, 'active', 0, 0, NULL, 5),
(145, 'Gopal Singh', 'jatgopal730@gmail.com', '$2y$10$c6zMxd4/bRg0FtyIDvDlBuPgzeYiOaaXKpNhiJhHbj7RZzMUWautu', 'student', '2025-09-08 11:30:16', NULL, 'active', 0, 0, NULL, 5),
(146, 'Sunny Kumar', 'sunnyproficient@gmail.com', '$2y$10$p.Z9bwBW/AG/SAt7CVKjWO.DNMLJCAsDR.F82oLps3paYamnVq2wK', 'student', '2025-09-08 11:30:16', NULL, 'active', 0, 0, NULL, 5),
(147, 'Satendra Kumar', 'satendraraj637@gmail.com', '$2y$10$cAPqfgVylnfHU5nfvYx3kOeYkGJIrUgiiEeqJZt780bg8dNltVsru', 'student', '2025-09-08 11:30:16', NULL, 'active', 0, 0, NULL, 5),
(148, 'Vansh Kalal', 'vanshasd321@gmail.com', '$2y$10$U5tSiU0iGLpCtoZ3ox4ncuvVnuxphTHWsO9KMZp/SH1N3yp3i7SiC', 'student', '2025-09-08 11:30:17', NULL, 'active', 0, 0, NULL, 5),
(149, 'Shubham Kumar', 'shubhamssc08@gmail.com', '$2y$10$2oOlP5OBfmGjFkxT44T4teufK8dqX5OkT.v4pAktT27fw.104Zu2q', 'student', '2025-09-08 11:30:17', NULL, 'active', 0, 0, NULL, 5),
(150, 'Aditya Sharma', 'mrsharma.adi@gmail.com', '$2y$10$..dBi5uzByLEyT74pxyXhuQBU/dodeqliH2/Wl0v78Rzheb9O3era', 'student', '2025-09-08 11:30:17', NULL, 'active', 0, 0, '2025-10-11 06:59:53', 5),
(151, 'Sharad Jadhav', 'learnai3187@gmail.com', '$2y$10$0LByHo79BoXLNhLbhqw79uw0CZ9IWYsQBSH7ZhAqne5rvh3hCoIj6', 'student', '2025-09-09 06:36:17', NULL, 'active', 0, 0, NULL, 5),
(152, 'Vishal Kumar', 'vishaljangra845@gmail.com', '$2y$10$l2Vp5nTwNvx4RvDDrgHHjurTvalS7Bu9q.9Z10ESUWlKSVN5YVOTq', 'student', '2025-09-09 06:36:17', NULL, 'active', 0, 0, NULL, 5),
(153, 'Ayub -', 'ayubmr179@gmail.com', '$2y$10$obn4wYZhy5g7QdzdzIZcUejJXcotEtI3KrRx8HobvpM6Fovd1ZXE6', 'student', '2025-09-09 06:36:18', NULL, 'active', 0, 0, NULL, 5),
(154, 'Shantu Kharadi', 'shantukharadi18@gmail.com', '$2y$10$Rc3mnGj9hAJRm/92Q8ix8epvyZNlzhVi1IV6Qy/jE6NluIONMGDPq', 'student', '2025-09-09 06:36:18', NULL, 'active', 0, 0, NULL, 5),
(155, 'Krishna Sahu', 'sahukrishna34387@gmail.com', '$2y$10$ErO5yaeRFJHIjHENvNFXn.Kw1tGMKR5meG87q1yB0GRsGvNNUD7Dq', 'student', '2025-09-09 06:36:18', NULL, 'active', 0, 0, NULL, 5),
(156, 'Shivraj Patil', 'shivarajpatil2408@gmail.com', '$2y$10$MHeQ6WZ7MiHL1tv/UJQPqeEWqhV3lei3E01UarNTqUw1i6T3.xeNu', 'student', '2025-09-09 06:36:18', NULL, 'active', 0, 0, NULL, 5),
(157, 'Prabhat Priyadarshi', 'prabhatpriyadarshi009@gmail.com', '$2y$10$rE9Ly8CdZ9LxM5/SlXVfuu7ppc5zH8bzek9PoMKxBZohRzdc36Why', 'student', '2025-09-09 06:36:18', NULL, 'active', 0, 0, NULL, 5),
(158, 'Shubham Kumar', 'shubham924109@gmail.com', '$2y$10$t9Yj1F7BFe0LxVM9my51T.AkVbwpZ3njg9UGefwlfpSYbkibk21xO', 'student', '2025-09-09 06:36:18', NULL, 'active', 0, 0, NULL, 5),
(159, 'Pawan Tanwar', 'alexcyberx42@gmail.com', '$2y$10$QCSYMOc5Ax4Cos.mdcx3R.bD2JQvujV3Z2B5o12X4guEdif4MPoHW', 'student', '2025-09-09 06:36:18', NULL, 'active', 0, 0, NULL, 5),
(160, 'Sanjeev Kumar Yadav', 'Sanjeevyadav15003@gmail.com', '$2y$10$r9tLeI1R/IMUCHl1N/yzSOVxF.WfP/Z3evMdo26Kx0o8slb/L/NKC', 'student', '2025-09-09 06:36:18', NULL, 'active', 0, 0, NULL, 5),
(161, 'Ritika Bisht', 'ritikabisht561@gmail.com', '$2y$10$xawRkcTjFKH2W6KdropBtuM56XqXPid26E09sm6qx7C1NbPo9S3Ry', 'student', '2025-09-09 06:36:18', NULL, 'active', 0, 0, NULL, 5),
(162, 'Shiva Tiwari', 'h.mansu2005@gmail.com', '$2y$10$gjhE8nnIkLY9EpvlpDaNKunjzGhdEe.htZQhDhk/C5CON6OVW85ES', 'student', '2025-09-09 06:36:18', NULL, 'active', 0, 0, NULL, 5),
(163, 'Rahul Bisoyi', 'shivatiwari3960@gmail.com', '$2y$10$.7qBLTLear8LkpAhnsz6MuO66v6t5AyaiOqVip4ZGQQYI.mn3UjDq', 'student', '2025-09-09 06:36:18', NULL, 'active', 0, 0, NULL, 5),
(164, 'Ruchika -', 'ruchibhaskar2000@gmail.com', '$2y$10$q6btm41elJ7f9dLA13rmrOJe3Pgxvsu8VagFuXNtCANuyuWXkMmam', 'student', '2025-09-09 06:55:41', NULL, 'active', 0, 0, NULL, 5),
(165, 'Mahesh Kumar Dayal', 'choudharysikar010@gmail.com', '$2y$10$0bsd5YlGlrtRnguNtT/TB.JXvgpZ13WV0KTvcnjwwO54znWViWPpC', 'student', '2025-09-09 06:55:41', NULL, 'active', 0, 0, NULL, 5),
(166, 'Tapas Ranjan Patel', 'tapaspatel007@gmail.com', '$2y$10$Rp.5q8YIwogRbeMaH5bQDOR1w30RmGmFh5FXbpo4RIdKQcJFnBMgW', 'student', '2025-09-09 06:55:41', NULL, 'active', 0, 0, NULL, 5),
(167, 'Harushikesh Nehete', 'hrushikeshnehete1@gmail.com', '$2y$10$1/VCQJcAXbzKluXbDVOHhOOT/WmqgfKFPrGupQEN5LSdSKBzF3v/6', 'student', '2025-09-09 06:55:41', NULL, 'active', 0, 0, NULL, 5),
(168, 'Praveen Kumar Kashyap', 'kpraveen01071@gmail.com', '$2y$10$k9iyIXPTi8j7HIE59aRAfOuV9g6bcJpSv8CVAx6HUa8vxL.1fkgie', 'student', '2025-09-09 06:55:42', NULL, 'active', 0, 0, NULL, 5),
(169, 'Sandeep Kumar', 'Sandeepkumarmaitry@gmail.com', '$2y$10$6ivo.js/scoZ2snzKc06oOmVz9tCcEG9LAhA4wCxwK8oysDK.Y6lK', 'student', '2025-09-09 06:55:42', NULL, 'active', 0, 0, NULL, 5),
(170, 'Abhishek Mahato', 'mahatoabhishek550@gmail.com', '$2y$10$be.BDHpW9V1PdLeSo0c7cur53RgNFpyV4Fjho6zBpp7jBxMaKRt7u', 'student', '2025-09-09 06:55:42', NULL, 'active', 0, 0, NULL, 5),
(171, 'Uttam Nishad', 'nishaduttam77365@gmail.com', '$2y$10$3T7SHb17pu2vAt6CQBF0tOugbMyyS4xhQPqqMYgxZChxghxBn3xyC', 'student', '2025-09-09 06:55:42', NULL, 'active', 0, 0, NULL, 5),
(172, 'Mohsin Akhter', 'mohsinakhtar861@gmail.com', '$2y$10$/MMK/fYezUzMqy2/aT3ajeFc4rwhvJfpdpDu/RdrjVo8URbq25SBy', 'student', '2025-09-09 06:55:42', NULL, 'active', 0, 0, NULL, 5),
(173, 'Mithun Rathod', 'rmithun578@gmail.com', '$2y$10$bvOqLNITWPusBZwfUVL0l.q/sZep/K6mLAbEvaT0wRk5zvOLXaMQG', 'student', '2025-09-09 06:55:42', NULL, 'active', 0, 0, NULL, 5),
(174, 'Pankaj Kewat', 'pankajkewat137@gmail.com', '$2y$10$QPx1QnfQmo1CtissLTf9a.BiJ3uz.5RDxMVZE2KSMjrhMFRG3E2sC', 'student', '2025-09-09 06:55:42', NULL, 'active', 0, 0, NULL, 5),
(175, 'Ayush Sahu', 'sahuayush939@gmail.com', '$2y$10$14O.s6ULv4y4Tc.GfWXoU.WRYDx8.JeW5.2MAhympzB1gZo8auvV.', 'student', '2025-09-09 06:55:42', NULL, 'active', 0, 0, NULL, 5),
(176, 'Ashish Kumar', 'indiaashish41@gmail.com', '$2y$10$AT0dZR/XCy5Ufq588kRcA.8JrLvuctjx6dO3vxQhAyZDXhk4K2voy', 'student', '2025-09-09 06:55:42', NULL, 'active', 0, 0, NULL, 5),
(177, 'Lakshay Parashar', 'parasharlakshya87@gmail.com', '$2y$10$ijKNdsMu0mQXLJvKxMEFk.joTaY3XQ0g0nHw5tpDY5MVKrewZpza6', 'student', '2025-09-09 06:55:42', NULL, 'active', 0, 0, NULL, 5),
(178, 'Ronit Hazra', 'Ronithazra000@gmail.com', '$2y$10$I3TDqkc5Y0ogEeM1xaFkJuQsaJA6XVAr9fal.RW/WFDo8uVu49BoO', 'student', '2025-09-09 06:55:42', NULL, 'active', 0, 0, NULL, 5),
(179, 'Prachi Dahiya', 'prachidahiya0002@gmail.com', '$2y$10$h9qEAzlGwIbvLGljOvYP5eTCw//vqRkDHBaJH5ruCtOr8Ohboh3n2', 'student', '2025-09-09 06:55:42', NULL, 'active', 0, 0, NULL, 5),
(180, 'Harshit Rathore', 'harshit.r1994@gmail.com', '$2y$10$97U1P1SLDBDVT6ZHecHA8emd651WWV5ahSXc41hxxYchrPLYE7Fmm', 'student', '2025-09-09 06:55:43', NULL, 'active', 0, 0, NULL, 5),
(181, 'Mohit Khundia', 'Mohit32156@gmail.com', '$2y$10$8yxGmaBj39ghsZqU4Eb.nueSKsUPirY3O3/xfLi0ALTe6cR/obTvS', 'student', '2025-09-09 06:55:43', NULL, 'active', 0, 0, NULL, 5),
(182, 'Vinit Kumar', 'vini239090@gmail.com', '$2y$10$1NziYvafj2Pv3B1yRM0rNer2xc1xxcM.6DxML5U8SjybsRVtrNvAy', 'student', '2025-09-09 06:55:43', NULL, 'active', 0, 0, NULL, 5),
(183, 'Saibaj Pathan', 'pathansaibaj97@gmail.com', '$2y$10$ayhBDwRaievduyEVgC.reuoao.eZRCiSCNOhzZsfLhxFmC9TPzU0C', 'student', '2025-09-09 06:55:43', NULL, 'active', 1, 0, '2025-10-29 20:01:59', 5),
(185, 'Kuldeep Pal', 'kuldeepsmarttech@gmail.com', '$2y$10$hxDVDXNfeVNACN9Xb6r/4uG.aqkQ7uac6KI4IGkzCq9rjvWqYqmvC', 'student', '2025-09-09 07:54:20', NULL, 'active', 0, 0, NULL, 5),
(186, 'Naman Verma', 'vnaman363@gmail.com', '$2y$10$bX2LCxSJdeYZkR8OESiF5ORpAmylVexh1IbyvChfnrHRfVZ9BJe.W', 'student', '2025-09-09 07:54:20', NULL, 'active', 0, 0, NULL, 5),
(187, 'Riya Mathur', 'riya2004mathur@gmail.com', '$2y$10$ATiwBs8INfG81HzNDgtaZescX.wOqUVgofuof4OuVqfmA9qUQKzt6', 'student', '2025-09-09 07:54:20', NULL, 'active', 0, 0, NULL, 5),
(188, 'Bhawani Puri', 'Bhawanipuri12@gmail.com', '$2y$10$A.TeBxIQb3joxBt0XRb1i.z1Gi7CJZo.l4bD1SaEGjo4MvkHYO7iS', 'student', '2025-09-09 07:54:20', NULL, 'active', 0, 0, NULL, 5),
(189, 'Aditya Rawat', 'pahadigamer117@GMAIL.COM', '$2y$10$zyLV4kDi.3NVdSHPezq0LOdgsk9rPi1sMdx2FLFo96bXQ0rMh9oeG', 'student', '2025-09-09 07:54:20', NULL, 'active', 0, 0, NULL, 5),
(190, 'Suraj Pohanker', 'surajpohankar8@gmail.com', '$2y$10$iwBgSa/TMktQKbhmrMN95OICCx5jOBNaCWYiw12rTm65I8VTKcB4O', 'student', '2025-09-09 07:54:20', NULL, 'active', 0, 0, NULL, 5),
(191, 'Ayur Hasnda', 'ayur.hansda@gmail.com', '$2y$10$nL9F7wDkqW1U.bB/xKjsVO24k91vgW2C6PhJ5kFjc/9yzKXLVh5qy', 'student', '2025-09-09 07:54:20', NULL, 'active', 0, 0, NULL, 5),
(192, 'Abhishek Gupta', 'Guptaabhi1750@gmail.com', '$2y$10$Q2F0yxyDkzv10MzMOt6TVejfb.RBRuVo5Hog937A6lO8sE7SqZKvm', 'student', '2025-09-09 07:54:20', NULL, 'active', 0, 0, NULL, 5),
(193, 'Sabir Shaikh', 'sabirshaikh112200@gmail.com', '$2y$10$uK.aKDHQnBuNnN.yCXKVnOd3sQENbM5/CEsH5NNhgOlX2/ivouCPy', 'student', '2025-09-09 07:54:20', NULL, 'active', 0, 0, NULL, 5),
(194, 'Rudraksh Kedar', 'rudrakshdkedar@gmail.com', '$2y$10$Q9GN4i/bY78v3yJGTkYSVucwgyZjKW73zstJhKLF9skHLA9ezKKCe', 'student', '2025-09-09 07:54:20', NULL, 'active', 0, 0, NULL, 5),
(195, 'Sudarshan Devidas Patole', 'dpatole51@gmail.com', '$2y$10$mfvs0TQnLPVorGrTbHokBex1BvvKhCyD7r8vi001hdGy5F44JkKlm', 'student', '2025-09-09 07:54:20', NULL, 'active', 0, 0, NULL, 5),
(196, 'Avinash Kumar Ojha', 'avinash_aries13@gmail.com', '$2y$10$zmYGSJdsJ3eRhDClmaQhd.1b3QtyA1WfQWyd1iickEtaK/sprZ/oW', 'student', '2025-09-09 07:54:20', NULL, 'active', 0, 0, NULL, 5),
(197, 'Ajay Thakur', 'ajay.thakur244@gmail.com', '$2y$10$2ZWzxF/0rB4OvZk3cg/5POBMhTIiY/.SbgB7t8j7M2zr/P0bPI/iW', 'student', '2025-09-09 07:54:20', NULL, 'active', 0, 0, NULL, 5),
(198, 'Aditya Ghughe', 'aadighuge2005@gmail.com', '$2y$10$PXf.eHfHuhQ3toN6xV.GH.3HeyzviRzx6Z/Bu28PnbjktJvjb9EdC', 'student', '2025-09-09 07:54:21', NULL, 'active', 0, 0, NULL, 5),
(199, 'Saiyed Mohammed Sahil', 'sahilsaiyedsahilsaiyed853@gmail.com', '$2y$10$ON6VmpNO5kZXsMP8iAjl6.U9jGz7Nyu2GL6uOxKvwO900xMJRg5yK', 'student', '2025-09-09 07:54:21', NULL, 'active', 0, 0, NULL, 5),
(200, 'Gulshan Kumar', 'gk8220622@gmail.com', '$2y$10$BOWah5FJRIASUsdSSByWKeSBFSStbn8cSK8pnuEzaWeObLFYKBaU.', 'student', '2025-09-09 07:54:21', NULL, 'active', 1, 0, '2025-12-01 15:51:43', 5),
(201, 'Rajat -', 'rajatdhatterwal686@gmail.com', '$2y$10$REla59ZkYe82.NlkGbb7dumN6fnwblbfPeRop7L7rflHfbU.s6AES', 'student', '2025-09-09 07:54:21', NULL, 'active', 0, 0, NULL, 5),
(202, 'Chandan Raj', 'tanmaypahi07@gmail.com', '$2y$10$vewSpiLHathTzVIqwlSieOgnacCZPlIOFwWegyjbRHICUpR1yhm7W', 'student', '2025-09-09 07:54:21', NULL, 'active', 0, 0, NULL, 5),
(203, 'Yogesh Yogi', 'hackertheyogi@gmail.com', '$2y$10$ONHeqSZI85KaaBNec0BuoOWTJ0aChbi.VYVP.uWEkEkSvAWQcNJNi', 'student', '2025-09-09 07:54:21', NULL, 'active', 0, 0, NULL, 5),
(204, 'Mo. Shoaib', 'Mohdshoaib86078@gmail.com', '$2y$10$U5APgEt1PU0375LXsLr.xuJ3HfDA3EZwx1h4S2NdXH9v4ddbX0eWa', 'student', '2025-09-09 07:54:21', NULL, 'active', 0, 0, NULL, 5),
(205, 'Manvir -', 'manvirbaroot@gmail.com', '$2y$10$aT7AY1SJ9BYlHNLmoal61.Nt2oFGY5JO1NzY8kKs8RmDv0iguSlIa', 'student', '2025-09-09 07:54:21', NULL, 'active', 0, 0, NULL, 5),
(206, 'Raghav Mishra', 'raghav.118993@stu.upes.ac.in', '$2y$10$dAjAjbifZl7C/DhMxAE15.5AzJWPyvWhk4HlOkIxHu.5IMlc8.9k.', 'student', '2025-09-09 07:54:21', NULL, 'active', 0, 0, NULL, 5),
(207, 'Abhinav Mohan Navale', 'abhisheknavale52@gmail.com', '$2y$10$3Xq3MJ4dCVs5zP1sU5DrTOpE3Hyf.hZJPoaRXYzv9M6OKfKyL9aFK', 'student', '2025-09-09 07:54:21', NULL, 'active', 0, 0, NULL, 5),
(208, 'Mohit Nakade', 'Mohitnakade777@gmail.com', '$2y$10$4u4fGjCLplW6vP99hTt.Z.1YfyyvHQAxiyTBLmldeTs7YGKCmDirS', 'student', '2025-09-09 07:54:21', NULL, 'active', 0, 0, NULL, 5),
(209, 'Nilesh Jain', 'nileshjain212@gmail.com', '$2y$10$srleF1DJl2IlwZ2eyWBWROygZLuvbloP7//vVmdcPgoJm3cC86lG6', 'student', '2025-09-09 07:54:21', NULL, 'active', 0, 0, NULL, 5),
(210, 'Munesh Chahar', 'mchahar114@gmail.com', '$2y$10$3AAVoi6dm21trw9DgpcU8.2Zl7GoimoYGJ3iHiAkBsGHVsA9dsami', 'student', '2025-09-09 07:54:21', NULL, 'active', 0, 0, NULL, 5),
(211, 'Vaibhav Khare', 'vaibhavkhare345@gmail.com', '$2y$10$Uox08V.1lXKSYKxVzZhGMOS6i//TrEinqQr3Tt2Y8w8uh4uarqUpG', 'student', '2025-09-09 07:54:22', NULL, 'active', 0, 0, NULL, 5),
(212, 'Deepu Meena', 'meenadeepu9095@gmail.com', '$2y$10$A3i2Gpdf2Lt2pcIu00H6z.e71CjSuXlMScsBy3s9EH.I4O5jpYbmy', 'student', '2025-09-09 07:54:22', NULL, 'active', 0, 0, NULL, 5),
(213, 'Nitish', 'nitishage@gmail.com', '$2y$10$76/H0IwkXcM/VTGuDFVx8.mO4F9eyShS9WhXzk7fhSiTgbn6PLJeW', 'mentor', '2025-09-09 09:16:14', NULL, 'active', 0, 0, NULL, 5),
(217, 'Sahil -', 'SameSahilasd@gmail.com', '$2y$10$KK5SkWMKWDMm3WLpR8rjc.mqrOgvzY5e17nA5kzBFY1LQl11N/we.', 'student', '2025-09-26 06:59:01', NULL, 'active', 0, 0, NULL, 5),
(218, 'Ubaid Ur Rehman', 'Ubaidasd@gmail.com', '$2y$10$X9atOdo1MJQ2bypN7Us/oOKz7QvrWlG9QaQUJueyUmzt7vU7dbSYe', 'student', '2025-09-26 07:14:43', NULL, 'active', 0, 0, NULL, 5),
(219, 'Piyush Kumar', 'Piyushasd@gmail.com', '$2y$10$rfGoVCdh5Xs9hViZHCzSYuXAme1wCIF.1FF61/9n4ekgezacTttZ2', 'student', '2025-09-26 07:17:18', NULL, 'active', 0, 0, NULL, 5),
(220, 'Yash Raj Kumar', 'richakumari70619@gmail.com', '$2y$10$YEdVbIhBxjvOIejduZGWCOC1P1KDxqgaEQyoa/Q/FVcXPdSEcVERm', 'student', '2025-09-26 09:19:31', NULL, 'active', 0, 0, NULL, 5),
(221, 'Shubham -', 'guptashubham59876@gmail.com', '$2y$10$HBuuuSKXbsZFgxJFCwi25OrQd3bi3rE/ekeeomdpfJ/7yuF.2doD2', 'student', '2025-09-26 09:32:46', NULL, 'active', 0, 0, NULL, 5),
(222, 'Muhammed Feroz', 'bilalferoz1712@gmail.com', '$2y$10$O3xOB00vxLWvEihVIbLOCecScMYw.cTOC7JhTZEevkht/KLh6imFm', 'student', '2025-09-26 09:36:24', NULL, 'active', 0, 0, NULL, 5),
(223, 'Jasmail  Online', 'JSBOnasd@gmal.com', '$2y$10$FVTs2Q4JVrlB11fqtMLroujeA1Zta3M0sio/MUjzMvECFwI1zqVB2', 'student', '2025-09-26 09:45:17', NULL, 'active', 0, 0, NULL, 5),
(224, 'Pradeep Sharma', 'pardeep905041@gmail.com', '$2y$10$K4uj6Z8DX5ZkvPwmUiGxDOqPw4/j3gxi.I8OLtdFGrqb/r7.FmwIm', 'student', '2025-09-27 07:06:01', NULL, 'active', 0, 0, NULL, 5),
(225, 'Shyam Sunder Jangid', 'Shyamsudermohacha@gmail.com', '$2y$10$nb0mnBuDcvwDMYkgeTikOuUMmOfiIYBKzBf4Ayofh1ptNVSLmWHhW', 'student', '2025-09-27 07:11:47', NULL, 'active', 0, 0, NULL, 5),
(226, 'Harsh  Raj', 'hraj63017@gmail.com', '$2y$10$pftqcJ2wxXPtH8TVdbHC9ulk.AQYt0yo6OTJtnFaOoiWu2VwTSUoy', 'student', '2025-09-29 06:16:23', NULL, 'active', 0, 0, NULL, 5),
(227, 'Om Shukla', 'omshukla9797@gmail.com', '$2y$10$VH9FvrRD6ShSOtlRxX07wO3iIz2T4tbfApGsle6NCV663AC3obVri', 'student', '2025-09-29 06:17:52', NULL, 'active', 0, 0, NULL, 5),
(228, 'Nitin Bhabhor', 'nitinbhabhor123@gmail.com', '$2y$10$cUD20p14JzXoJPPu2XrvG.ORAuqredbiLd.XjmFajZLQIasFeHWfS', 'student', '2025-09-29 06:19:28', NULL, 'active', 0, 0, NULL, 5),
(229, 'Ayush Jha', 'jhaayush776@gmail.com', '$2y$10$LAZ0TUBVMAXns2KSPH8oNOLXo1VGwB/kpmTteKUC7nNtQ7GWl6AS2', 'student', '2025-09-29 06:20:18', NULL, 'active', 0, 0, NULL, 5),
(230, 'Sudip Mundal', 'mandalsudip0526@gmail.com', '$2y$10$zTYGqUwL3tcj.MAY.Pcpi.cvBzato4w9SPkRRHkXeSony8brbaK4u', 'student', '2025-09-29 06:21:07', NULL, 'active', 0, 0, NULL, 5),
(231, 'Mohd  AijazuddinObaid', 'RIYAZ_AIJAZ@YAHOO.COM', '$2y$10$EvgtwK/fmgl1H/.qfzhdUu0i0rGGLhd3pk/hnJpZ.uf9/rFONCas2', 'student', '2025-09-29 06:22:08', NULL, 'active', 0, 0, NULL, 5),
(232, 'Rakesh  Mewada', 'rajputrakeshraj1@gmail.com', '$2y$10$rhRd/bWcpMgYMqDDi4gNQOMpPash34z83SQoeNQvZqwFKY8Sc5F6q', 'student', '2025-09-29 06:23:07', NULL, 'active', 0, 0, NULL, 5),
(233, 'Mubin Mujwar', 'mubinmujawar835@gmail.com', '$2y$10$oNStKdMqeYFQctkYrCdNaOGJkmKYUjnw8LvNOk.lyEvfw4b4MlmSu', 'student', '2025-09-29 09:18:38', NULL, 'active', 0, 0, NULL, 5),
(234, 'Laxmikanta Hotta', 'Laxmikantahotta537@gmail.com', '$2y$10$jh5ZCzoFRpOi8csnxxh5u.XZRuxMOzN5EsPcjFMz5upB2wGYmNw7C', 'mentor', '2025-09-30 08:04:44', NULL, 'active', 0, 0, NULL, 5),
(235, 'Priyanshu Sharma', 'priyanshusharma97999@gmail.com', '$2y$10$vaLa/uT5eXe4ogKw8dI6/eAvdsz1KR8a8sJpi1r3LE5sFL97pWGde', 'student', '2025-10-03 06:01:53', NULL, 'active', 0, 0, NULL, 5),
(236, 'ABU TALAH M BAGWAN', 'digiilancers2024@gmail.com', '$2y$10$zHEiuDTbGUIr4YJI3futGO6oeHmbXYw3f92tbJanPW6xl9sGmqzHa', 'student', '2025-10-03 06:03:28', NULL, 'active', 0, 0, NULL, 5),
(237, 'Aarti Patil', 'Aartippatil25502@gmail.com', '$2y$10$JeiAwerAM.ejmVKKOFlPdeOtFhz3BJH0biNdNx6JM1d3PB6Ae9rQ.', 'student', '2025-10-03 09:29:34', NULL, 'active', 0, 0, NULL, 5),
(238, 'Shriram Harishchandra Darunte', 'shriramdarunte@hotmail.com', '$2y$10$kryzu1.N5K.isfkGCRFhTua3qtiTB9VFm9/8VTgYRhTBRhl/lyZcy', 'student', '2025-10-06 07:36:58', NULL, 'active', 0, 0, NULL, 5),
(239, 'Pranav Paranjpe', 'pranavparanjpe@gmail.com', '$2y$10$gz2DyCYsSVMWI3l7mPYAoOcTMHsP7mOgtptELFX33D1VgCeV2XZ/6', 'mentor', '2025-10-06 11:50:47', NULL, 'active', 0, 0, NULL, 5),
(240, 'Vivek Pal', 'vp760480@gamil.com', '$2y$10$ebJKDW3pIpLToZ1vPDs0ou6HBhpFQ2ZdgLIw7hhY6qLRW8biWRofC', 'student', '2025-10-07 11:55:17', NULL, 'active', 0, 0, NULL, 5),
(241, 'Yash Patel', 'Patel257yash@gmail.com', '$2y$10$FPvasdRaiIwIrmimzbaIi.XU10jHvZwSULbrtET0YGrmtRKZ28otm', 'student', '2025-10-08 09:41:27', NULL, 'active', 0, 0, NULL, 5),
(242, 'Ravi -', 'Rey143123@gmail.com', '$2y$10$q/Lbo8cJdfMk5kDKLWPN6un9q.LeI0/ybnTCE6xiAUquA/MiI2ZVq', 'student', '2025-10-10 09:41:38', NULL, 'active', 0, 0, NULL, 5),
(243, 'New Trainer', 'Newtrainer@gmail.com', '$2y$10$X2X0JMpoWmBVz1cAKmTnPuzi5jQEVBINV9tQ3mxUXKgISUUaKYtLS', 'mentor', '2025-10-17 07:22:54', NULL, 'active', 0, 0, NULL, 5),
(244, 'Bal Kishan  Vyas', 'vyasbalkishan@gmail.com', '$2y$10$8V605hjqXE198YTmyMMnb.YuCPWF4iA9wFUzmjkJfDxo3devoWX6y', 'student', '2025-10-23 11:45:48', NULL, 'active', 0, 0, NULL, 5),
(245, 'Sudarshan    Patole', 'dpatole51@gmail.com', '$2y$10$4iHvRntrv5yuxOChNi9hReI8LHAQwnea8KXVP/EAh4ZubO3GqJwyK', 'student', '2025-11-17 07:50:31', NULL, 'active', 0, 0, NULL, 5),
(248, 'Navneet  Singh', 'navyofficial2312@gmail.com', '$2y$10$5j7384uAzD6aUOEGhRAScejmD4iIhbATfSU0dep0j7lgog4LFU.ou', 'student', '2025-11-27 10:06:33', NULL, 'active', 0, 0, NULL, 5),
(249, 'Rameshwar  Patil', 'patilrameshwar67539@gmail.com', '$2y$10$Y0bCw5a2.gF/rXyJF25gt.PLx81dNLdfKUbqbi9WRq4ba5kRbYxDq', 'student', '2025-11-27 10:07:44', NULL, 'active', 0, 0, NULL, 5),
(250, 'Aditya  Kumar', 'adityasharma37744@gmail.com', '$2y$10$Ia3p9PBkmbRUOvanmAV7fOk/v9myGyqpJtTCwJLzsbEqVb5QxvSjS', 'student', '2025-11-27 10:08:38', NULL, 'active', 0, 0, NULL, 5),
(251, 'Garvit  Mathur', 'mathurgaming656@gmail.com', '$2y$10$qll6eWPKODcIU0g8MT02e.fKcqFe3Ybixx75PhKOCtv3vVYy2nWLu', 'student', '2025-11-27 10:09:31', NULL, 'active', 0, 0, NULL, 5),
(252, 'Sandeep  Kumar', 'ourstudents098@gmail.com', '$2y$10$mjs3eDu7nLOPEnjxUQASbezsGLninM3aP3U8I8PFgkUE8CqoiXfh6', 'student', '2025-11-28 07:05:10', NULL, 'active', 0, 0, NULL, 5),
(253, 'Pryank  kashyap', 'ourstudents0@gmail.com', '$2y$10$.fU4suZg4tq5JgG8bNiLy.3GpDQ5xZYW5pV30mVC8OpJXkOsnPV7.', 'student', '2025-11-28 12:23:03', NULL, 'active', 0, 0, NULL, 5),
(254, 'Subrat  Sahoo', 'subratsahoo02191@gmail.com', '$2y$10$MMYAduCH0lrnuoKICBT2LuVCF8.ulxYzGPmreAwr4rhYrF0fKkv7S', 'student', '2025-12-03 08:00:54', NULL, 'active', 0, 0, NULL, 5),
(255, 'Subrat  Sahoo', 'subratsahoo02191@gmail.com', '$2y$10$1.S8hSuVOuIVWt8ud6SW1uC0eTz.pIjb5VCawPj2isr1P62jQ49BO', 'student', '2025-12-03 08:00:57', NULL, 'active', 0, 0, NULL, 5),
(256, 'Ankit  Mogha ', 'Aniketrajput747@gmail.com', '$2y$10$OxsZlzpVjZGhcF/IVWGFOewvJTS852SzxF3NsQN3vNRURpnDHiUx.', 'student', '2025-12-03 08:05:03', NULL, 'active', 0, 0, NULL, 5),
(257, 'Lakshay  Singh Shekawat', 'lshekhawat410@gmail.com', '$2y$10$FNGOSIRt3lQAieC/rkaI2eOMe0xc1tPBuVPvzkwHN.LKjV8dGs.gC', 'student', '2025-12-03 08:07:35', NULL, 'active', 0, 0, NULL, 5),
(258, 'Sunil Choudhary', 'sthory353@gmail.com', '$2y$10$JVH8SQGOio4jpur72HysyeqrXHcIWsFAXUhfhVabSFmDqu5WAE4Iu', 'student', '2025-12-05 09:18:32', NULL, 'active', 0, 0, NULL, 5),
(259, 'Rakesh Kumar', 'rakesh8003533455@gmail.com', '$2y$10$o8vGk8O7mfyOhWEw1Rg/1.rhN7UVdXUL9qRVUXsxc76Ht7c1RdXp6', 'student', '2025-12-05 09:31:19', NULL, 'active', 0, 0, NULL, 5),
(260, 'Darshan Shidenur', 'shidenurd@gmail.com', '$2y$10$dyCPXSz/T47crVYDKsKQB.p5L6ywrBGM6THA6/R1imuqa7mkXNO.K', 'student', '2025-12-05 09:42:06', NULL, 'active', 0, 0, NULL, 5),
(261, 'Vinit Kumar', 'vinitkumargaya.vk@gmail.com', '$2y$10$J3/N/CJ2SbK5UovEmP1sRuZMTwXFfmwVYEJP.mbUEFcZ2/5/wOvYm', 'student', '2025-12-05 09:44:19', NULL, 'active', 0, 0, NULL, 5),
(262, 'Mohit Kumawat', 'mohit369663@gmail.com', '$2y$10$ZnkFgq.qS/iGCvQIEN7qfefqkxr0n6pvF9whYPw8In50MjiZNUZ.S', 'student', '2025-12-05 09:48:08', NULL, 'active', 0, 0, NULL, 5),
(263, 'Mahesh Kumawat', 'mkmaheshkumar669@gmail.com', '$2y$10$X9MemOn43sUxt3qySwE88ei.T.Z4Kt7E8xCr6tRP72bjrS49eTfs2', 'student', '2025-12-05 09:50:32', NULL, 'active', 0, 0, NULL, 5),
(264, 'Keval Fatkure', 'kevalfatkure21@gmail.com', '$2y$10$.k0jnW/oXAI2JiY/zHQ1tOsd8PYW8w/gcDtlq6nZFyM83GMf17tXi', 'student', '2025-12-05 09:53:17', NULL, 'active', 0, 0, NULL, 5),
(265, 'Krishankant Suman', 'krishankantsuman45@gmail.com', '$2y$10$D8sy5ZdO.EjmgqPb1M3wCe2YOPLd5bDHs9cDtVDaOXQKKa2hIAFki', 'student', '2025-12-05 09:58:32', NULL, 'active', 0, 0, NULL, 5),
(266, 'Sudesh  Devadhe', 'devadhesudesh4214@gmail.com', '$2y$10$OG91IoXpOa6g2on6RWJbgeYKJPa1pBadfclM53m5Z9vmLZV9WY1rq', 'student', '2025-12-05 11:49:25', NULL, 'active', 0, 0, NULL, 5),
(267, 'Ritesh  Kumar', 'ritesh18pradhan@gmail.com', '$2y$10$K3thjEXKCMuV0op6Mtoah.Vy/YpZYwexrlSHSr2nmuHbTSl0IfYg.', 'student', '2025-12-05 11:50:31', NULL, 'active', 0, 0, NULL, 5),
(268, 'Shivaraj   samgonda Patil ', 'shivarajpatil2408@gmail.com', '$2y$10$0qhyqm8MmCy2drUi8VByD./5XTjxK.FpePpYBs6xNPXddPA5dpMo.', 'student', '2025-12-05 11:51:53', NULL, 'active', 0, 0, NULL, 5),
(269, 'Sai Kalyan  Mundlur', 'mundlurkalyan@gmail.com', '$2y$10$7WY3h8aZ8q5OcC7vo6a7be2IEzgVm7xkbn4P8SRljqRFPTU7Uzs0y', 'student', '2025-12-05 12:02:21', NULL, 'active', 0, 0, NULL, 5),
(270, 'Jitendra  Singh Pal', 'jitendrajeetuspt@gmail.com', '$2y$10$0n/xXdxBd2eq0U1LLTWSfeGHLhHEnhxnDvx7FAeJqtmEASqOTuqXS', 'student', '2025-12-10 08:56:37', NULL, 'active', 0, 0, NULL, 5),
(273, 'Saumya Bari', 'saumyabari123@gmail.com', '$2y$10$a07pFPwFdN2Fy.uaih0esOTFvAPCYtMyAQTE0lTOpy1O7peF9NOVm', 'student', '2025-12-12 10:40:23', NULL, 'active', 0, 0, NULL, 5);

-- --------------------------------------------------------

--
-- Table structure for table `workshops`
--

CREATE TABLE `workshops` (
  `workshop_id` varchar(10) NOT NULL,
  `title` varchar(100) NOT NULL,
  `description` text DEFAULT NULL,
  `start_datetime` datetime NOT NULL,
  `end_datetime` datetime NOT NULL,
  `location` varchar(100) DEFAULT NULL,
  `max_participants` int(11) DEFAULT NULL,
  `current_registrations` int(11) DEFAULT 0,
  `trainer_id` int(11) DEFAULT NULL,
  `fee` decimal(10,2) DEFAULT 0.00,
  `status` enum('upcoming','ongoing','completed','cancelled') DEFAULT 'upcoming',
  `created_at` timestamp NOT NULL DEFAULT current_timestamp(),
  `created_by` int(11) DEFAULT NULL,
  `cover_image` varchar(255) DEFAULT NULL,
  `requirements` text DEFAULT NULL,
  `certificate_available` tinyint(1) DEFAULT 0,
  `difficulty_level` enum('beginner','intermediate','advanced') NOT NULL
) ENGINE=InnoDB DEFAULT CHARSET=utf8mb4 COLLATE=utf8mb4_general_ci;

--
-- Dumping data for table `workshops`
--

INSERT INTO `workshops` (`workshop_id`, `title`, `description`, `start_datetime`, `end_datetime`, `location`, `max_participants`, `current_registrations`, `trainer_id`, `fee`, `status`, `created_at`, `created_by`, `cover_image`, `requirements`, `certificate_available`, `difficulty_level`) VALUES
('WS001', 'Demo Workshop', 'Java, Networking', '2025-02-09 16:00:00', '2025-06-09 12:30:00', 'Google Meet', 6, 5, 1, 100.46, 'completed', '2025-09-02 11:53:56', 1, '../uploads/workshops/workshop_WS001_1756814036.jpg', 'Nothing', 0, 'beginner');

-- --------------------------------------------------------

--
-- Table structure for table `workshop_attendance`
--

CREATE TABLE `workshop_attendance` (
  `id` int(11) NOT NULL,
  `workshop_id` varchar(10) NOT NULL,
  `student_id` varchar(50) NOT NULL,
  `session_id` int(11) DEFAULT NULL,
  `attendance_status` enum('present','absent','late') NOT NULL DEFAULT 'absent',
  `attended_at` datetime DEFAULT current_timestamp(),
  `notes` text DEFAULT NULL
) ENGINE=InnoDB DEFAULT CHARSET=utf8mb4 COLLATE=utf8mb4_general_ci;

-- --------------------------------------------------------

--
-- Table structure for table `workshop_feedback`
--

CREATE TABLE `workshop_feedback` (
  `id` int(11) NOT NULL,
  `workshop_id` varchar(10) NOT NULL,
  `student_id` varchar(50) NOT NULL,
  `rating` tinyint(1) NOT NULL CHECK (`rating` between 1 and 5),
  `feedback_text` text DEFAULT NULL,
  `submitted_at` datetime NOT NULL DEFAULT current_timestamp(),
  `trainer_rating` tinyint(1) DEFAULT NULL CHECK (`trainer_rating` between 1 and 5),
  `content_rating` tinyint(1) DEFAULT NULL CHECK (`content_rating` between 1 and 5),
  `organization_rating` tinyint(1) DEFAULT NULL CHECK (`organization_rating` between 1 and 5)
) ENGINE=InnoDB DEFAULT CHARSET=utf8mb4 COLLATE=utf8mb4_general_ci;

-- --------------------------------------------------------

--
-- Table structure for table `workshop_materials`
--

CREATE TABLE `workshop_materials` (
  `id` int(11) NOT NULL,
  `workshop_id` varchar(10) NOT NULL,
  `title` varchar(100) NOT NULL,
  `description` text DEFAULT NULL,
  `file_path` varchar(255) NOT NULL,
  `file_type` enum('slides','handout','exercise','recording','other') NOT NULL,
  `uploaded_by` int(11) NOT NULL,
  `uploaded_at` timestamp NOT NULL DEFAULT current_timestamp(),
  `is_public` tinyint(1) DEFAULT 0
) ENGINE=InnoDB DEFAULT CHARSET=utf8mb4 COLLATE=utf8mb4_general_ci;

-- --------------------------------------------------------

--
-- Table structure for table `workshop_registrations`
--

CREATE TABLE `workshop_registrations` (
  `id` int(11) NOT NULL,
  `workshop_id` varchar(10) NOT NULL,
  `student_id` varchar(50) NOT NULL,
  `registration_date` datetime NOT NULL DEFAULT current_timestamp(),
  `payment_status` enum('pending','paid','failed','refunded') DEFAULT 'pending',
  `payment_amount` decimal(10,2) DEFAULT NULL,
  `payment_date` datetime DEFAULT NULL,
  `attendance_status` enum('registered','attended','absent','cancelled') DEFAULT 'registered',
  `certificate_issued` tinyint(1) DEFAULT 0,
  `certificate_issued_date` datetime DEFAULT NULL,
  `certificate_path` varchar(255) DEFAULT NULL,
  `feedback_submitted` tinyint(1) DEFAULT 0
) ENGINE=InnoDB DEFAULT CHARSET=utf8mb4 COLLATE=utf8mb4_general_ci;

-- --------------------------------------------------------

--
-- Table structure for table `workshop_schedule`
--

CREATE TABLE `workshop_schedule` (
  `id` int(11) NOT NULL,
  `workshop_id` varchar(10) NOT NULL,
  `session_title` varchar(100) NOT NULL,
  `session_description` text DEFAULT NULL,
  `start_time` datetime NOT NULL,
  `end_time` datetime NOT NULL,
  `trainer_id` int(11) DEFAULT NULL,
  `location` varchar(100) DEFAULT NULL,
  `is_break` tinyint(1) DEFAULT 0
) ENGINE=InnoDB DEFAULT CHARSET=utf8mb4 COLLATE=utf8mb4_general_ci;

--
-- Indexes for dumped tables
--

--
-- Indexes for table `attendance`
--
ALTER TABLE `attendance`
  ADD PRIMARY KEY (`id`);

--
-- Indexes for table `batch_uploads`
--
ALTER TABLE `batch_uploads`
  ADD PRIMARY KEY (`id`);

--
-- Indexes for table `certificate_templates`
--
ALTER TABLE `certificate_templates`
  ADD PRIMARY KEY (`id`);

--
-- Indexes for table `chat_conversations`
--
ALTER TABLE `chat_conversations`
  ADD PRIMARY KEY (`id`);

--
-- Indexes for table `chat_messages`
--
ALTER TABLE `chat_messages`
  ADD PRIMARY KEY (`id`);

--
-- Indexes for table `chat_participants`
--
ALTER TABLE `chat_participants`
  ADD PRIMARY KEY (`id`);

--
-- Indexes for table `courses`
--
ALTER TABLE `courses`
  ADD PRIMARY KEY (`id`);

--
-- Indexes for table `exams`
--
ALTER TABLE `exams`
  ADD PRIMARY KEY (`exam_id`),
  ADD KEY `fk_exam_batch` (`batch_id`),
  ADD KEY `fk_exam_creator` (`created_by`);

--
-- Indexes for table `exam_enrollments`
--
ALTER TABLE `exam_enrollments`
  ADD PRIMARY KEY (`id`),
  ADD UNIQUE KEY `unique_exam_student_enrollment` (`exam_id`,`student_id`),
  ADD KEY `student_id` (`student_id`),
  ADD KEY `enrolled_by` (`enrolled_by`);

--
-- Indexes for table `exam_results`
--
ALTER TABLE `exam_results`
  ADD PRIMARY KEY (`id`),
  ADD UNIQUE KEY `unique_exam_student` (`exam_id`,`student_id`),
  ADD KEY `fk_result_student` (`student_id`),
  ADD KEY `fk_result_uploader` (`uploaded_by`);

--
-- Indexes for table `feedback`
--
ALTER TABLE `feedback`
  ADD PRIMARY KEY (`id`);

--
-- Indexes for table `login_attempts`
--
ALTER TABLE `login_attempts`
  ADD PRIMARY KEY (`id`);

--
-- Indexes for table `main_topics`
--
ALTER TABLE `main_topics`
  ADD PRIMARY KEY (`id`),
  ADD KEY `batch_name` (`batch_name`);

--
-- Indexes for table `schedule`
--
ALTER TABLE `schedule`
  ADD PRIMARY KEY (`id`);

--
-- Indexes for table `student_batch_history`
--
ALTER TABLE `student_batch_history`
  ADD PRIMARY KEY (`id`);

--
-- Indexes for table `student_documents`
--
ALTER TABLE `student_documents`
  ADD PRIMARY KEY (`document_id`);

--
-- Indexes for table `student_status_log`
--
ALTER TABLE `student_status_log`
  ADD PRIMARY KEY (`id`);

--
-- Indexes for table `sub_topics`
--
ALTER TABLE `sub_topics`
  ADD PRIMARY KEY (`id`),
  ADD KEY `main_topic_id` (`main_topic_id`);

--
-- Indexes for table `trainers`
--
ALTER TABLE `trainers`
  ADD PRIMARY KEY (`id`);

--
-- Indexes for table `trainer_documents`
--
ALTER TABLE `trainer_documents`
  ADD PRIMARY KEY (`document_id`);

--
-- Indexes for table `uploads`
--
ALTER TABLE `uploads`
  ADD PRIMARY KEY (`id`);

--
-- Indexes for table `users`
--
ALTER TABLE `users`
  ADD PRIMARY KEY (`id`);

--
-- Indexes for table `workshop_attendance`
--
ALTER TABLE `workshop_attendance`
  ADD PRIMARY KEY (`id`);

--
-- Indexes for table `workshop_feedback`
--
ALTER TABLE `workshop_feedback`
  ADD PRIMARY KEY (`id`);

--
-- Indexes for table `workshop_materials`
--
ALTER TABLE `workshop_materials`
  ADD PRIMARY KEY (`id`);

--
-- Indexes for table `workshop_registrations`
--
ALTER TABLE `workshop_registrations`
  ADD PRIMARY KEY (`id`);

--
-- Indexes for table `workshop_schedule`
--
ALTER TABLE `workshop_schedule`
  ADD PRIMARY KEY (`id`);

--
-- AUTO_INCREMENT for dumped tables
--

--
-- AUTO_INCREMENT for table `attendance`
--
ALTER TABLE `attendance`
  MODIFY `id` int(11) NOT NULL AUTO_INCREMENT, AUTO_INCREMENT=4722;

--
-- AUTO_INCREMENT for table `batch_uploads`
--
ALTER TABLE `batch_uploads`
  MODIFY `id` int(11) NOT NULL AUTO_INCREMENT, AUTO_INCREMENT=19;

--
-- AUTO_INCREMENT for table `certificate_templates`
--
ALTER TABLE `certificate_templates`
  MODIFY `id` int(11) NOT NULL AUTO_INCREMENT;

--
-- AUTO_INCREMENT for table `chat_conversations`
--
ALTER TABLE `chat_conversations`
  MODIFY `id` int(11) NOT NULL AUTO_INCREMENT, AUTO_INCREMENT=8;

--
-- AUTO_INCREMENT for table `chat_messages`
--
ALTER TABLE `chat_messages`
  MODIFY `id` int(11) NOT NULL AUTO_INCREMENT, AUTO_INCREMENT=13;

--
-- AUTO_INCREMENT for table `chat_participants`
--
ALTER TABLE `chat_participants`
  MODIFY `id` int(11) NOT NULL AUTO_INCREMENT, AUTO_INCREMENT=8;

--
-- AUTO_INCREMENT for table `courses`
--
ALTER TABLE `courses`
  MODIFY `id` int(11) NOT NULL AUTO_INCREMENT, AUTO_INCREMENT=11;

--
-- AUTO_INCREMENT for table `exam_enrollments`
--
ALTER TABLE `exam_enrollments`
  MODIFY `id` int(11) NOT NULL AUTO_INCREMENT;

--
-- AUTO_INCREMENT for table `exam_results`
--
ALTER TABLE `exam_results`
  MODIFY `id` int(11) NOT NULL AUTO_INCREMENT, AUTO_INCREMENT=207;

--
-- AUTO_INCREMENT for table `feedback`
--
ALTER TABLE `feedback`
  MODIFY `id` int(11) NOT NULL AUTO_INCREMENT, AUTO_INCREMENT=31;

--
-- AUTO_INCREMENT for table `login_attempts`
--
ALTER TABLE `login_attempts`
  MODIFY `id` int(11) NOT NULL AUTO_INCREMENT, AUTO_INCREMENT=504;

--
-- AUTO_INCREMENT for table `main_topics`
--
ALTER TABLE `main_topics`
  MODIFY `id` int(11) NOT NULL AUTO_INCREMENT, AUTO_INCREMENT=53;

--
-- AUTO_INCREMENT for table `schedule`
--
ALTER TABLE `schedule`
  MODIFY `id` int(11) NOT NULL AUTO_INCREMENT, AUTO_INCREMENT=34;

--
-- AUTO_INCREMENT for table `student_batch_history`
--
ALTER TABLE `student_batch_history`
  MODIFY `id` int(11) NOT NULL AUTO_INCREMENT, AUTO_INCREMENT=156;

--
-- AUTO_INCREMENT for table `student_documents`
--
ALTER TABLE `student_documents`
  MODIFY `document_id` int(11) NOT NULL AUTO_INCREMENT, AUTO_INCREMENT=2;

--
-- AUTO_INCREMENT for table `student_status_log`
--
ALTER TABLE `student_status_log`
  MODIFY `id` int(11) NOT NULL AUTO_INCREMENT, AUTO_INCREMENT=126;

--
-- AUTO_INCREMENT for table `sub_topics`
--
ALTER TABLE `sub_topics`
  MODIFY `id` int(11) NOT NULL AUTO_INCREMENT, AUTO_INCREMENT=119;

--
-- AUTO_INCREMENT for table `trainers`
--
ALTER TABLE `trainers`
  MODIFY `id` int(11) NOT NULL AUTO_INCREMENT, AUTO_INCREMENT=20;

--
-- AUTO_INCREMENT for table `trainer_documents`
--
ALTER TABLE `trainer_documents`
  MODIFY `document_id` int(11) NOT NULL AUTO_INCREMENT;

--
-- AUTO_INCREMENT for table `uploads`
--
ALTER TABLE `uploads`
  MODIFY `id` int(11) NOT NULL AUTO_INCREMENT, AUTO_INCREMENT=19;

--
-- AUTO_INCREMENT for table `users`
--
ALTER TABLE `users`
  MODIFY `id` int(11) NOT NULL AUTO_INCREMENT, AUTO_INCREMENT=274;

--
-- AUTO_INCREMENT for table `workshop_attendance`
--
ALTER TABLE `workshop_attendance`
  MODIFY `id` int(11) NOT NULL AUTO_INCREMENT;

--
-- AUTO_INCREMENT for table `workshop_feedback`
--
ALTER TABLE `workshop_feedback`
  MODIFY `id` int(11) NOT NULL AUTO_INCREMENT;

--
-- AUTO_INCREMENT for table `workshop_materials`
--
ALTER TABLE `workshop_materials`
  MODIFY `id` int(11) NOT NULL AUTO_INCREMENT;

--
-- AUTO_INCREMENT for table `workshop_registrations`
--
ALTER TABLE `workshop_registrations`
  MODIFY `id` int(11) NOT NULL AUTO_INCREMENT;

--
-- AUTO_INCREMENT for table `workshop_schedule`
--
ALTER TABLE `workshop_schedule`
  MODIFY `id` int(11) NOT NULL AUTO_INCREMENT;

--
-- Constraints for dumped tables
--

--
-- Constraints for table `sub_topics`
--
ALTER TABLE `sub_topics`
  ADD CONSTRAINT `fk_sub_topics_main` FOREIGN KEY (`main_topic_id`) REFERENCES `main_topics` (`id`) ON DELETE CASCADE;
COMMIT;
